This file contains any messages produced by compilers while
running configure, to aid debugging if configure makes a mistake.

It was created by PostgreSQL configure 18devel, which was
generated by GNU Autoconf 2.69.  Invocation command line was

  $ ../configure 

## --------- ##
## Platform. ##
## --------- ##

hostname = Rijuls-MacBook-Air-4.local
uname -m = arm64
uname -r = 24.0.0
uname -s = Darwin
uname -v = Darwin Kernel Version 24.0.0: Mon Aug 12 20:49:48 PDT 2024; root:xnu-11215.1.10~2/RELEASE_ARM64_T8103

/usr/bin/uname -p = arm
/bin/uname -X     = unknown

/bin/arch              = unknown
/usr/bin/arch -k       = unknown
/usr/convex/getsysinfo = unknown
/usr/bin/hostinfo      = Mach kernel version:
	 Darwin Kernel Version 24.0.0: Mon Aug 12 20:49:48 PDT 2024; root:xnu-11215.1.10~2/RELEASE_ARM64_T8103
Kernel configured for up to 8 processors.
8 processors are physically available.
8 processors are logically available.
Processor type: arm64e (ARM64E)
Processors active: 0 1 2 3 4 5 6 7
Primary memory available: 8.00 gigabytes
Default processor set: 499 tasks, 2302 threads, 8 processors
Load average: 1.50, Mach factor: 6.49
/bin/machine           = unknown
/usr/bin/oslevel       = unknown
/bin/universe          = unknown

PATH: /Users/rushilbhat/spark/bin
PATH: /Users/rushilbhat/spark/sbin
PATH: /usr/local/pgsql/bin
PATH: /Library/PostgreSQL/17/bin
PATH: /Users/rushilbhat/miniforge3/condabin
PATH: /usr/local/opt/ruby/bin
PATH: /usr/local/lib/ruby/gems/3.0.0/bin
PATH: /Users/rushilbhat/.gem/ruby/2.6.0/bin
PATH: /Users/rushilbhat/.rbenv/shims
PATH: /Applications/Sublime Text.app/Contents/SharedSupport/bin
PATH: /opt/local/bin
PATH: /opt/local/sbin
PATH: /opt/homebrew/bin
PATH: /opt/homebrew/sbin
PATH: /Library/Frameworks/Python.framework/Versions/3.10/bin
PATH: /Library/Frameworks/Python.framework/Versions/3.9/bin
PATH: /usr/local/bin
PATH: /System/Cryptexes/App/usr/bin
PATH: /usr/bin
PATH: /bin
PATH: /usr/sbin
PATH: /sbin
PATH: /var/run/com.apple.security.cryptexd/codex.system/bootstrap/usr/local/bin
PATH: /var/run/com.apple.security.cryptexd/codex.system/bootstrap/usr/bin
PATH: /var/run/com.apple.security.cryptexd/codex.system/bootstrap/usr/appleinternal/bin
PATH: /opt/X11/bin
PATH: /Library/Apple/usr/bin
PATH: /Library/TeX/texbin
PATH: /Users/rushilbhat/.cabal/bin
PATH: /Users/rushilbhat/.ghcup/bin


## ----------- ##
## Core tests. ##
## ----------- ##

configure:2896: checking build system type
configure:2910: result: aarch64-apple-darwin24.0.0
configure:2930: checking host system type
configure:2943: result: aarch64-apple-darwin24.0.0
configure:2965: checking which template to use
configure:3031: result: darwin
configure:3159: checking whether NLS is wanted
configure:3191: result: no
configure:3199: checking for default port number
configure:3224: result: 5432
configure:3678: checking for block size
configure:3712: result: 8kB
configure:3779: checking for segment size
configure:3786: result: 1GB
configure:3803: checking for WAL block size
configure:3838: result: 8kB
configure:3910: checking for gcc
configure:3926: found /usr/bin/gcc
configure:3937: result: gcc
configure:3968: checking for C compiler version
configure:3977: gcc --version >&5
Apple clang version 14.0.3 (clang-1403.0.22.14.1)
Target: arm64-apple-darwin24.0.0
Thread model: posix
InstalledDir: /Library/Developer/CommandLineTools/usr/bin
configure:3988: $? = 0
configure:3977: gcc -v >&5
Apple clang version 14.0.3 (clang-1403.0.22.14.1)
Target: arm64-apple-darwin24.0.0
Thread model: posix
InstalledDir: /Library/Developer/CommandLineTools/usr/bin
configure:3988: $? = 0
configure:3977: gcc -V >&5
clang: error: argument to '-V' is missing (expected 1 value)
clang: error: no input files
configure:3988: $? = 1
configure:3977: gcc -qversion >&5
clang: error: unknown argument '-qversion'; did you mean '--version'?
clang: error: no input files
configure:3988: $? = 1
configure:4008: checking whether the C compiler works
configure:4030: gcc    conftest.c  >&5
configure:4034: $? = 0
configure:4082: result: yes
configure:4085: checking for C compiler default output file name
configure:4087: result: a.out
configure:4093: checking for suffix of executables
configure:4100: gcc -o conftest    conftest.c  >&5
configure:4104: $? = 0
configure:4126: result: 
configure:4148: checking whether we are cross compiling
configure:4156: gcc -o conftest    conftest.c  >&5
configure:4160: $? = 0
configure:4167: ./conftest
configure:4171: $? = 0
configure:4186: result: no
configure:4191: checking for suffix of object files
configure:4213: gcc -c   conftest.c >&5
configure:4217: $? = 0
configure:4238: result: o
configure:4242: checking whether we are using the GNU C compiler
configure:4261: gcc -c   conftest.c >&5
configure:4261: $? = 0
configure:4270: result: yes
configure:4279: checking whether gcc accepts -g
configure:4299: gcc -c -g  conftest.c >&5
configure:4299: $? = 0
configure:4340: result: yes
configure:4357: checking for gcc option to accept ISO C89
configure:4420: gcc  -c -g -O2  conftest.c >&5
conftest.c:25:14: warning: a function declaration without a prototype is deprecated in all versions of C and is not supported in C2x [-Wdeprecated-non-prototype]
static char *e (p, i)
             ^
1 warning generated.
configure:4420: $? = 0
configure:4433: result: none needed
configure:4453: checking for gcc option to accept ISO C99
configure:4602: gcc  -c -g -O2  conftest.c >&5
configure:4602: $? = 0
configure:4615: result: none needed
configure:4695: checking for g++
configure:4711: found /usr/bin/g++
configure:4722: result: g++
configure:4749: checking for C++ compiler version
configure:4758: g++ --version >&5
Apple clang version 14.0.3 (clang-1403.0.22.14.1)
Target: arm64-apple-darwin24.0.0
Thread model: posix
InstalledDir: /Library/Developer/CommandLineTools/usr/bin
configure:4769: $? = 0
configure:4758: g++ -v >&5
Apple clang version 14.0.3 (clang-1403.0.22.14.1)
Target: arm64-apple-darwin24.0.0
Thread model: posix
InstalledDir: /Library/Developer/CommandLineTools/usr/bin
configure:4769: $? = 0
configure:4758: g++ -V >&5
clang: error: argument to '-V' is missing (expected 1 value)
clang: error: no input files
configure:4769: $? = 1
configure:4758: g++ -qversion >&5
clang: error: unknown argument '-qversion'; did you mean '--version'?
clang: error: no input files
configure:4769: $? = 1
configure:4773: checking whether we are using the GNU C++ compiler
configure:4792: g++ -c   conftest.cpp >&5
configure:4792: $? = 0
configure:4801: result: yes
configure:4810: checking whether g++ accepts -g
configure:4830: g++ -c -g  conftest.cpp >&5
configure:4830: $? = 0
configure:4871: result: yes
configure:4912: gcc -c -g -O2  conftest.c >&5
conftest.c:24:1: error: use of undeclared identifier 'choke'
choke me
^
1 error generated.
configure:4912: $? = 1
configure: failed program was:
| /* confdefs.h */
| #define PACKAGE_NAME "PostgreSQL"
| #define PACKAGE_TARNAME "postgresql"
| #define PACKAGE_VERSION "18devel"
| #define PACKAGE_STRING "PostgreSQL 18devel"
| #define PACKAGE_BUGREPORT "pgsql-bugs@lists.postgresql.org"
| #define PACKAGE_URL "https://www.postgresql.org/"
| #define CONFIGURE_ARGS " 'PKG_CONFIG_PATH=/opt/homebrew/opt/icu4c/lib/pkgconfig:/opt/homebrew/opt/libpq/lib/pkgconfig:'"
| #define PG_MAJORVERSION "18"
| #define PG_MAJORVERSION_NUM 18
| #define PG_MINORVERSION_NUM 0
| #define PG_VERSION "18devel"
| #define DEF_PGPORT 5432
| #define DEF_PGPORT_STR "5432"
| #define BLCKSZ 8192
| #define RELSEG_SIZE 131072
| #define XLOG_BLCKSZ 8192
| /* end confdefs.h.  */
| 
| int
| main ()
| {
| #ifndef __INTEL_COMPILER
| choke me
| #endif
|   ;
|   return 0;
| }
configure:4934: gcc -c -g -O2  conftest.c >&5
conftest.c:24:1: error: use of undeclared identifier 'choke'
choke me
^
1 error generated.
configure:4934: $? = 1
configure: failed program was:
| /* confdefs.h */
| #define PACKAGE_NAME "PostgreSQL"
| #define PACKAGE_TARNAME "postgresql"
| #define PACKAGE_VERSION "18devel"
| #define PACKAGE_STRING "PostgreSQL 18devel"
| #define PACKAGE_BUGREPORT "pgsql-bugs@lists.postgresql.org"
| #define PACKAGE_URL "https://www.postgresql.org/"
| #define CONFIGURE_ARGS " 'PKG_CONFIG_PATH=/opt/homebrew/opt/icu4c/lib/pkgconfig:/opt/homebrew/opt/libpq/lib/pkgconfig:'"
| #define PG_MAJORVERSION "18"
| #define PG_MAJORVERSION_NUM 18
| #define PG_MINORVERSION_NUM 0
| #define PG_VERSION "18devel"
| #define DEF_PGPORT 5432
| #define DEF_PGPORT_STR "5432"
| #define BLCKSZ 8192
| #define RELSEG_SIZE 131072
| #define XLOG_BLCKSZ 8192
| /* end confdefs.h.  */
| 
| int
| main ()
| {
| #ifndef __SUNPRO_C
| choke me
| #endif
|   ;
|   return 0;
| }
configure:4979: checking for gawk
configure:5009: result: no
configure:4979: checking for mawk
configure:5009: result: no
configure:4979: checking for nawk
configure:5009: result: no
configure:4979: checking for awk
configure:4995: found /usr/bin/awk
configure:5006: result: awk
configure:5312: checking whether gcc supports -Wdeclaration-after-statement, for CFLAGS
configure:5334: gcc -c -Wall -Wmissing-prototypes -Wpointer-arith -Wdeclaration-after-statement -isysroot /Library/Developer/CommandLineTools/SDKs/MacOSX13.3.sdk  conftest.c >&5
configure:5334: $? = 0
configure:5344: result: yes
configure:5360: checking whether gcc supports -Werror=vla, for CFLAGS
configure:5382: gcc -c -Wall -Wmissing-prototypes -Wpointer-arith -Wdeclaration-after-statement -Werror=vla -isysroot /Library/Developer/CommandLineTools/SDKs/MacOSX13.3.sdk  conftest.c >&5
configure:5382: $? = 0
configure:5392: result: yes
configure:5401: checking whether gcc supports -Werror=unguarded-availability-new, for CFLAGS
configure:5423: gcc -c -Wall -Wmissing-prototypes -Wpointer-arith -Wdeclaration-after-statement -Werror=vla -Werror=unguarded-availability-new -isysroot /Library/Developer/CommandLineTools/SDKs/MacOSX13.3.sdk  conftest.c >&5
configure:5423: $? = 0
configure:5433: result: yes
configure:5440: checking whether g++ supports -Werror=unguarded-availability-new, for CXXFLAGS
configure:5468: g++ -c -Wall -Wpointer-arith -Werror=unguarded-availability-new -isysroot /Library/Developer/CommandLineTools/SDKs/MacOSX13.3.sdk  conftest.cpp >&5
configure:5468: $? = 0
configure:5484: result: yes
configure:5493: checking whether gcc supports -Wendif-labels, for CFLAGS
configure:5515: gcc -c -Wall -Wmissing-prototypes -Wpointer-arith -Wdeclaration-after-statement -Werror=vla -Werror=unguarded-availability-new -Wendif-labels -isysroot /Library/Developer/CommandLineTools/SDKs/MacOSX13.3.sdk  conftest.c >&5
configure:5515: $? = 0
configure:5525: result: yes
configure:5532: checking whether g++ supports -Wendif-labels, for CXXFLAGS
configure:5560: g++ -c -Wall -Wpointer-arith -Werror=unguarded-availability-new -Wendif-labels -isysroot /Library/Developer/CommandLineTools/SDKs/MacOSX13.3.sdk  conftest.cpp >&5
configure:5560: $? = 0
configure:5576: result: yes
configure:5584: checking whether gcc supports -Wmissing-format-attribute, for CFLAGS
configure:5606: gcc -c -Wall -Wmissing-prototypes -Wpointer-arith -Wdeclaration-after-statement -Werror=vla -Werror=unguarded-availability-new -Wendif-labels -Wmissing-format-attribute -isysroot /Library/Developer/CommandLineTools/SDKs/MacOSX13.3.sdk  conftest.c >&5
configure:5606: $? = 0
configure:5616: result: yes
configure:5623: checking whether g++ supports -Wmissing-format-attribute, for CXXFLAGS
configure:5651: g++ -c -Wall -Wpointer-arith -Werror=unguarded-availability-new -Wendif-labels -Wmissing-format-attribute -isysroot /Library/Developer/CommandLineTools/SDKs/MacOSX13.3.sdk  conftest.cpp >&5
configure:5651: $? = 0
configure:5667: result: yes
configure:5675: checking whether gcc supports -Wimplicit-fallthrough=3, for CFLAGS
configure:5697: gcc -c -Wall -Wmissing-prototypes -Wpointer-arith -Wdeclaration-after-statement -Werror=vla -Werror=unguarded-availability-new -Wendif-labels -Wmissing-format-attribute -Wimplicit-fallthrough=3 -isysroot /Library/Developer/CommandLineTools/SDKs/MacOSX13.3.sdk  conftest.c >&5
warning: unknown warning option '-Wimplicit-fallthrough=3'; did you mean '-Wimplicit-fallthrough'? [-Wunknown-warning-option]
1 warning generated.
configure:5697: $? = 0
configure: failed program was:
| /* confdefs.h */
| #define PACKAGE_NAME "PostgreSQL"
| #define PACKAGE_TARNAME "postgresql"
| #define PACKAGE_VERSION "18devel"
| #define PACKAGE_STRING "PostgreSQL 18devel"
| #define PACKAGE_BUGREPORT "pgsql-bugs@lists.postgresql.org"
| #define PACKAGE_URL "https://www.postgresql.org/"
| #define CONFIGURE_ARGS " 'PKG_CONFIG_PATH=/opt/homebrew/opt/icu4c/lib/pkgconfig:/opt/homebrew/opt/libpq/lib/pkgconfig:'"
| #define PG_MAJORVERSION "18"
| #define PG_MAJORVERSION_NUM 18
| #define PG_MINORVERSION_NUM 0
| #define PG_VERSION "18devel"
| #define DEF_PGPORT 5432
| #define DEF_PGPORT_STR "5432"
| #define BLCKSZ 8192
| #define RELSEG_SIZE 131072
| #define XLOG_BLCKSZ 8192
| /* end confdefs.h.  */
| 
| int
| main ()
| {
| 
|   ;
|   return 0;
| }
configure:5707: result: no
configure:5714: checking whether g++ supports -Wimplicit-fallthrough=3, for CXXFLAGS
configure:5742: g++ -c -Wall -Wpointer-arith -Werror=unguarded-availability-new -Wendif-labels -Wmissing-format-attribute -Wimplicit-fallthrough=3 -isysroot /Library/Developer/CommandLineTools/SDKs/MacOSX13.3.sdk  conftest.cpp >&5
warning: unknown warning option '-Wimplicit-fallthrough=3'; did you mean '-Wimplicit-fallthrough'? [-Wunknown-warning-option]
1 warning generated.
configure:5742: $? = 0
configure: failed program was:
| /* confdefs.h */
| #define PACKAGE_NAME "PostgreSQL"
| #define PACKAGE_TARNAME "postgresql"
| #define PACKAGE_VERSION "18devel"
| #define PACKAGE_STRING "PostgreSQL 18devel"
| #define PACKAGE_BUGREPORT "pgsql-bugs@lists.postgresql.org"
| #define PACKAGE_URL "https://www.postgresql.org/"
| #define CONFIGURE_ARGS " 'PKG_CONFIG_PATH=/opt/homebrew/opt/icu4c/lib/pkgconfig:/opt/homebrew/opt/libpq/lib/pkgconfig:'"
| #define PG_MAJORVERSION "18"
| #define PG_MAJORVERSION_NUM 18
| #define PG_MINORVERSION_NUM 0
| #define PG_VERSION "18devel"
| #define DEF_PGPORT 5432
| #define DEF_PGPORT_STR "5432"
| #define BLCKSZ 8192
| #define RELSEG_SIZE 131072
| #define XLOG_BLCKSZ 8192
| /* end confdefs.h.  */
| 
| int
| main ()
| {
| 
|   ;
|   return 0;
| }
configure:5758: result: no
configure:5766: checking whether gcc supports -Wcast-function-type, for CFLAGS
configure:5788: gcc -c -Wall -Wmissing-prototypes -Wpointer-arith -Wdeclaration-after-statement -Werror=vla -Werror=unguarded-availability-new -Wendif-labels -Wmissing-format-attribute -Wcast-function-type -isysroot /Library/Developer/CommandLineTools/SDKs/MacOSX13.3.sdk  conftest.c >&5
configure:5788: $? = 0
configure:5798: result: yes
configure:5805: checking whether g++ supports -Wcast-function-type, for CXXFLAGS
configure:5833: g++ -c -Wall -Wpointer-arith -Werror=unguarded-availability-new -Wendif-labels -Wmissing-format-attribute -Wcast-function-type -isysroot /Library/Developer/CommandLineTools/SDKs/MacOSX13.3.sdk  conftest.cpp >&5
configure:5833: $? = 0
configure:5849: result: yes
configure:5857: checking whether gcc supports -Wshadow=compatible-local, for CFLAGS
configure:5879: gcc -c -Wall -Wmissing-prototypes -Wpointer-arith -Wdeclaration-after-statement -Werror=vla -Werror=unguarded-availability-new -Wendif-labels -Wmissing-format-attribute -Wcast-function-type -Wshadow=compatible-local -isysroot /Library/Developer/CommandLineTools/SDKs/MacOSX13.3.sdk  conftest.c >&5
warning: unknown warning option '-Wshadow=compatible-local'; did you mean '-Wshadow-uncaptured-local'? [-Wunknown-warning-option]
1 warning generated.
configure:5879: $? = 0
configure: failed program was:
| /* confdefs.h */
| #define PACKAGE_NAME "PostgreSQL"
| #define PACKAGE_TARNAME "postgresql"
| #define PACKAGE_VERSION "18devel"
| #define PACKAGE_STRING "PostgreSQL 18devel"
| #define PACKAGE_BUGREPORT "pgsql-bugs@lists.postgresql.org"
| #define PACKAGE_URL "https://www.postgresql.org/"
| #define CONFIGURE_ARGS " 'PKG_CONFIG_PATH=/opt/homebrew/opt/icu4c/lib/pkgconfig:/opt/homebrew/opt/libpq/lib/pkgconfig:'"
| #define PG_MAJORVERSION "18"
| #define PG_MAJORVERSION_NUM 18
| #define PG_MINORVERSION_NUM 0
| #define PG_VERSION "18devel"
| #define DEF_PGPORT 5432
| #define DEF_PGPORT_STR "5432"
| #define BLCKSZ 8192
| #define RELSEG_SIZE 131072
| #define XLOG_BLCKSZ 8192
| /* end confdefs.h.  */
| 
| int
| main ()
| {
| 
|   ;
|   return 0;
| }
configure:5889: result: no
configure:5896: checking whether g++ supports -Wshadow=compatible-local, for CXXFLAGS
configure:5924: g++ -c -Wall -Wpointer-arith -Werror=unguarded-availability-new -Wendif-labels -Wmissing-format-attribute -Wcast-function-type -Wshadow=compatible-local -isysroot /Library/Developer/CommandLineTools/SDKs/MacOSX13.3.sdk  conftest.cpp >&5
warning: unknown warning option '-Wshadow=compatible-local'; did you mean '-Wshadow-uncaptured-local'? [-Wunknown-warning-option]
1 warning generated.
configure:5924: $? = 0
configure: failed program was:
| /* confdefs.h */
| #define PACKAGE_NAME "PostgreSQL"
| #define PACKAGE_TARNAME "postgresql"
| #define PACKAGE_VERSION "18devel"
| #define PACKAGE_STRING "PostgreSQL 18devel"
| #define PACKAGE_BUGREPORT "pgsql-bugs@lists.postgresql.org"
| #define PACKAGE_URL "https://www.postgresql.org/"
| #define CONFIGURE_ARGS " 'PKG_CONFIG_PATH=/opt/homebrew/opt/icu4c/lib/pkgconfig:/opt/homebrew/opt/libpq/lib/pkgconfig:'"
| #define PG_MAJORVERSION "18"
| #define PG_MAJORVERSION_NUM 18
| #define PG_MINORVERSION_NUM 0
| #define PG_VERSION "18devel"
| #define DEF_PGPORT 5432
| #define DEF_PGPORT_STR "5432"
| #define BLCKSZ 8192
| #define RELSEG_SIZE 131072
| #define XLOG_BLCKSZ 8192
| /* end confdefs.h.  */
| 
| int
| main ()
| {
| 
|   ;
|   return 0;
| }
configure:5940: result: no
configure:5949: checking whether gcc supports -Wformat-security, for CFLAGS
configure:5971: gcc -c -Wall -Wmissing-prototypes -Wpointer-arith -Wdeclaration-after-statement -Werror=vla -Werror=unguarded-availability-new -Wendif-labels -Wmissing-format-attribute -Wcast-function-type -Wformat-security -isysroot /Library/Developer/CommandLineTools/SDKs/MacOSX13.3.sdk  conftest.c >&5
configure:5971: $? = 0
configure:5981: result: yes
configure:5988: checking whether g++ supports -Wformat-security, for CXXFLAGS
configure:6016: g++ -c -Wall -Wpointer-arith -Werror=unguarded-availability-new -Wendif-labels -Wmissing-format-attribute -Wcast-function-type -Wformat-security -isysroot /Library/Developer/CommandLineTools/SDKs/MacOSX13.3.sdk  conftest.cpp >&5
configure:6016: $? = 0
configure:6032: result: yes
configure:6043: checking whether gcc supports -Wmissing-variable-declarations, for CFLAGS
configure:6065: gcc -c -Wall -Wmissing-prototypes -Wpointer-arith -Wdeclaration-after-statement -Werror=vla -Werror=unguarded-availability-new -Wendif-labels -Wmissing-format-attribute -Wcast-function-type -Wformat-security -Wmissing-variable-declarations -isysroot /Library/Developer/CommandLineTools/SDKs/MacOSX13.3.sdk  conftest.c >&5
configure:6065: $? = 0
configure:6075: result: yes
configure:6089: checking whether gcc supports -fno-strict-aliasing, for CFLAGS
configure:6111: gcc -c -Wall -Wmissing-prototypes -Wpointer-arith -Wdeclaration-after-statement -Werror=vla -Werror=unguarded-availability-new -Wendif-labels -Wmissing-format-attribute -Wcast-function-type -Wformat-security -Wmissing-variable-declarations -fno-strict-aliasing -isysroot /Library/Developer/CommandLineTools/SDKs/MacOSX13.3.sdk  conftest.c >&5
configure:6111: $? = 0
configure:6121: result: yes
configure:6128: checking whether g++ supports -fno-strict-aliasing, for CXXFLAGS
configure:6156: g++ -c -Wall -Wpointer-arith -Werror=unguarded-availability-new -Wendif-labels -Wmissing-format-attribute -Wcast-function-type -Wformat-security -fno-strict-aliasing -isysroot /Library/Developer/CommandLineTools/SDKs/MacOSX13.3.sdk  conftest.cpp >&5
configure:6156: $? = 0
configure:6172: result: yes
configure:6181: checking whether gcc supports -fwrapv, for CFLAGS
configure:6203: gcc -c -Wall -Wmissing-prototypes -Wpointer-arith -Wdeclaration-after-statement -Werror=vla -Werror=unguarded-availability-new -Wendif-labels -Wmissing-format-attribute -Wcast-function-type -Wformat-security -Wmissing-variable-declarations -fno-strict-aliasing -fwrapv -isysroot /Library/Developer/CommandLineTools/SDKs/MacOSX13.3.sdk  conftest.c >&5
configure:6203: $? = 0
configure:6213: result: yes
configure:6220: checking whether g++ supports -fwrapv, for CXXFLAGS
configure:6248: g++ -c -Wall -Wpointer-arith -Werror=unguarded-availability-new -Wendif-labels -Wmissing-format-attribute -Wcast-function-type -Wformat-security -fno-strict-aliasing -fwrapv -isysroot /Library/Developer/CommandLineTools/SDKs/MacOSX13.3.sdk  conftest.cpp >&5
configure:6248: $? = 0
configure:6264: result: yes
configure:6273: checking whether gcc supports -fexcess-precision=standard, for CFLAGS
configure:6295: gcc -c -Wall -Wmissing-prototypes -Wpointer-arith -Wdeclaration-after-statement -Werror=vla -Werror=unguarded-availability-new -Wendif-labels -Wmissing-format-attribute -Wcast-function-type -Wformat-security -Wmissing-variable-declarations -fno-strict-aliasing -fwrapv -fexcess-precision=standard -isysroot /Library/Developer/CommandLineTools/SDKs/MacOSX13.3.sdk  conftest.c >&5
clang: warning: optimization flag '-fexcess-precision=standard' is not supported [-Wignored-optimization-argument]
configure:6295: $? = 0
configure: failed program was:
| /* confdefs.h */
| #define PACKAGE_NAME "PostgreSQL"
| #define PACKAGE_TARNAME "postgresql"
| #define PACKAGE_VERSION "18devel"
| #define PACKAGE_STRING "PostgreSQL 18devel"
| #define PACKAGE_BUGREPORT "pgsql-bugs@lists.postgresql.org"
| #define PACKAGE_URL "https://www.postgresql.org/"
| #define CONFIGURE_ARGS " 'PKG_CONFIG_PATH=/opt/homebrew/opt/icu4c/lib/pkgconfig:/opt/homebrew/opt/libpq/lib/pkgconfig:'"
| #define PG_MAJORVERSION "18"
| #define PG_MAJORVERSION_NUM 18
| #define PG_MINORVERSION_NUM 0
| #define PG_VERSION "18devel"
| #define DEF_PGPORT 5432
| #define DEF_PGPORT_STR "5432"
| #define BLCKSZ 8192
| #define RELSEG_SIZE 131072
| #define XLOG_BLCKSZ 8192
| /* end confdefs.h.  */
| 
| int
| main ()
| {
| 
|   ;
|   return 0;
| }
configure:6305: result: no
configure:6312: checking whether g++ supports -fexcess-precision=standard, for CXXFLAGS
configure:6340: g++ -c -Wall -Wpointer-arith -Werror=unguarded-availability-new -Wendif-labels -Wmissing-format-attribute -Wcast-function-type -Wformat-security -fno-strict-aliasing -fwrapv -fexcess-precision=standard -isysroot /Library/Developer/CommandLineTools/SDKs/MacOSX13.3.sdk  conftest.cpp >&5
clang: warning: optimization flag '-fexcess-precision=standard' is not supported [-Wignored-optimization-argument]
configure:6340: $? = 0
configure: failed program was:
| /* confdefs.h */
| #define PACKAGE_NAME "PostgreSQL"
| #define PACKAGE_TARNAME "postgresql"
| #define PACKAGE_VERSION "18devel"
| #define PACKAGE_STRING "PostgreSQL 18devel"
| #define PACKAGE_BUGREPORT "pgsql-bugs@lists.postgresql.org"
| #define PACKAGE_URL "https://www.postgresql.org/"
| #define CONFIGURE_ARGS " 'PKG_CONFIG_PATH=/opt/homebrew/opt/icu4c/lib/pkgconfig:/opt/homebrew/opt/libpq/lib/pkgconfig:'"
| #define PG_MAJORVERSION "18"
| #define PG_MAJORVERSION_NUM 18
| #define PG_MINORVERSION_NUM 0
| #define PG_VERSION "18devel"
| #define DEF_PGPORT 5432
| #define DEF_PGPORT_STR "5432"
| #define BLCKSZ 8192
| #define RELSEG_SIZE 131072
| #define XLOG_BLCKSZ 8192
| /* end confdefs.h.  */
| 
| int
| main ()
| {
| 
|   ;
|   return 0;
| }
configure:6356: result: no
configure:6364: checking whether gcc supports -funroll-loops, for CFLAGS_UNROLL_LOOPS
configure:6386: gcc -c  -funroll-loops -isysroot /Library/Developer/CommandLineTools/SDKs/MacOSX13.3.sdk  conftest.c >&5
configure:6386: $? = 0
configure:6396: result: yes
configure:6404: checking whether gcc supports -ftree-vectorize, for CFLAGS_VECTORIZE
configure:6426: gcc -c  -ftree-vectorize -isysroot /Library/Developer/CommandLineTools/SDKs/MacOSX13.3.sdk  conftest.c >&5
configure:6426: $? = 0
configure:6436: result: yes
configure:6452: checking whether gcc supports -Wunused-command-line-argument, for NOT_THE_CFLAGS
configure:6474: gcc -c  -Wunused-command-line-argument -isysroot /Library/Developer/CommandLineTools/SDKs/MacOSX13.3.sdk  conftest.c >&5
configure:6474: $? = 0
configure:6484: result: yes
configure:6497: checking whether gcc supports -Wcompound-token-split-by-macro, for NOT_THE_CFLAGS
configure:6519: gcc -c  -Wcompound-token-split-by-macro -isysroot /Library/Developer/CommandLineTools/SDKs/MacOSX13.3.sdk  conftest.c >&5
configure:6519: $? = 0
configure:6529: result: yes
configure:6541: checking whether gcc supports -Wformat-truncation, for NOT_THE_CFLAGS
configure:6563: gcc -c  -Wformat-truncation -isysroot /Library/Developer/CommandLineTools/SDKs/MacOSX13.3.sdk  conftest.c >&5
warning: unknown warning option '-Wformat-truncation' [-Wunknown-warning-option]
1 warning generated.
configure:6563: $? = 0
configure: failed program was:
| /* confdefs.h */
| #define PACKAGE_NAME "PostgreSQL"
| #define PACKAGE_TARNAME "postgresql"
| #define PACKAGE_VERSION "18devel"
| #define PACKAGE_STRING "PostgreSQL 18devel"
| #define PACKAGE_BUGREPORT "pgsql-bugs@lists.postgresql.org"
| #define PACKAGE_URL "https://www.postgresql.org/"
| #define CONFIGURE_ARGS " 'PKG_CONFIG_PATH=/opt/homebrew/opt/icu4c/lib/pkgconfig:/opt/homebrew/opt/libpq/lib/pkgconfig:'"
| #define PG_MAJORVERSION "18"
| #define PG_MAJORVERSION_NUM 18
| #define PG_MINORVERSION_NUM 0
| #define PG_VERSION "18devel"
| #define DEF_PGPORT 5432
| #define DEF_PGPORT_STR "5432"
| #define BLCKSZ 8192
| #define RELSEG_SIZE 131072
| #define XLOG_BLCKSZ 8192
| /* end confdefs.h.  */
| 
| int
| main ()
| {
| 
|   ;
|   return 0;
| }
configure:6573: result: no
configure:6584: checking whether gcc supports -Wstringop-truncation, for NOT_THE_CFLAGS
configure:6606: gcc -c  -Wstringop-truncation -isysroot /Library/Developer/CommandLineTools/SDKs/MacOSX13.3.sdk  conftest.c >&5
warning: unknown warning option '-Wstringop-truncation'; did you mean '-Wstring-concatenation'? [-Wunknown-warning-option]
1 warning generated.
configure:6606: $? = 0
configure: failed program was:
| /* confdefs.h */
| #define PACKAGE_NAME "PostgreSQL"
| #define PACKAGE_TARNAME "postgresql"
| #define PACKAGE_VERSION "18devel"
| #define PACKAGE_STRING "PostgreSQL 18devel"
| #define PACKAGE_BUGREPORT "pgsql-bugs@lists.postgresql.org"
| #define PACKAGE_URL "https://www.postgresql.org/"
| #define CONFIGURE_ARGS " 'PKG_CONFIG_PATH=/opt/homebrew/opt/icu4c/lib/pkgconfig:/opt/homebrew/opt/libpq/lib/pkgconfig:'"
| #define PG_MAJORVERSION "18"
| #define PG_MAJORVERSION_NUM 18
| #define PG_MINORVERSION_NUM 0
| #define PG_VERSION "18devel"
| #define DEF_PGPORT 5432
| #define DEF_PGPORT_STR "5432"
| #define BLCKSZ 8192
| #define RELSEG_SIZE 131072
| #define XLOG_BLCKSZ 8192
| /* end confdefs.h.  */
| 
| int
| main ()
| {
| 
|   ;
|   return 0;
| }
configure:6616: result: no
configure:6628: checking whether gcc supports -Wcast-function-type-strict, for NOT_THE_CFLAGS
configure:6650: gcc -c  -Wcast-function-type-strict -isysroot /Library/Developer/CommandLineTools/SDKs/MacOSX13.3.sdk  conftest.c >&5
warning: unknown warning option '-Wcast-function-type-strict'; did you mean '-Wcast-function-type'? [-Wunknown-warning-option]
1 warning generated.
configure:6650: $? = 0
configure: failed program was:
| /* confdefs.h */
| #define PACKAGE_NAME "PostgreSQL"
| #define PACKAGE_TARNAME "postgresql"
| #define PACKAGE_VERSION "18devel"
| #define PACKAGE_STRING "PostgreSQL 18devel"
| #define PACKAGE_BUGREPORT "pgsql-bugs@lists.postgresql.org"
| #define PACKAGE_URL "https://www.postgresql.org/"
| #define CONFIGURE_ARGS " 'PKG_CONFIG_PATH=/opt/homebrew/opt/icu4c/lib/pkgconfig:/opt/homebrew/opt/libpq/lib/pkgconfig:'"
| #define PG_MAJORVERSION "18"
| #define PG_MAJORVERSION_NUM 18
| #define PG_MINORVERSION_NUM 0
| #define PG_VERSION "18devel"
| #define DEF_PGPORT 5432
| #define DEF_PGPORT_STR "5432"
| #define BLCKSZ 8192
| #define RELSEG_SIZE 131072
| #define XLOG_BLCKSZ 8192
| /* end confdefs.h.  */
| 
| int
| main ()
| {
| 
|   ;
|   return 0;
| }
configure:6660: result: no
configure:6869: checking whether gcc supports -fvisibility=hidden, for CFLAGS_SL_MODULE
configure:6891: gcc -c  -fvisibility=hidden -isysroot /Library/Developer/CommandLineTools/SDKs/MacOSX13.3.sdk  conftest.c >&5
configure:6891: $? = 0
configure:6901: result: yes
configure:6909: checking whether g++ supports -fvisibility=hidden, for CXXFLAGS_SL_MODULE
configure:6937: g++ -c  -fvisibility=hidden -isysroot /Library/Developer/CommandLineTools/SDKs/MacOSX13.3.sdk  conftest.cpp >&5
configure:6937: $? = 0
configure:6953: result: yes
configure:6959: checking whether g++ supports -fvisibility-inlines-hidden, for CXXFLAGS_SL_MODULE
configure:6987: g++ -c  -fvisibility=hidden -fvisibility-inlines-hidden -isysroot /Library/Developer/CommandLineTools/SDKs/MacOSX13.3.sdk  conftest.cpp >&5
configure:6987: $? = 0
configure:7003: result: yes
configure:7631: checking whether the C compiler still works
configure:7644: gcc -o conftest -Wall -Wmissing-prototypes -Wpointer-arith -Wdeclaration-after-statement -Werror=vla -Werror=unguarded-availability-new -Wendif-labels -Wmissing-format-attribute -Wcast-function-type -Wformat-security -Wmissing-variable-declarations -fno-strict-aliasing -fwrapv -Wno-unused-command-line-argument -Wno-compound-token-split-by-macro -O2 -isysroot /Library/Developer/CommandLineTools/SDKs/MacOSX13.3.sdk  -isysroot /Library/Developer/CommandLineTools/SDKs/MacOSX13.3.sdk  conftest.c  >&5
configure:7644: $? = 0
configure:7645: result: yes
configure:7670: gcc -c -Wall -Wmissing-prototypes -Wpointer-arith -Wdeclaration-after-statement -Werror=vla -Werror=unguarded-availability-new -Wendif-labels -Wmissing-format-attribute -Wcast-function-type -Wformat-security -Wmissing-variable-declarations -fno-strict-aliasing -fwrapv -Wno-unused-command-line-argument -Wno-compound-token-split-by-macro -O2 -isysroot /Library/Developer/CommandLineTools/SDKs/MacOSX13.3.sdk  conftest.c >&5
configure:7670: $? = 0
configure:7703: gcc -c -Wall -Wmissing-prototypes -Wpointer-arith -Wdeclaration-after-statement -Werror=vla -Werror=unguarded-availability-new -Wendif-labels -Wmissing-format-attribute -Wcast-function-type -Wformat-security -Wmissing-variable-declarations -fno-strict-aliasing -fwrapv -Wno-unused-command-line-argument -Wno-compound-token-split-by-macro -O2 -isysroot /Library/Developer/CommandLineTools/SDKs/MacOSX13.3.sdk  conftest.c >&5
configure:7703: $? = 0
configure:7716: checking how to run the C preprocessor
configure:7747: gcc -E -isysroot /Library/Developer/CommandLineTools/SDKs/MacOSX13.3.sdk  conftest.c
configure:7747: $? = 0
configure:7761: gcc -E -isysroot /Library/Developer/CommandLineTools/SDKs/MacOSX13.3.sdk  conftest.c
conftest.c:20:10: fatal error: 'ac_nonexistent.h' file not found
#include <ac_nonexistent.h>
         ^~~~~~~~~~~~~~~~~~
1 error generated.
configure:7761: $? = 1
configure: failed program was:
| /* confdefs.h */
| #define PACKAGE_NAME "PostgreSQL"
| #define PACKAGE_TARNAME "postgresql"
| #define PACKAGE_VERSION "18devel"
| #define PACKAGE_STRING "PostgreSQL 18devel"
| #define PACKAGE_BUGREPORT "pgsql-bugs@lists.postgresql.org"
| #define PACKAGE_URL "https://www.postgresql.org/"
| #define CONFIGURE_ARGS " 'PKG_CONFIG_PATH=/opt/homebrew/opt/icu4c/lib/pkgconfig:/opt/homebrew/opt/libpq/lib/pkgconfig:'"
| #define PG_MAJORVERSION "18"
| #define PG_MAJORVERSION_NUM 18
| #define PG_MINORVERSION_NUM 0
| #define PG_VERSION "18devel"
| #define DEF_PGPORT 5432
| #define DEF_PGPORT_STR "5432"
| #define BLCKSZ 8192
| #define RELSEG_SIZE 131072
| #define XLOG_BLCKSZ 8192
| #define HAVE_VISIBILITY_ATTRIBUTE 1
| /* end confdefs.h.  */
| #include <ac_nonexistent.h>
configure:7786: result: gcc -E
configure:7806: gcc -E -isysroot /Library/Developer/CommandLineTools/SDKs/MacOSX13.3.sdk  conftest.c
configure:7806: $? = 0
configure:7820: gcc -E -isysroot /Library/Developer/CommandLineTools/SDKs/MacOSX13.3.sdk  conftest.c
conftest.c:20:10: fatal error: 'ac_nonexistent.h' file not found
#include <ac_nonexistent.h>
         ^~~~~~~~~~~~~~~~~~
1 error generated.
configure:7820: $? = 1
configure: failed program was:
| /* confdefs.h */
| #define PACKAGE_NAME "PostgreSQL"
| #define PACKAGE_TARNAME "postgresql"
| #define PACKAGE_VERSION "18devel"
| #define PACKAGE_STRING "PostgreSQL 18devel"
| #define PACKAGE_BUGREPORT "pgsql-bugs@lists.postgresql.org"
| #define PACKAGE_URL "https://www.postgresql.org/"
| #define CONFIGURE_ARGS " 'PKG_CONFIG_PATH=/opt/homebrew/opt/icu4c/lib/pkgconfig:/opt/homebrew/opt/libpq/lib/pkgconfig:'"
| #define PG_MAJORVERSION "18"
| #define PG_MAJORVERSION_NUM 18
| #define PG_MINORVERSION_NUM 0
| #define PG_VERSION "18devel"
| #define DEF_PGPORT 5432
| #define DEF_PGPORT_STR "5432"
| #define BLCKSZ 8192
| #define RELSEG_SIZE 131072
| #define XLOG_BLCKSZ 8192
| #define HAVE_VISIBILITY_ATTRIBUTE 1
| /* end confdefs.h.  */
| #include <ac_nonexistent.h>
configure:7928: checking for pkg-config
configure:7946: found /opt/homebrew/bin/pkg-config
configure:7958: result: /opt/homebrew/bin/pkg-config
configure:7983: checking pkg-config is at least version 0.9.0
configure:7986: result: yes
configure:8090: checking whether to build with ICU support
configure:8120: result: yes
configure:8127: checking for icu-uc icu-i18n
configure:8134: $PKG_CONFIG --exists --print-errors "icu-uc icu-i18n"
configure:8137: $? = 0
configure:8151: $PKG_CONFIG --exists --print-errors "icu-uc icu-i18n"
configure:8154: $? = 0
configure:8212: result: yes
configure:8221: checking whether to build with Tcl
configure:8247: result: no
configure:8279: checking whether to build Perl modules
configure:8305: result: no
configure:8312: checking whether to build Python modules
configure:8338: result: no
configure:8345: checking whether to build with GSSAPI support
configure:8376: result: no
configure:8421: checking whether to build with PAM support
configure:8449: result: no
configure:8456: checking whether to build with BSD Authentication support
configure:8484: result: no
configure:8491: checking whether to build with LDAP support
configure:8519: result: no
configure:8527: checking whether to build with Bonjour support
configure:8555: result: no
configure:8562: checking whether to build with SELinux support
configure:8589: result: no
configure:8595: checking whether to build with systemd support
configure:8624: result: no
configure:8779: checking whether to build with libcurl support
configure:8807: result: no
configure:8930: checking whether to build with XML support
configure:8958: result: no
configure:9204: checking whether to build with LZ4 support
configure:9232: result: no
configure:9345: checking whether to build with ZSTD support
configure:9373: result: no
configure:9536: checking for strip
configure:9552: found /usr/bin/strip
configure:9563: result: strip
configure:9586: checking whether it is possible to strip libraries
configure:9599: result: yes
configure:9656: checking for ar
configure:9672: found /usr/bin/ar
configure:9683: result: ar
configure:9814: checking for a BSD-compatible install
configure:9882: result: /opt/homebrew/bin/ginstall -c
configure:9907: checking for tar
configure:9925: found /usr/bin/tar
configure:9937: result: /usr/bin/tar
configure:9956: checking whether ln -s works
configure:9960: result: yes
configure:9967: checking for a thread-safe mkdir -p
configure:10006: result: /opt/homebrew/bin/gmkdir -p
configure:10021: checking for bison
configure:10039: found /usr/bin/bison
configure:10051: result: /usr/bin/bison
configure:10073: using bison (GNU Bison) 2.3
configure:10101: checking for flex
configure:10119: found /usr/bin/flex
configure:10131: result: /usr/bin/flex
configure:10155: using flex 2.6.4 Apple(flex-34)
configure:10167: checking for perl
configure:10185: found /usr/bin/perl
configure:10197: result: /usr/bin/perl
configure:10219: using perl 5.34.1
configure:10577: checking for a sed that does not truncate output
configure:10641: result: /usr/bin/sed
configure:10647: checking for grep that handles long lines and -e
configure:10705: result: /usr/bin/grep
configure:10710: checking for egrep
configure:10772: result: /usr/bin/grep -E
configure:10777: checking for ANSI C header files
configure:10797: gcc -c -Wall -Wmissing-prototypes -Wpointer-arith -Wdeclaration-after-statement -Werror=vla -Werror=unguarded-availability-new -Wendif-labels -Wmissing-format-attribute -Wcast-function-type -Wformat-security -Wmissing-variable-declarations -fno-strict-aliasing -fwrapv -Wno-unused-command-line-argument -Wno-compound-token-split-by-macro -O2 -isysroot /Library/Developer/CommandLineTools/SDKs/MacOSX13.3.sdk   conftest.c >&5
configure:10797: $? = 0
configure:10870: gcc -o conftest -Wall -Wmissing-prototypes -Wpointer-arith -Wdeclaration-after-statement -Werror=vla -Werror=unguarded-availability-new -Wendif-labels -Wmissing-format-attribute -Wcast-function-type -Wformat-security -Wmissing-variable-declarations -fno-strict-aliasing -fwrapv -Wno-unused-command-line-argument -Wno-compound-token-split-by-macro -O2 -isysroot /Library/Developer/CommandLineTools/SDKs/MacOSX13.3.sdk   -isysroot /Library/Developer/CommandLineTools/SDKs/MacOSX13.3.sdk   conftest.c  >&5
configure:10870: $? = 0
configure:10870: ./conftest
configure:10870: $? = 0
configure:10881: result: yes
configure:10894: checking for sys/types.h
configure:10894: gcc -c -Wall -Wmissing-prototypes -Wpointer-arith -Wdeclaration-after-statement -Werror=vla -Werror=unguarded-availability-new -Wendif-labels -Wmissing-format-attribute -Wcast-function-type -Wformat-security -Wmissing-variable-declarations -fno-strict-aliasing -fwrapv -Wno-unused-command-line-argument -Wno-compound-token-split-by-macro -O2 -isysroot /Library/Developer/CommandLineTools/SDKs/MacOSX13.3.sdk   conftest.c >&5
configure:10894: $? = 0
configure:10894: result: yes
configure:10894: checking for sys/stat.h
configure:10894: gcc -c -Wall -Wmissing-prototypes -Wpointer-arith -Wdeclaration-after-statement -Werror=vla -Werror=unguarded-availability-new -Wendif-labels -Wmissing-format-attribute -Wcast-function-type -Wformat-security -Wmissing-variable-declarations -fno-strict-aliasing -fwrapv -Wno-unused-command-line-argument -Wno-compound-token-split-by-macro -O2 -isysroot /Library/Developer/CommandLineTools/SDKs/MacOSX13.3.sdk   conftest.c >&5
configure:10894: $? = 0
configure:10894: result: yes
configure:10894: checking for stdlib.h
configure:10894: gcc -c -Wall -Wmissing-prototypes -Wpointer-arith -Wdeclaration-after-statement -Werror=vla -Werror=unguarded-availability-new -Wendif-labels -Wmissing-format-attribute -Wcast-function-type -Wformat-security -Wmissing-variable-declarations -fno-strict-aliasing -fwrapv -Wno-unused-command-line-argument -Wno-compound-token-split-by-macro -O2 -isysroot /Library/Developer/CommandLineTools/SDKs/MacOSX13.3.sdk   conftest.c >&5
configure:10894: $? = 0
configure:10894: result: yes
configure:10894: checking for string.h
configure:10894: gcc -c -Wall -Wmissing-prototypes -Wpointer-arith -Wdeclaration-after-statement -Werror=vla -Werror=unguarded-availability-new -Wendif-labels -Wmissing-format-attribute -Wcast-function-type -Wformat-security -Wmissing-variable-declarations -fno-strict-aliasing -fwrapv -Wno-unused-command-line-argument -Wno-compound-token-split-by-macro -O2 -isysroot /Library/Developer/CommandLineTools/SDKs/MacOSX13.3.sdk   conftest.c >&5
configure:10894: $? = 0
configure:10894: result: yes
configure:10894: checking for memory.h
configure:10894: gcc -c -Wall -Wmissing-prototypes -Wpointer-arith -Wdeclaration-after-statement -Werror=vla -Werror=unguarded-availability-new -Wendif-labels -Wmissing-format-attribute -Wcast-function-type -Wformat-security -Wmissing-variable-declarations -fno-strict-aliasing -fwrapv -Wno-unused-command-line-argument -Wno-compound-token-split-by-macro -O2 -isysroot /Library/Developer/CommandLineTools/SDKs/MacOSX13.3.sdk   conftest.c >&5
configure:10894: $? = 0
configure:10894: result: yes
configure:10894: checking for strings.h
configure:10894: gcc -c -Wall -Wmissing-prototypes -Wpointer-arith -Wdeclaration-after-statement -Werror=vla -Werror=unguarded-availability-new -Wendif-labels -Wmissing-format-attribute -Wcast-function-type -Wformat-security -Wmissing-variable-declarations -fno-strict-aliasing -fwrapv -Wno-unused-command-line-argument -Wno-compound-token-split-by-macro -O2 -isysroot /Library/Developer/CommandLineTools/SDKs/MacOSX13.3.sdk   conftest.c >&5
configure:10894: $? = 0
configure:10894: result: yes
configure:10894: checking for inttypes.h
configure:10894: gcc -c -Wall -Wmissing-prototypes -Wpointer-arith -Wdeclaration-after-statement -Werror=vla -Werror=unguarded-availability-new -Wendif-labels -Wmissing-format-attribute -Wcast-function-type -Wformat-security -Wmissing-variable-declarations -fno-strict-aliasing -fwrapv -Wno-unused-command-line-argument -Wno-compound-token-split-by-macro -O2 -isysroot /Library/Developer/CommandLineTools/SDKs/MacOSX13.3.sdk   conftest.c >&5
configure:10894: $? = 0
configure:10894: result: yes
configure:10894: checking for stdint.h
configure:10894: gcc -c -Wall -Wmissing-prototypes -Wpointer-arith -Wdeclaration-after-statement -Werror=vla -Werror=unguarded-availability-new -Wendif-labels -Wmissing-format-attribute -Wcast-function-type -Wformat-security -Wmissing-variable-declarations -fno-strict-aliasing -fwrapv -Wno-unused-command-line-argument -Wno-compound-token-split-by-macro -O2 -isysroot /Library/Developer/CommandLineTools/SDKs/MacOSX13.3.sdk   conftest.c >&5
configure:10894: $? = 0
configure:10894: result: yes
configure:10894: checking for unistd.h
configure:10894: gcc -c -Wall -Wmissing-prototypes -Wpointer-arith -Wdeclaration-after-statement -Werror=vla -Werror=unguarded-availability-new -Wendif-labels -Wmissing-format-attribute -Wcast-function-type -Wformat-security -Wmissing-variable-declarations -fno-strict-aliasing -fwrapv -Wno-unused-command-line-argument -Wno-compound-token-split-by-macro -O2 -isysroot /Library/Developer/CommandLineTools/SDKs/MacOSX13.3.sdk   conftest.c >&5
configure:10894: $? = 0
configure:10894: result: yes
configure:11091: checking whether gcc is Clang
configure:11116: result: yes
configure:11163: checking whether Clang needs flag to prevent "argument unused" warning when linking with -pthread
configure:11188: gcc -o conftest -Werror -Wunknown-warning-option  -pthread -Wall -Wmissing-prototypes -Wpointer-arith -Wdeclaration-after-statement -Werror=vla -Werror=unguarded-availability-new -Wendif-labels -Wmissing-format-attribute -Wcast-function-type -Wformat-security -Wmissing-variable-declarations -fno-strict-aliasing -fwrapv -Wno-unused-command-line-argument -Wno-compound-token-split-by-macro -O2 -isysroot /Library/Developer/CommandLineTools/SDKs/MacOSX13.3.sdk   -isysroot /Library/Developer/CommandLineTools/SDKs/MacOSX13.3.sdk   conftest.c  >&5
configure:11188: $? = 0
configure:11194: (gcc -c -Werror -Wunknown-warning-option  -pthread -Wall -Wmissing-prototypes -Wpointer-arith -Wdeclaration-after-statement -Werror=vla -Werror=unguarded-availability-new -Wendif-labels -Wmissing-format-attribute -Wcast-function-type -Wformat-security -Wmissing-variable-declarations -fno-strict-aliasing -fwrapv -Wno-unused-command-line-argument -Wno-compound-token-split-by-macro -O2 -isysroot /Library/Developer/CommandLineTools/SDKs/MacOSX13.3.sdk   conftest.c >&5) && (echo ==== >&5) && (gcc -o conftest -Werror -Wunknown-warning-option  -pthread -Wall -Wmissing-prototypes -Wpointer-arith -Wdeclaration-after-statement -Werror=vla -Werror=unguarded-availability-new -Wendif-labels -Wmissing-format-attribute -Wcast-function-type -Wformat-security -Wmissing-variable-declarations -fno-strict-aliasing -fwrapv -Wno-unused-command-line-argument -Wno-compound-token-split-by-macro -O2 -isysroot /Library/Developer/CommandLineTools/SDKs/MacOSX13.3.sdk   -isysroot /Library/Developer/CommandLineTools/SDKs/MacOSX13.3.sdk   conftest.o  >&5)
====
configure:11194: $? = 0
configure:11212: result: no
configure:11361: checking for joinable pthread attribute
configure:11379: gcc -o conftest -Wall -Wmissing-prototypes -Wpointer-arith -Wdeclaration-after-statement -Werror=vla -Werror=unguarded-availability-new -Wendif-labels -Wmissing-format-attribute -Wcast-function-type -Wformat-security -Wmissing-variable-declarations -fno-strict-aliasing -fwrapv -Wno-unused-command-line-argument -Wno-compound-token-split-by-macro -O2 -pthread -isysroot /Library/Developer/CommandLineTools/SDKs/MacOSX13.3.sdk   -isysroot /Library/Developer/CommandLineTools/SDKs/MacOSX13.3.sdk   conftest.c   >&5
configure:11379: $? = 0
configure:11387: result: PTHREAD_CREATE_JOINABLE
configure:11401: checking whether more special flags are required for pthreads
configure:11414: result: no
configure:11422: checking for PTHREAD_PRIO_INHERIT
configure:11438: gcc -o conftest -Wall -Wmissing-prototypes -Wpointer-arith -Wdeclaration-after-statement -Werror=vla -Werror=unguarded-availability-new -Wendif-labels -Wmissing-format-attribute -Wcast-function-type -Wformat-security -Wmissing-variable-declarations -fno-strict-aliasing -fwrapv -Wno-unused-command-line-argument -Wno-compound-token-split-by-macro -O2 -pthread -isysroot /Library/Developer/CommandLineTools/SDKs/MacOSX13.3.sdk   -isysroot /Library/Developer/CommandLineTools/SDKs/MacOSX13.3.sdk   conftest.c   >&5
conftest.c:37:5: warning: unused variable 'i' [-Wunused-variable]
int i = PTHREAD_PRIO_INHERIT;
    ^
1 warning generated.
configure:11438: $? = 0
configure:11447: result: yes
configure:11560: checking pthread.h usability
configure:11560: gcc -c -Wall -Wmissing-prototypes -Wpointer-arith -Wdeclaration-after-statement -Werror=vla -Werror=unguarded-availability-new -Wendif-labels -Wmissing-format-attribute -Wcast-function-type -Wformat-security -Wmissing-variable-declarations -fno-strict-aliasing -fwrapv -Wno-unused-command-line-argument -Wno-compound-token-split-by-macro -O2 -pthread -D_REENTRANT -D_THREAD_SAFE -isysroot /Library/Developer/CommandLineTools/SDKs/MacOSX13.3.sdk   conftest.c >&5
configure:11560: $? = 0
configure:11560: result: yes
configure:11560: checking pthread.h presence
configure:11560: gcc -E -isysroot /Library/Developer/CommandLineTools/SDKs/MacOSX13.3.sdk   conftest.c
configure:11560: $? = 0
configure:11560: result: yes
configure:11560: checking for pthread.h
configure:11560: result: yes
configure:11572: checking for strerror_r
configure:11572: gcc -o conftest -Wall -Wmissing-prototypes -Wpointer-arith -Wdeclaration-after-statement -Werror=vla -Werror=unguarded-availability-new -Wendif-labels -Wmissing-format-attribute -Wcast-function-type -Wformat-security -Wmissing-variable-declarations -fno-strict-aliasing -fwrapv -Wno-unused-command-line-argument -Wno-compound-token-split-by-macro -O2 -pthread -D_REENTRANT -D_THREAD_SAFE -isysroot /Library/Developer/CommandLineTools/SDKs/MacOSX13.3.sdk   -isysroot /Library/Developer/CommandLineTools/SDKs/MacOSX13.3.sdk   conftest.c   >&5
configure:11572: $? = 0
configure:11572: result: yes
configure:11583: checking whether strerror_r returns int
configure:11602: gcc -c -Wall -Wmissing-prototypes -Wpointer-arith -Wdeclaration-after-statement -Werror=vla -Werror=unguarded-availability-new -Wendif-labels -Wmissing-format-attribute -Wcast-function-type -Wformat-security -Wmissing-variable-declarations -fno-strict-aliasing -fwrapv -Wno-unused-command-line-argument -Wno-compound-token-split-by-macro -O2 -pthread -D_REENTRANT -D_THREAD_SAFE -isysroot /Library/Developer/CommandLineTools/SDKs/MacOSX13.3.sdk   conftest.c >&5
configure:11602: $? = 0
configure:11609: result: yes
configure:11643: checking for main in -lm
configure:11662: gcc -o conftest -Wall -Wmissing-prototypes -Wpointer-arith -Wdeclaration-after-statement -Werror=vla -Werror=unguarded-availability-new -Wendif-labels -Wmissing-format-attribute -Wcast-function-type -Wformat-security -Wmissing-variable-declarations -fno-strict-aliasing -fwrapv -Wno-unused-command-line-argument -Wno-compound-token-split-by-macro -O2 -isysroot /Library/Developer/CommandLineTools/SDKs/MacOSX13.3.sdk   -isysroot /Library/Developer/CommandLineTools/SDKs/MacOSX13.3.sdk   conftest.c -lm   >&5
conftest.c:41:1: warning: all paths through this function will call itself [-Winfinite-recursion]
{
^
1 warning generated.
configure:11662: $? = 0
configure:11671: result: yes
configure:11682: checking for library containing setproctitle
configure:11713: gcc -o conftest -Wall -Wmissing-prototypes -Wpointer-arith -Wdeclaration-after-statement -Werror=vla -Werror=unguarded-availability-new -Wendif-labels -Wmissing-format-attribute -Wcast-function-type -Wformat-security -Wmissing-variable-declarations -fno-strict-aliasing -fwrapv -Wno-unused-command-line-argument -Wno-compound-token-split-by-macro -O2 -isysroot /Library/Developer/CommandLineTools/SDKs/MacOSX13.3.sdk   -isysroot /Library/Developer/CommandLineTools/SDKs/MacOSX13.3.sdk   conftest.c -lm  >&5
Undefined symbols for architecture arm64:
  "_setproctitle", referenced from:
      _main in conftest-9cc760.o
ld: symbol(s) not found for architecture arm64
clang: error: linker command failed with exit code 1 (use -v to see invocation)
configure:11713: $? = 1
configure: failed program was:
| /* confdefs.h */
| #define PACKAGE_NAME "PostgreSQL"
| #define PACKAGE_TARNAME "postgresql"
| #define PACKAGE_VERSION "18devel"
| #define PACKAGE_STRING "PostgreSQL 18devel"
| #define PACKAGE_BUGREPORT "pgsql-bugs@lists.postgresql.org"
| #define PACKAGE_URL "https://www.postgresql.org/"
| #define CONFIGURE_ARGS " 'PKG_CONFIG_PATH=/opt/homebrew/opt/icu4c/lib/pkgconfig:/opt/homebrew/opt/libpq/lib/pkgconfig:'"
| #define PG_MAJORVERSION "18"
| #define PG_MAJORVERSION_NUM 18
| #define PG_MINORVERSION_NUM 0
| #define PG_VERSION "18devel"
| #define DEF_PGPORT 5432
| #define DEF_PGPORT_STR "5432"
| #define BLCKSZ 8192
| #define RELSEG_SIZE 131072
| #define XLOG_BLCKSZ 8192
| #define HAVE_VISIBILITY_ATTRIBUTE 1
| #define DLSUFFIX ".dylib"
| #define USE_ICU 1
| #define PG_KRB_SRVNAM "postgres"
| #define STDC_HEADERS 1
| #define HAVE_SYS_TYPES_H 1
| #define HAVE_SYS_STAT_H 1
| #define HAVE_STDLIB_H 1
| #define HAVE_STRING_H 1
| #define HAVE_MEMORY_H 1
| #define HAVE_STRINGS_H 1
| #define HAVE_INTTYPES_H 1
| #define HAVE_STDINT_H 1
| #define HAVE_UNISTD_H 1
| #define HAVE_PTHREAD_PRIO_INHERIT 1
| #define HAVE_PTHREAD 1
| #define HAVE_STRERROR_R 1
| #define STRERROR_R_INT 1
| #define HAVE_LIBM 1
| /* end confdefs.h.  */
| 
| /* Override any GCC internal prototype to avoid an error.
|    Use char because int might match the return type of a GCC
|    builtin and then its argument prototype would still apply.  */
| #ifdef __cplusplus
| extern "C"
| #endif
| char setproctitle ();
| int
| main ()
| {
| return setproctitle ();
|   ;
|   return 0;
| }
configure:11713: gcc -o conftest -Wall -Wmissing-prototypes -Wpointer-arith -Wdeclaration-after-statement -Werror=vla -Werror=unguarded-availability-new -Wendif-labels -Wmissing-format-attribute -Wcast-function-type -Wformat-security -Wmissing-variable-declarations -fno-strict-aliasing -fwrapv -Wno-unused-command-line-argument -Wno-compound-token-split-by-macro -O2 -isysroot /Library/Developer/CommandLineTools/SDKs/MacOSX13.3.sdk   -isysroot /Library/Developer/CommandLineTools/SDKs/MacOSX13.3.sdk   conftest.c -lutil  -lm  >&5
Undefined symbols for architecture arm64:
  "_setproctitle", referenced from:
      _main in conftest-5aec4f.o
ld: symbol(s) not found for architecture arm64
clang: error: linker command failed with exit code 1 (use -v to see invocation)
configure:11713: $? = 1
configure: failed program was:
| /* confdefs.h */
| #define PACKAGE_NAME "PostgreSQL"
| #define PACKAGE_TARNAME "postgresql"
| #define PACKAGE_VERSION "18devel"
| #define PACKAGE_STRING "PostgreSQL 18devel"
| #define PACKAGE_BUGREPORT "pgsql-bugs@lists.postgresql.org"
| #define PACKAGE_URL "https://www.postgresql.org/"
| #define CONFIGURE_ARGS " 'PKG_CONFIG_PATH=/opt/homebrew/opt/icu4c/lib/pkgconfig:/opt/homebrew/opt/libpq/lib/pkgconfig:'"
| #define PG_MAJORVERSION "18"
| #define PG_MAJORVERSION_NUM 18
| #define PG_MINORVERSION_NUM 0
| #define PG_VERSION "18devel"
| #define DEF_PGPORT 5432
| #define DEF_PGPORT_STR "5432"
| #define BLCKSZ 8192
| #define RELSEG_SIZE 131072
| #define XLOG_BLCKSZ 8192
| #define HAVE_VISIBILITY_ATTRIBUTE 1
| #define DLSUFFIX ".dylib"
| #define USE_ICU 1
| #define PG_KRB_SRVNAM "postgres"
| #define STDC_HEADERS 1
| #define HAVE_SYS_TYPES_H 1
| #define HAVE_SYS_STAT_H 1
| #define HAVE_STDLIB_H 1
| #define HAVE_STRING_H 1
| #define HAVE_MEMORY_H 1
| #define HAVE_STRINGS_H 1
| #define HAVE_INTTYPES_H 1
| #define HAVE_STDINT_H 1
| #define HAVE_UNISTD_H 1
| #define HAVE_PTHREAD_PRIO_INHERIT 1
| #define HAVE_PTHREAD 1
| #define HAVE_STRERROR_R 1
| #define STRERROR_R_INT 1
| #define HAVE_LIBM 1
| /* end confdefs.h.  */
| 
| /* Override any GCC internal prototype to avoid an error.
|    Use char because int might match the return type of a GCC
|    builtin and then its argument prototype would still apply.  */
| #ifdef __cplusplus
| extern "C"
| #endif
| char setproctitle ();
| int
| main ()
| {
| return setproctitle ();
|   ;
|   return 0;
| }
configure:11730: result: no
configure:11741: checking for library containing dlsym
configure:11772: gcc -o conftest -Wall -Wmissing-prototypes -Wpointer-arith -Wdeclaration-after-statement -Werror=vla -Werror=unguarded-availability-new -Wendif-labels -Wmissing-format-attribute -Wcast-function-type -Wformat-security -Wmissing-variable-declarations -fno-strict-aliasing -fwrapv -Wno-unused-command-line-argument -Wno-compound-token-split-by-macro -O2 -isysroot /Library/Developer/CommandLineTools/SDKs/MacOSX13.3.sdk   -isysroot /Library/Developer/CommandLineTools/SDKs/MacOSX13.3.sdk   conftest.c -lm  >&5
configure:11772: $? = 0
configure:11789: result: none required
configure:11797: checking for library containing socket
configure:11828: gcc -o conftest -Wall -Wmissing-prototypes -Wpointer-arith -Wdeclaration-after-statement -Werror=vla -Werror=unguarded-availability-new -Wendif-labels -Wmissing-format-attribute -Wcast-function-type -Wformat-security -Wmissing-variable-declarations -fno-strict-aliasing -fwrapv -Wno-unused-command-line-argument -Wno-compound-token-split-by-macro -O2 -isysroot /Library/Developer/CommandLineTools/SDKs/MacOSX13.3.sdk   -isysroot /Library/Developer/CommandLineTools/SDKs/MacOSX13.3.sdk   conftest.c -lm  >&5
configure:11828: $? = 0
configure:11845: result: none required
configure:11853: checking for library containing getopt_long
configure:11884: gcc -o conftest -Wall -Wmissing-prototypes -Wpointer-arith -Wdeclaration-after-statement -Werror=vla -Werror=unguarded-availability-new -Wendif-labels -Wmissing-format-attribute -Wcast-function-type -Wformat-security -Wmissing-variable-declarations -fno-strict-aliasing -fwrapv -Wno-unused-command-line-argument -Wno-compound-token-split-by-macro -O2 -isysroot /Library/Developer/CommandLineTools/SDKs/MacOSX13.3.sdk   -isysroot /Library/Developer/CommandLineTools/SDKs/MacOSX13.3.sdk   conftest.c -lm  >&5
configure:11884: $? = 0
configure:11901: result: none required
configure:11909: checking for library containing shm_open
configure:11940: gcc -o conftest -Wall -Wmissing-prototypes -Wpointer-arith -Wdeclaration-after-statement -Werror=vla -Werror=unguarded-availability-new -Wendif-labels -Wmissing-format-attribute -Wcast-function-type -Wformat-security -Wmissing-variable-declarations -fno-strict-aliasing -fwrapv -Wno-unused-command-line-argument -Wno-compound-token-split-by-macro -O2 -isysroot /Library/Developer/CommandLineTools/SDKs/MacOSX13.3.sdk   -isysroot /Library/Developer/CommandLineTools/SDKs/MacOSX13.3.sdk   conftest.c -lm  >&5
configure:11940: $? = 0
configure:11957: result: none required
configure:11965: checking for library containing shm_unlink
configure:11996: gcc -o conftest -Wall -Wmissing-prototypes -Wpointer-arith -Wdeclaration-after-statement -Werror=vla -Werror=unguarded-availability-new -Wendif-labels -Wmissing-format-attribute -Wcast-function-type -Wformat-security -Wmissing-variable-declarations -fno-strict-aliasing -fwrapv -Wno-unused-command-line-argument -Wno-compound-token-split-by-macro -O2 -isysroot /Library/Developer/CommandLineTools/SDKs/MacOSX13.3.sdk   -isysroot /Library/Developer/CommandLineTools/SDKs/MacOSX13.3.sdk   conftest.c -lm  >&5
configure:11996: $? = 0
configure:12013: result: none required
configure:12021: checking for library containing clock_gettime
configure:12052: gcc -o conftest -Wall -Wmissing-prototypes -Wpointer-arith -Wdeclaration-after-statement -Werror=vla -Werror=unguarded-availability-new -Wendif-labels -Wmissing-format-attribute -Wcast-function-type -Wformat-security -Wmissing-variable-declarations -fno-strict-aliasing -fwrapv -Wno-unused-command-line-argument -Wno-compound-token-split-by-macro -O2 -isysroot /Library/Developer/CommandLineTools/SDKs/MacOSX13.3.sdk   -isysroot /Library/Developer/CommandLineTools/SDKs/MacOSX13.3.sdk   conftest.c -lm  >&5
configure:12052: $? = 0
configure:12069: result: none required
configure:12078: checking for library containing shmget
configure:12109: gcc -o conftest -Wall -Wmissing-prototypes -Wpointer-arith -Wdeclaration-after-statement -Werror=vla -Werror=unguarded-availability-new -Wendif-labels -Wmissing-format-attribute -Wcast-function-type -Wformat-security -Wmissing-variable-declarations -fno-strict-aliasing -fwrapv -Wno-unused-command-line-argument -Wno-compound-token-split-by-macro -O2 -isysroot /Library/Developer/CommandLineTools/SDKs/MacOSX13.3.sdk   -isysroot /Library/Developer/CommandLineTools/SDKs/MacOSX13.3.sdk   conftest.c -lm  >&5
configure:12109: $? = 0
configure:12126: result: none required
configure:12135: checking for library containing backtrace_symbols
configure:12166: gcc -o conftest -Wall -Wmissing-prototypes -Wpointer-arith -Wdeclaration-after-statement -Werror=vla -Werror=unguarded-availability-new -Wendif-labels -Wmissing-format-attribute -Wcast-function-type -Wformat-security -Wmissing-variable-declarations -fno-strict-aliasing -fwrapv -Wno-unused-command-line-argument -Wno-compound-token-split-by-macro -O2 -isysroot /Library/Developer/CommandLineTools/SDKs/MacOSX13.3.sdk   -isysroot /Library/Developer/CommandLineTools/SDKs/MacOSX13.3.sdk   conftest.c -lm  >&5
configure:12166: $? = 0
configure:12183: result: none required
configure:12192: checking for library containing pthread_barrier_wait
configure:12223: gcc -o conftest -Wall -Wmissing-prototypes -Wpointer-arith -Wdeclaration-after-statement -Werror=vla -Werror=unguarded-availability-new -Wendif-labels -Wmissing-format-attribute -Wcast-function-type -Wformat-security -Wmissing-variable-declarations -fno-strict-aliasing -fwrapv -Wno-unused-command-line-argument -Wno-compound-token-split-by-macro -O2 -isysroot /Library/Developer/CommandLineTools/SDKs/MacOSX13.3.sdk   -isysroot /Library/Developer/CommandLineTools/SDKs/MacOSX13.3.sdk   conftest.c -lm  >&5
Undefined symbols for architecture arm64:
  "_pthread_barrier_wait", referenced from:
      _main in conftest-aa90f0.o
ld: symbol(s) not found for architecture arm64
clang: error: linker command failed with exit code 1 (use -v to see invocation)
configure:12223: $? = 1
configure: failed program was:
| /* confdefs.h */
| #define PACKAGE_NAME "PostgreSQL"
| #define PACKAGE_TARNAME "postgresql"
| #define PACKAGE_VERSION "18devel"
| #define PACKAGE_STRING "PostgreSQL 18devel"
| #define PACKAGE_BUGREPORT "pgsql-bugs@lists.postgresql.org"
| #define PACKAGE_URL "https://www.postgresql.org/"
| #define CONFIGURE_ARGS " 'PKG_CONFIG_PATH=/opt/homebrew/opt/icu4c/lib/pkgconfig:/opt/homebrew/opt/libpq/lib/pkgconfig:'"
| #define PG_MAJORVERSION "18"
| #define PG_MAJORVERSION_NUM 18
| #define PG_MINORVERSION_NUM 0
| #define PG_VERSION "18devel"
| #define DEF_PGPORT 5432
| #define DEF_PGPORT_STR "5432"
| #define BLCKSZ 8192
| #define RELSEG_SIZE 131072
| #define XLOG_BLCKSZ 8192
| #define HAVE_VISIBILITY_ATTRIBUTE 1
| #define DLSUFFIX ".dylib"
| #define USE_ICU 1
| #define PG_KRB_SRVNAM "postgres"
| #define STDC_HEADERS 1
| #define HAVE_SYS_TYPES_H 1
| #define HAVE_SYS_STAT_H 1
| #define HAVE_STDLIB_H 1
| #define HAVE_STRING_H 1
| #define HAVE_MEMORY_H 1
| #define HAVE_STRINGS_H 1
| #define HAVE_INTTYPES_H 1
| #define HAVE_STDINT_H 1
| #define HAVE_UNISTD_H 1
| #define HAVE_PTHREAD_PRIO_INHERIT 1
| #define HAVE_PTHREAD 1
| #define HAVE_STRERROR_R 1
| #define STRERROR_R_INT 1
| #define HAVE_LIBM 1
| /* end confdefs.h.  */
| 
| /* Override any GCC internal prototype to avoid an error.
|    Use char because int might match the return type of a GCC
|    builtin and then its argument prototype would still apply.  */
| #ifdef __cplusplus
| extern "C"
| #endif
| char pthread_barrier_wait ();
| int
| main ()
| {
| return pthread_barrier_wait ();
|   ;
|   return 0;
| }
configure:12223: gcc -o conftest -Wall -Wmissing-prototypes -Wpointer-arith -Wdeclaration-after-statement -Werror=vla -Werror=unguarded-availability-new -Wendif-labels -Wmissing-format-attribute -Wcast-function-type -Wformat-security -Wmissing-variable-declarations -fno-strict-aliasing -fwrapv -Wno-unused-command-line-argument -Wno-compound-token-split-by-macro -O2 -isysroot /Library/Developer/CommandLineTools/SDKs/MacOSX13.3.sdk   -isysroot /Library/Developer/CommandLineTools/SDKs/MacOSX13.3.sdk   conftest.c -lpthread  -lm  >&5
Undefined symbols for architecture arm64:
  "_pthread_barrier_wait", referenced from:
      _main in conftest-b0e42d.o
ld: symbol(s) not found for architecture arm64
clang: error: linker command failed with exit code 1 (use -v to see invocation)
configure:12223: $? = 1
configure: failed program was:
| /* confdefs.h */
| #define PACKAGE_NAME "PostgreSQL"
| #define PACKAGE_TARNAME "postgresql"
| #define PACKAGE_VERSION "18devel"
| #define PACKAGE_STRING "PostgreSQL 18devel"
| #define PACKAGE_BUGREPORT "pgsql-bugs@lists.postgresql.org"
| #define PACKAGE_URL "https://www.postgresql.org/"
| #define CONFIGURE_ARGS " 'PKG_CONFIG_PATH=/opt/homebrew/opt/icu4c/lib/pkgconfig:/opt/homebrew/opt/libpq/lib/pkgconfig:'"
| #define PG_MAJORVERSION "18"
| #define PG_MAJORVERSION_NUM 18
| #define PG_MINORVERSION_NUM 0
| #define PG_VERSION "18devel"
| #define DEF_PGPORT 5432
| #define DEF_PGPORT_STR "5432"
| #define BLCKSZ 8192
| #define RELSEG_SIZE 131072
| #define XLOG_BLCKSZ 8192
| #define HAVE_VISIBILITY_ATTRIBUTE 1
| #define DLSUFFIX ".dylib"
| #define USE_ICU 1
| #define PG_KRB_SRVNAM "postgres"
| #define STDC_HEADERS 1
| #define HAVE_SYS_TYPES_H 1
| #define HAVE_SYS_STAT_H 1
| #define HAVE_STDLIB_H 1
| #define HAVE_STRING_H 1
| #define HAVE_MEMORY_H 1
| #define HAVE_STRINGS_H 1
| #define HAVE_INTTYPES_H 1
| #define HAVE_STDINT_H 1
| #define HAVE_UNISTD_H 1
| #define HAVE_PTHREAD_PRIO_INHERIT 1
| #define HAVE_PTHREAD 1
| #define HAVE_STRERROR_R 1
| #define STRERROR_R_INT 1
| #define HAVE_LIBM 1
| /* end confdefs.h.  */
| 
| /* Override any GCC internal prototype to avoid an error.
|    Use char because int might match the return type of a GCC
|    builtin and then its argument prototype would still apply.  */
| #ifdef __cplusplus
| extern "C"
| #endif
| char pthread_barrier_wait ();
| int
| main ()
| {
| return pthread_barrier_wait ();
|   ;
|   return 0;
| }
configure:12240: result: no
configure:12252: checking for library containing readline
configure:12284: gcc -o conftest -Wall -Wmissing-prototypes -Wpointer-arith -Wdeclaration-after-statement -Werror=vla -Werror=unguarded-availability-new -Wendif-labels -Wmissing-format-attribute -Wcast-function-type -Wformat-security -Wmissing-variable-declarations -fno-strict-aliasing -fwrapv -Wno-unused-command-line-argument -Wno-compound-token-split-by-macro -O2 -isysroot /Library/Developer/CommandLineTools/SDKs/MacOSX13.3.sdk   -isysroot /Library/Developer/CommandLineTools/SDKs/MacOSX13.3.sdk   conftest.c -lreadline -lm  >&5
configure:12284: $? = 0
configure:12310: result: -lreadline
configure:12329: checking for inflate in -lz
configure:12354: gcc -o conftest -Wall -Wmissing-prototypes -Wpointer-arith -Wdeclaration-after-statement -Werror=vla -Werror=unguarded-availability-new -Wendif-labels -Wmissing-format-attribute -Wcast-function-type -Wformat-security -Wmissing-variable-declarations -fno-strict-aliasing -fwrapv -Wno-unused-command-line-argument -Wno-compound-token-split-by-macro -O2 -isysroot /Library/Developer/CommandLineTools/SDKs/MacOSX13.3.sdk   -isysroot /Library/Developer/CommandLineTools/SDKs/MacOSX13.3.sdk   conftest.c -lz  -lreadline -lm  >&5
configure:12354: $? = 0
configure:12363: result: yes
configure:13455: checking atomic.h usability
configure:13455: gcc -c -Wall -Wmissing-prototypes -Wpointer-arith -Wdeclaration-after-statement -Werror=vla -Werror=unguarded-availability-new -Wendif-labels -Wmissing-format-attribute -Wcast-function-type -Wformat-security -Wmissing-variable-declarations -fno-strict-aliasing -fwrapv -Wno-unused-command-line-argument -Wno-compound-token-split-by-macro -O2 -isysroot /Library/Developer/CommandLineTools/SDKs/MacOSX13.3.sdk   conftest.c >&5
conftest.c:73:10: fatal error: 'atomic.h' file not found
#include <atomic.h>
         ^~~~~~~~~~
1 error generated.
configure:13455: $? = 1
configure: failed program was:
| /* confdefs.h */
| #define PACKAGE_NAME "PostgreSQL"
| #define PACKAGE_TARNAME "postgresql"
| #define PACKAGE_VERSION "18devel"
| #define PACKAGE_STRING "PostgreSQL 18devel"
| #define PACKAGE_BUGREPORT "pgsql-bugs@lists.postgresql.org"
| #define PACKAGE_URL "https://www.postgresql.org/"
| #define CONFIGURE_ARGS " 'PKG_CONFIG_PATH=/opt/homebrew/opt/icu4c/lib/pkgconfig:/opt/homebrew/opt/libpq/lib/pkgconfig:'"
| #define PG_MAJORVERSION "18"
| #define PG_MAJORVERSION_NUM 18
| #define PG_MINORVERSION_NUM 0
| #define PG_VERSION "18devel"
| #define DEF_PGPORT 5432
| #define DEF_PGPORT_STR "5432"
| #define BLCKSZ 8192
| #define RELSEG_SIZE 131072
| #define XLOG_BLCKSZ 8192
| #define HAVE_VISIBILITY_ATTRIBUTE 1
| #define DLSUFFIX ".dylib"
| #define USE_ICU 1
| #define PG_KRB_SRVNAM "postgres"
| #define STDC_HEADERS 1
| #define HAVE_SYS_TYPES_H 1
| #define HAVE_SYS_STAT_H 1
| #define HAVE_STDLIB_H 1
| #define HAVE_STRING_H 1
| #define HAVE_MEMORY_H 1
| #define HAVE_STRINGS_H 1
| #define HAVE_INTTYPES_H 1
| #define HAVE_STDINT_H 1
| #define HAVE_UNISTD_H 1
| #define HAVE_PTHREAD_PRIO_INHERIT 1
| #define HAVE_PTHREAD 1
| #define HAVE_STRERROR_R 1
| #define STRERROR_R_INT 1
| #define HAVE_LIBM 1
| #define HAVE_LIBREADLINE 1
| #define HAVE_LIBZ 1
| /* end confdefs.h.  */
| #include <stdio.h>
| #ifdef HAVE_SYS_TYPES_H
| # include <sys/types.h>
| #endif
| #ifdef HAVE_SYS_STAT_H
| # include <sys/stat.h>
| #endif
| #ifdef STDC_HEADERS
| # include <stdlib.h>
| # include <stddef.h>
| #else
| # ifdef HAVE_STDLIB_H
| #  include <stdlib.h>
| # endif
| #endif
| #ifdef HAVE_STRING_H
| # if !defined STDC_HEADERS && defined HAVE_MEMORY_H
| #  include <memory.h>
| # endif
| # include <string.h>
| #endif
| #ifdef HAVE_STRINGS_H
| # include <strings.h>
| #endif
| #ifdef HAVE_INTTYPES_H
| # include <inttypes.h>
| #endif
| #ifdef HAVE_STDINT_H
| # include <stdint.h>
| #endif
| #ifdef HAVE_UNISTD_H
| # include <unistd.h>
| #endif
| #include <atomic.h>
configure:13455: result: no
configure:13455: checking atomic.h presence
configure:13455: gcc -E -isysroot /Library/Developer/CommandLineTools/SDKs/MacOSX13.3.sdk   conftest.c
conftest.c:40:10: fatal error: 'atomic.h' file not found
#include <atomic.h>
         ^~~~~~~~~~
1 error generated.
configure:13455: $? = 1
configure: failed program was:
| /* confdefs.h */
| #define PACKAGE_NAME "PostgreSQL"
| #define PACKAGE_TARNAME "postgresql"
| #define PACKAGE_VERSION "18devel"
| #define PACKAGE_STRING "PostgreSQL 18devel"
| #define PACKAGE_BUGREPORT "pgsql-bugs@lists.postgresql.org"
| #define PACKAGE_URL "https://www.postgresql.org/"
| #define CONFIGURE_ARGS " 'PKG_CONFIG_PATH=/opt/homebrew/opt/icu4c/lib/pkgconfig:/opt/homebrew/opt/libpq/lib/pkgconfig:'"
| #define PG_MAJORVERSION "18"
| #define PG_MAJORVERSION_NUM 18
| #define PG_MINORVERSION_NUM 0
| #define PG_VERSION "18devel"
| #define DEF_PGPORT 5432
| #define DEF_PGPORT_STR "5432"
| #define BLCKSZ 8192
| #define RELSEG_SIZE 131072
| #define XLOG_BLCKSZ 8192
| #define HAVE_VISIBILITY_ATTRIBUTE 1
| #define DLSUFFIX ".dylib"
| #define USE_ICU 1
| #define PG_KRB_SRVNAM "postgres"
| #define STDC_HEADERS 1
| #define HAVE_SYS_TYPES_H 1
| #define HAVE_SYS_STAT_H 1
| #define HAVE_STDLIB_H 1
| #define HAVE_STRING_H 1
| #define HAVE_MEMORY_H 1
| #define HAVE_STRINGS_H 1
| #define HAVE_INTTYPES_H 1
| #define HAVE_STDINT_H 1
| #define HAVE_UNISTD_H 1
| #define HAVE_PTHREAD_PRIO_INHERIT 1
| #define HAVE_PTHREAD 1
| #define HAVE_STRERROR_R 1
| #define STRERROR_R_INT 1
| #define HAVE_LIBM 1
| #define HAVE_LIBREADLINE 1
| #define HAVE_LIBZ 1
| /* end confdefs.h.  */
| #include <atomic.h>
configure:13455: result: no
configure:13455: checking for atomic.h
configure:13455: result: no
configure:13455: checking copyfile.h usability
configure:13455: gcc -c -Wall -Wmissing-prototypes -Wpointer-arith -Wdeclaration-after-statement -Werror=vla -Werror=unguarded-availability-new -Wendif-labels -Wmissing-format-attribute -Wcast-function-type -Wformat-security -Wmissing-variable-declarations -fno-strict-aliasing -fwrapv -Wno-unused-command-line-argument -Wno-compound-token-split-by-macro -O2 -isysroot /Library/Developer/CommandLineTools/SDKs/MacOSX13.3.sdk   conftest.c >&5
configure:13455: $? = 0
configure:13455: result: yes
configure:13455: checking copyfile.h presence
configure:13455: gcc -E -isysroot /Library/Developer/CommandLineTools/SDKs/MacOSX13.3.sdk   conftest.c
configure:13455: $? = 0
configure:13455: result: yes
configure:13455: checking for copyfile.h
configure:13455: result: yes
configure:13455: checking execinfo.h usability
configure:13455: gcc -c -Wall -Wmissing-prototypes -Wpointer-arith -Wdeclaration-after-statement -Werror=vla -Werror=unguarded-availability-new -Wendif-labels -Wmissing-format-attribute -Wcast-function-type -Wformat-security -Wmissing-variable-declarations -fno-strict-aliasing -fwrapv -Wno-unused-command-line-argument -Wno-compound-token-split-by-macro -O2 -isysroot /Library/Developer/CommandLineTools/SDKs/MacOSX13.3.sdk   conftest.c >&5
configure:13455: $? = 0
configure:13455: result: yes
configure:13455: checking execinfo.h presence
configure:13455: gcc -E -isysroot /Library/Developer/CommandLineTools/SDKs/MacOSX13.3.sdk   conftest.c
configure:13455: $? = 0
configure:13455: result: yes
configure:13455: checking for execinfo.h
configure:13455: result: yes
configure:13455: checking getopt.h usability
configure:13455: gcc -c -Wall -Wmissing-prototypes -Wpointer-arith -Wdeclaration-after-statement -Werror=vla -Werror=unguarded-availability-new -Wendif-labels -Wmissing-format-attribute -Wcast-function-type -Wformat-security -Wmissing-variable-declarations -fno-strict-aliasing -fwrapv -Wno-unused-command-line-argument -Wno-compound-token-split-by-macro -O2 -isysroot /Library/Developer/CommandLineTools/SDKs/MacOSX13.3.sdk   conftest.c >&5
configure:13455: $? = 0
configure:13455: result: yes
configure:13455: checking getopt.h presence
configure:13455: gcc -E -isysroot /Library/Developer/CommandLineTools/SDKs/MacOSX13.3.sdk   conftest.c
configure:13455: $? = 0
configure:13455: result: yes
configure:13455: checking for getopt.h
configure:13455: result: yes
configure:13455: checking ifaddrs.h usability
configure:13455: gcc -c -Wall -Wmissing-prototypes -Wpointer-arith -Wdeclaration-after-statement -Werror=vla -Werror=unguarded-availability-new -Wendif-labels -Wmissing-format-attribute -Wcast-function-type -Wformat-security -Wmissing-variable-declarations -fno-strict-aliasing -fwrapv -Wno-unused-command-line-argument -Wno-compound-token-split-by-macro -O2 -isysroot /Library/Developer/CommandLineTools/SDKs/MacOSX13.3.sdk   conftest.c >&5
configure:13455: $? = 0
configure:13455: result: yes
configure:13455: checking ifaddrs.h presence
configure:13455: gcc -E -isysroot /Library/Developer/CommandLineTools/SDKs/MacOSX13.3.sdk   conftest.c
configure:13455: $? = 0
configure:13455: result: yes
configure:13455: checking for ifaddrs.h
configure:13455: result: yes
configure:13455: checking mbarrier.h usability
configure:13455: gcc -c -Wall -Wmissing-prototypes -Wpointer-arith -Wdeclaration-after-statement -Werror=vla -Werror=unguarded-availability-new -Wendif-labels -Wmissing-format-attribute -Wcast-function-type -Wformat-security -Wmissing-variable-declarations -fno-strict-aliasing -fwrapv -Wno-unused-command-line-argument -Wno-compound-token-split-by-macro -O2 -isysroot /Library/Developer/CommandLineTools/SDKs/MacOSX13.3.sdk   conftest.c >&5
conftest.c:77:10: fatal error: 'mbarrier.h' file not found
#include <mbarrier.h>
         ^~~~~~~~~~~~
1 error generated.
configure:13455: $? = 1
configure: failed program was:
| /* confdefs.h */
| #define PACKAGE_NAME "PostgreSQL"
| #define PACKAGE_TARNAME "postgresql"
| #define PACKAGE_VERSION "18devel"
| #define PACKAGE_STRING "PostgreSQL 18devel"
| #define PACKAGE_BUGREPORT "pgsql-bugs@lists.postgresql.org"
| #define PACKAGE_URL "https://www.postgresql.org/"
| #define CONFIGURE_ARGS " 'PKG_CONFIG_PATH=/opt/homebrew/opt/icu4c/lib/pkgconfig:/opt/homebrew/opt/libpq/lib/pkgconfig:'"
| #define PG_MAJORVERSION "18"
| #define PG_MAJORVERSION_NUM 18
| #define PG_MINORVERSION_NUM 0
| #define PG_VERSION "18devel"
| #define DEF_PGPORT 5432
| #define DEF_PGPORT_STR "5432"
| #define BLCKSZ 8192
| #define RELSEG_SIZE 131072
| #define XLOG_BLCKSZ 8192
| #define HAVE_VISIBILITY_ATTRIBUTE 1
| #define DLSUFFIX ".dylib"
| #define USE_ICU 1
| #define PG_KRB_SRVNAM "postgres"
| #define STDC_HEADERS 1
| #define HAVE_SYS_TYPES_H 1
| #define HAVE_SYS_STAT_H 1
| #define HAVE_STDLIB_H 1
| #define HAVE_STRING_H 1
| #define HAVE_MEMORY_H 1
| #define HAVE_STRINGS_H 1
| #define HAVE_INTTYPES_H 1
| #define HAVE_STDINT_H 1
| #define HAVE_UNISTD_H 1
| #define HAVE_PTHREAD_PRIO_INHERIT 1
| #define HAVE_PTHREAD 1
| #define HAVE_STRERROR_R 1
| #define STRERROR_R_INT 1
| #define HAVE_LIBM 1
| #define HAVE_LIBREADLINE 1
| #define HAVE_LIBZ 1
| #define HAVE_COPYFILE_H 1
| #define HAVE_EXECINFO_H 1
| #define HAVE_GETOPT_H 1
| #define HAVE_IFADDRS_H 1
| /* end confdefs.h.  */
| #include <stdio.h>
| #ifdef HAVE_SYS_TYPES_H
| # include <sys/types.h>
| #endif
| #ifdef HAVE_SYS_STAT_H
| # include <sys/stat.h>
| #endif
| #ifdef STDC_HEADERS
| # include <stdlib.h>
| # include <stddef.h>
| #else
| # ifdef HAVE_STDLIB_H
| #  include <stdlib.h>
| # endif
| #endif
| #ifdef HAVE_STRING_H
| # if !defined STDC_HEADERS && defined HAVE_MEMORY_H
| #  include <memory.h>
| # endif
| # include <string.h>
| #endif
| #ifdef HAVE_STRINGS_H
| # include <strings.h>
| #endif
| #ifdef HAVE_INTTYPES_H
| # include <inttypes.h>
| #endif
| #ifdef HAVE_STDINT_H
| # include <stdint.h>
| #endif
| #ifdef HAVE_UNISTD_H
| # include <unistd.h>
| #endif
| #include <mbarrier.h>
configure:13455: result: no
configure:13455: checking mbarrier.h presence
configure:13455: gcc -E -isysroot /Library/Developer/CommandLineTools/SDKs/MacOSX13.3.sdk   conftest.c
conftest.c:44:10: fatal error: 'mbarrier.h' file not found
#include <mbarrier.h>
         ^~~~~~~~~~~~
1 error generated.
configure:13455: $? = 1
configure: failed program was:
| /* confdefs.h */
| #define PACKAGE_NAME "PostgreSQL"
| #define PACKAGE_TARNAME "postgresql"
| #define PACKAGE_VERSION "18devel"
| #define PACKAGE_STRING "PostgreSQL 18devel"
| #define PACKAGE_BUGREPORT "pgsql-bugs@lists.postgresql.org"
| #define PACKAGE_URL "https://www.postgresql.org/"
| #define CONFIGURE_ARGS " 'PKG_CONFIG_PATH=/opt/homebrew/opt/icu4c/lib/pkgconfig:/opt/homebrew/opt/libpq/lib/pkgconfig:'"
| #define PG_MAJORVERSION "18"
| #define PG_MAJORVERSION_NUM 18
| #define PG_MINORVERSION_NUM 0
| #define PG_VERSION "18devel"
| #define DEF_PGPORT 5432
| #define DEF_PGPORT_STR "5432"
| #define BLCKSZ 8192
| #define RELSEG_SIZE 131072
| #define XLOG_BLCKSZ 8192
| #define HAVE_VISIBILITY_ATTRIBUTE 1
| #define DLSUFFIX ".dylib"
| #define USE_ICU 1
| #define PG_KRB_SRVNAM "postgres"
| #define STDC_HEADERS 1
| #define HAVE_SYS_TYPES_H 1
| #define HAVE_SYS_STAT_H 1
| #define HAVE_STDLIB_H 1
| #define HAVE_STRING_H 1
| #define HAVE_MEMORY_H 1
| #define HAVE_STRINGS_H 1
| #define HAVE_INTTYPES_H 1
| #define HAVE_STDINT_H 1
| #define HAVE_UNISTD_H 1
| #define HAVE_PTHREAD_PRIO_INHERIT 1
| #define HAVE_PTHREAD 1
| #define HAVE_STRERROR_R 1
| #define STRERROR_R_INT 1
| #define HAVE_LIBM 1
| #define HAVE_LIBREADLINE 1
| #define HAVE_LIBZ 1
| #define HAVE_COPYFILE_H 1
| #define HAVE_EXECINFO_H 1
| #define HAVE_GETOPT_H 1
| #define HAVE_IFADDRS_H 1
| /* end confdefs.h.  */
| #include <mbarrier.h>
configure:13455: result: no
configure:13455: checking for mbarrier.h
configure:13455: result: no
configure:13455: checking sys/epoll.h usability
configure:13455: gcc -c -Wall -Wmissing-prototypes -Wpointer-arith -Wdeclaration-after-statement -Werror=vla -Werror=unguarded-availability-new -Wendif-labels -Wmissing-format-attribute -Wcast-function-type -Wformat-security -Wmissing-variable-declarations -fno-strict-aliasing -fwrapv -Wno-unused-command-line-argument -Wno-compound-token-split-by-macro -O2 -isysroot /Library/Developer/CommandLineTools/SDKs/MacOSX13.3.sdk   conftest.c >&5
conftest.c:77:10: fatal error: 'sys/epoll.h' file not found
#include <sys/epoll.h>
         ^~~~~~~~~~~~~
1 error generated.
configure:13455: $? = 1
configure: failed program was:
| /* confdefs.h */
| #define PACKAGE_NAME "PostgreSQL"
| #define PACKAGE_TARNAME "postgresql"
| #define PACKAGE_VERSION "18devel"
| #define PACKAGE_STRING "PostgreSQL 18devel"
| #define PACKAGE_BUGREPORT "pgsql-bugs@lists.postgresql.org"
| #define PACKAGE_URL "https://www.postgresql.org/"
| #define CONFIGURE_ARGS " 'PKG_CONFIG_PATH=/opt/homebrew/opt/icu4c/lib/pkgconfig:/opt/homebrew/opt/libpq/lib/pkgconfig:'"
| #define PG_MAJORVERSION "18"
| #define PG_MAJORVERSION_NUM 18
| #define PG_MINORVERSION_NUM 0
| #define PG_VERSION "18devel"
| #define DEF_PGPORT 5432
| #define DEF_PGPORT_STR "5432"
| #define BLCKSZ 8192
| #define RELSEG_SIZE 131072
| #define XLOG_BLCKSZ 8192
| #define HAVE_VISIBILITY_ATTRIBUTE 1
| #define DLSUFFIX ".dylib"
| #define USE_ICU 1
| #define PG_KRB_SRVNAM "postgres"
| #define STDC_HEADERS 1
| #define HAVE_SYS_TYPES_H 1
| #define HAVE_SYS_STAT_H 1
| #define HAVE_STDLIB_H 1
| #define HAVE_STRING_H 1
| #define HAVE_MEMORY_H 1
| #define HAVE_STRINGS_H 1
| #define HAVE_INTTYPES_H 1
| #define HAVE_STDINT_H 1
| #define HAVE_UNISTD_H 1
| #define HAVE_PTHREAD_PRIO_INHERIT 1
| #define HAVE_PTHREAD 1
| #define HAVE_STRERROR_R 1
| #define STRERROR_R_INT 1
| #define HAVE_LIBM 1
| #define HAVE_LIBREADLINE 1
| #define HAVE_LIBZ 1
| #define HAVE_COPYFILE_H 1
| #define HAVE_EXECINFO_H 1
| #define HAVE_GETOPT_H 1
| #define HAVE_IFADDRS_H 1
| /* end confdefs.h.  */
| #include <stdio.h>
| #ifdef HAVE_SYS_TYPES_H
| # include <sys/types.h>
| #endif
| #ifdef HAVE_SYS_STAT_H
| # include <sys/stat.h>
| #endif
| #ifdef STDC_HEADERS
| # include <stdlib.h>
| # include <stddef.h>
| #else
| # ifdef HAVE_STDLIB_H
| #  include <stdlib.h>
| # endif
| #endif
| #ifdef HAVE_STRING_H
| # if !defined STDC_HEADERS && defined HAVE_MEMORY_H
| #  include <memory.h>
| # endif
| # include <string.h>
| #endif
| #ifdef HAVE_STRINGS_H
| # include <strings.h>
| #endif
| #ifdef HAVE_INTTYPES_H
| # include <inttypes.h>
| #endif
| #ifdef HAVE_STDINT_H
| # include <stdint.h>
| #endif
| #ifdef HAVE_UNISTD_H
| # include <unistd.h>
| #endif
| #include <sys/epoll.h>
configure:13455: result: no
configure:13455: checking sys/epoll.h presence
configure:13455: gcc -E -isysroot /Library/Developer/CommandLineTools/SDKs/MacOSX13.3.sdk   conftest.c
conftest.c:44:10: fatal error: 'sys/epoll.h' file not found
#include <sys/epoll.h>
         ^~~~~~~~~~~~~
1 error generated.
configure:13455: $? = 1
configure: failed program was:
| /* confdefs.h */
| #define PACKAGE_NAME "PostgreSQL"
| #define PACKAGE_TARNAME "postgresql"
| #define PACKAGE_VERSION "18devel"
| #define PACKAGE_STRING "PostgreSQL 18devel"
| #define PACKAGE_BUGREPORT "pgsql-bugs@lists.postgresql.org"
| #define PACKAGE_URL "https://www.postgresql.org/"
| #define CONFIGURE_ARGS " 'PKG_CONFIG_PATH=/opt/homebrew/opt/icu4c/lib/pkgconfig:/opt/homebrew/opt/libpq/lib/pkgconfig:'"
| #define PG_MAJORVERSION "18"
| #define PG_MAJORVERSION_NUM 18
| #define PG_MINORVERSION_NUM 0
| #define PG_VERSION "18devel"
| #define DEF_PGPORT 5432
| #define DEF_PGPORT_STR "5432"
| #define BLCKSZ 8192
| #define RELSEG_SIZE 131072
| #define XLOG_BLCKSZ 8192
| #define HAVE_VISIBILITY_ATTRIBUTE 1
| #define DLSUFFIX ".dylib"
| #define USE_ICU 1
| #define PG_KRB_SRVNAM "postgres"
| #define STDC_HEADERS 1
| #define HAVE_SYS_TYPES_H 1
| #define HAVE_SYS_STAT_H 1
| #define HAVE_STDLIB_H 1
| #define HAVE_STRING_H 1
| #define HAVE_MEMORY_H 1
| #define HAVE_STRINGS_H 1
| #define HAVE_INTTYPES_H 1
| #define HAVE_STDINT_H 1
| #define HAVE_UNISTD_H 1
| #define HAVE_PTHREAD_PRIO_INHERIT 1
| #define HAVE_PTHREAD 1
| #define HAVE_STRERROR_R 1
| #define STRERROR_R_INT 1
| #define HAVE_LIBM 1
| #define HAVE_LIBREADLINE 1
| #define HAVE_LIBZ 1
| #define HAVE_COPYFILE_H 1
| #define HAVE_EXECINFO_H 1
| #define HAVE_GETOPT_H 1
| #define HAVE_IFADDRS_H 1
| /* end confdefs.h.  */
| #include <sys/epoll.h>
configure:13455: result: no
configure:13455: checking for sys/epoll.h
configure:13455: result: no
configure:13455: checking sys/event.h usability
configure:13455: gcc -c -Wall -Wmissing-prototypes -Wpointer-arith -Wdeclaration-after-statement -Werror=vla -Werror=unguarded-availability-new -Wendif-labels -Wmissing-format-attribute -Wcast-function-type -Wformat-security -Wmissing-variable-declarations -fno-strict-aliasing -fwrapv -Wno-unused-command-line-argument -Wno-compound-token-split-by-macro -O2 -isysroot /Library/Developer/CommandLineTools/SDKs/MacOSX13.3.sdk   conftest.c >&5
configure:13455: $? = 0
configure:13455: result: yes
configure:13455: checking sys/event.h presence
configure:13455: gcc -E -isysroot /Library/Developer/CommandLineTools/SDKs/MacOSX13.3.sdk   conftest.c
configure:13455: $? = 0
configure:13455: result: yes
configure:13455: checking for sys/event.h
configure:13455: result: yes
configure:13455: checking sys/personality.h usability
configure:13455: gcc -c -Wall -Wmissing-prototypes -Wpointer-arith -Wdeclaration-after-statement -Werror=vla -Werror=unguarded-availability-new -Wendif-labels -Wmissing-format-attribute -Wcast-function-type -Wformat-security -Wmissing-variable-declarations -fno-strict-aliasing -fwrapv -Wno-unused-command-line-argument -Wno-compound-token-split-by-macro -O2 -isysroot /Library/Developer/CommandLineTools/SDKs/MacOSX13.3.sdk   conftest.c >&5
conftest.c:78:10: fatal error: 'sys/personality.h' file not found
#include <sys/personality.h>
         ^~~~~~~~~~~~~~~~~~~
1 error generated.
configure:13455: $? = 1
configure: failed program was:
| /* confdefs.h */
| #define PACKAGE_NAME "PostgreSQL"
| #define PACKAGE_TARNAME "postgresql"
| #define PACKAGE_VERSION "18devel"
| #define PACKAGE_STRING "PostgreSQL 18devel"
| #define PACKAGE_BUGREPORT "pgsql-bugs@lists.postgresql.org"
| #define PACKAGE_URL "https://www.postgresql.org/"
| #define CONFIGURE_ARGS " 'PKG_CONFIG_PATH=/opt/homebrew/opt/icu4c/lib/pkgconfig:/opt/homebrew/opt/libpq/lib/pkgconfig:'"
| #define PG_MAJORVERSION "18"
| #define PG_MAJORVERSION_NUM 18
| #define PG_MINORVERSION_NUM 0
| #define PG_VERSION "18devel"
| #define DEF_PGPORT 5432
| #define DEF_PGPORT_STR "5432"
| #define BLCKSZ 8192
| #define RELSEG_SIZE 131072
| #define XLOG_BLCKSZ 8192
| #define HAVE_VISIBILITY_ATTRIBUTE 1
| #define DLSUFFIX ".dylib"
| #define USE_ICU 1
| #define PG_KRB_SRVNAM "postgres"
| #define STDC_HEADERS 1
| #define HAVE_SYS_TYPES_H 1
| #define HAVE_SYS_STAT_H 1
| #define HAVE_STDLIB_H 1
| #define HAVE_STRING_H 1
| #define HAVE_MEMORY_H 1
| #define HAVE_STRINGS_H 1
| #define HAVE_INTTYPES_H 1
| #define HAVE_STDINT_H 1
| #define HAVE_UNISTD_H 1
| #define HAVE_PTHREAD_PRIO_INHERIT 1
| #define HAVE_PTHREAD 1
| #define HAVE_STRERROR_R 1
| #define STRERROR_R_INT 1
| #define HAVE_LIBM 1
| #define HAVE_LIBREADLINE 1
| #define HAVE_LIBZ 1
| #define HAVE_COPYFILE_H 1
| #define HAVE_EXECINFO_H 1
| #define HAVE_GETOPT_H 1
| #define HAVE_IFADDRS_H 1
| #define HAVE_SYS_EVENT_H 1
| /* end confdefs.h.  */
| #include <stdio.h>
| #ifdef HAVE_SYS_TYPES_H
| # include <sys/types.h>
| #endif
| #ifdef HAVE_SYS_STAT_H
| # include <sys/stat.h>
| #endif
| #ifdef STDC_HEADERS
| # include <stdlib.h>
| # include <stddef.h>
| #else
| # ifdef HAVE_STDLIB_H
| #  include <stdlib.h>
| # endif
| #endif
| #ifdef HAVE_STRING_H
| # if !defined STDC_HEADERS && defined HAVE_MEMORY_H
| #  include <memory.h>
| # endif
| # include <string.h>
| #endif
| #ifdef HAVE_STRINGS_H
| # include <strings.h>
| #endif
| #ifdef HAVE_INTTYPES_H
| # include <inttypes.h>
| #endif
| #ifdef HAVE_STDINT_H
| # include <stdint.h>
| #endif
| #ifdef HAVE_UNISTD_H
| # include <unistd.h>
| #endif
| #include <sys/personality.h>
configure:13455: result: no
configure:13455: checking sys/personality.h presence
configure:13455: gcc -E -isysroot /Library/Developer/CommandLineTools/SDKs/MacOSX13.3.sdk   conftest.c
conftest.c:45:10: fatal error: 'sys/personality.h' file not found
#include <sys/personality.h>
         ^~~~~~~~~~~~~~~~~~~
1 error generated.
configure:13455: $? = 1
configure: failed program was:
| /* confdefs.h */
| #define PACKAGE_NAME "PostgreSQL"
| #define PACKAGE_TARNAME "postgresql"
| #define PACKAGE_VERSION "18devel"
| #define PACKAGE_STRING "PostgreSQL 18devel"
| #define PACKAGE_BUGREPORT "pgsql-bugs@lists.postgresql.org"
| #define PACKAGE_URL "https://www.postgresql.org/"
| #define CONFIGURE_ARGS " 'PKG_CONFIG_PATH=/opt/homebrew/opt/icu4c/lib/pkgconfig:/opt/homebrew/opt/libpq/lib/pkgconfig:'"
| #define PG_MAJORVERSION "18"
| #define PG_MAJORVERSION_NUM 18
| #define PG_MINORVERSION_NUM 0
| #define PG_VERSION "18devel"
| #define DEF_PGPORT 5432
| #define DEF_PGPORT_STR "5432"
| #define BLCKSZ 8192
| #define RELSEG_SIZE 131072
| #define XLOG_BLCKSZ 8192
| #define HAVE_VISIBILITY_ATTRIBUTE 1
| #define DLSUFFIX ".dylib"
| #define USE_ICU 1
| #define PG_KRB_SRVNAM "postgres"
| #define STDC_HEADERS 1
| #define HAVE_SYS_TYPES_H 1
| #define HAVE_SYS_STAT_H 1
| #define HAVE_STDLIB_H 1
| #define HAVE_STRING_H 1
| #define HAVE_MEMORY_H 1
| #define HAVE_STRINGS_H 1
| #define HAVE_INTTYPES_H 1
| #define HAVE_STDINT_H 1
| #define HAVE_UNISTD_H 1
| #define HAVE_PTHREAD_PRIO_INHERIT 1
| #define HAVE_PTHREAD 1
| #define HAVE_STRERROR_R 1
| #define STRERROR_R_INT 1
| #define HAVE_LIBM 1
| #define HAVE_LIBREADLINE 1
| #define HAVE_LIBZ 1
| #define HAVE_COPYFILE_H 1
| #define HAVE_EXECINFO_H 1
| #define HAVE_GETOPT_H 1
| #define HAVE_IFADDRS_H 1
| #define HAVE_SYS_EVENT_H 1
| /* end confdefs.h.  */
| #include <sys/personality.h>
configure:13455: result: no
configure:13455: checking for sys/personality.h
configure:13455: result: no
configure:13455: checking sys/prctl.h usability
configure:13455: gcc -c -Wall -Wmissing-prototypes -Wpointer-arith -Wdeclaration-after-statement -Werror=vla -Werror=unguarded-availability-new -Wendif-labels -Wmissing-format-attribute -Wcast-function-type -Wformat-security -Wmissing-variable-declarations -fno-strict-aliasing -fwrapv -Wno-unused-command-line-argument -Wno-compound-token-split-by-macro -O2 -isysroot /Library/Developer/CommandLineTools/SDKs/MacOSX13.3.sdk   conftest.c >&5
conftest.c:78:10: fatal error: 'sys/prctl.h' file not found
#include <sys/prctl.h>
         ^~~~~~~~~~~~~
1 error generated.
configure:13455: $? = 1
configure: failed program was:
| /* confdefs.h */
| #define PACKAGE_NAME "PostgreSQL"
| #define PACKAGE_TARNAME "postgresql"
| #define PACKAGE_VERSION "18devel"
| #define PACKAGE_STRING "PostgreSQL 18devel"
| #define PACKAGE_BUGREPORT "pgsql-bugs@lists.postgresql.org"
| #define PACKAGE_URL "https://www.postgresql.org/"
| #define CONFIGURE_ARGS " 'PKG_CONFIG_PATH=/opt/homebrew/opt/icu4c/lib/pkgconfig:/opt/homebrew/opt/libpq/lib/pkgconfig:'"
| #define PG_MAJORVERSION "18"
| #define PG_MAJORVERSION_NUM 18
| #define PG_MINORVERSION_NUM 0
| #define PG_VERSION "18devel"
| #define DEF_PGPORT 5432
| #define DEF_PGPORT_STR "5432"
| #define BLCKSZ 8192
| #define RELSEG_SIZE 131072
| #define XLOG_BLCKSZ 8192
| #define HAVE_VISIBILITY_ATTRIBUTE 1
| #define DLSUFFIX ".dylib"
| #define USE_ICU 1
| #define PG_KRB_SRVNAM "postgres"
| #define STDC_HEADERS 1
| #define HAVE_SYS_TYPES_H 1
| #define HAVE_SYS_STAT_H 1
| #define HAVE_STDLIB_H 1
| #define HAVE_STRING_H 1
| #define HAVE_MEMORY_H 1
| #define HAVE_STRINGS_H 1
| #define HAVE_INTTYPES_H 1
| #define HAVE_STDINT_H 1
| #define HAVE_UNISTD_H 1
| #define HAVE_PTHREAD_PRIO_INHERIT 1
| #define HAVE_PTHREAD 1
| #define HAVE_STRERROR_R 1
| #define STRERROR_R_INT 1
| #define HAVE_LIBM 1
| #define HAVE_LIBREADLINE 1
| #define HAVE_LIBZ 1
| #define HAVE_COPYFILE_H 1
| #define HAVE_EXECINFO_H 1
| #define HAVE_GETOPT_H 1
| #define HAVE_IFADDRS_H 1
| #define HAVE_SYS_EVENT_H 1
| /* end confdefs.h.  */
| #include <stdio.h>
| #ifdef HAVE_SYS_TYPES_H
| # include <sys/types.h>
| #endif
| #ifdef HAVE_SYS_STAT_H
| # include <sys/stat.h>
| #endif
| #ifdef STDC_HEADERS
| # include <stdlib.h>
| # include <stddef.h>
| #else
| # ifdef HAVE_STDLIB_H
| #  include <stdlib.h>
| # endif
| #endif
| #ifdef HAVE_STRING_H
| # if !defined STDC_HEADERS && defined HAVE_MEMORY_H
| #  include <memory.h>
| # endif
| # include <string.h>
| #endif
| #ifdef HAVE_STRINGS_H
| # include <strings.h>
| #endif
| #ifdef HAVE_INTTYPES_H
| # include <inttypes.h>
| #endif
| #ifdef HAVE_STDINT_H
| # include <stdint.h>
| #endif
| #ifdef HAVE_UNISTD_H
| # include <unistd.h>
| #endif
| #include <sys/prctl.h>
configure:13455: result: no
configure:13455: checking sys/prctl.h presence
configure:13455: gcc -E -isysroot /Library/Developer/CommandLineTools/SDKs/MacOSX13.3.sdk   conftest.c
conftest.c:45:10: fatal error: 'sys/prctl.h' file not found
#include <sys/prctl.h>
         ^~~~~~~~~~~~~
1 error generated.
configure:13455: $? = 1
configure: failed program was:
| /* confdefs.h */
| #define PACKAGE_NAME "PostgreSQL"
| #define PACKAGE_TARNAME "postgresql"
| #define PACKAGE_VERSION "18devel"
| #define PACKAGE_STRING "PostgreSQL 18devel"
| #define PACKAGE_BUGREPORT "pgsql-bugs@lists.postgresql.org"
| #define PACKAGE_URL "https://www.postgresql.org/"
| #define CONFIGURE_ARGS " 'PKG_CONFIG_PATH=/opt/homebrew/opt/icu4c/lib/pkgconfig:/opt/homebrew/opt/libpq/lib/pkgconfig:'"
| #define PG_MAJORVERSION "18"
| #define PG_MAJORVERSION_NUM 18
| #define PG_MINORVERSION_NUM 0
| #define PG_VERSION "18devel"
| #define DEF_PGPORT 5432
| #define DEF_PGPORT_STR "5432"
| #define BLCKSZ 8192
| #define RELSEG_SIZE 131072
| #define XLOG_BLCKSZ 8192
| #define HAVE_VISIBILITY_ATTRIBUTE 1
| #define DLSUFFIX ".dylib"
| #define USE_ICU 1
| #define PG_KRB_SRVNAM "postgres"
| #define STDC_HEADERS 1
| #define HAVE_SYS_TYPES_H 1
| #define HAVE_SYS_STAT_H 1
| #define HAVE_STDLIB_H 1
| #define HAVE_STRING_H 1
| #define HAVE_MEMORY_H 1
| #define HAVE_STRINGS_H 1
| #define HAVE_INTTYPES_H 1
| #define HAVE_STDINT_H 1
| #define HAVE_UNISTD_H 1
| #define HAVE_PTHREAD_PRIO_INHERIT 1
| #define HAVE_PTHREAD 1
| #define HAVE_STRERROR_R 1
| #define STRERROR_R_INT 1
| #define HAVE_LIBM 1
| #define HAVE_LIBREADLINE 1
| #define HAVE_LIBZ 1
| #define HAVE_COPYFILE_H 1
| #define HAVE_EXECINFO_H 1
| #define HAVE_GETOPT_H 1
| #define HAVE_IFADDRS_H 1
| #define HAVE_SYS_EVENT_H 1
| /* end confdefs.h.  */
| #include <sys/prctl.h>
configure:13455: result: no
configure:13455: checking for sys/prctl.h
configure:13455: result: no
configure:13455: checking sys/procctl.h usability
configure:13455: gcc -c -Wall -Wmissing-prototypes -Wpointer-arith -Wdeclaration-after-statement -Werror=vla -Werror=unguarded-availability-new -Wendif-labels -Wmissing-format-attribute -Wcast-function-type -Wformat-security -Wmissing-variable-declarations -fno-strict-aliasing -fwrapv -Wno-unused-command-line-argument -Wno-compound-token-split-by-macro -O2 -isysroot /Library/Developer/CommandLineTools/SDKs/MacOSX13.3.sdk   conftest.c >&5
conftest.c:78:10: fatal error: 'sys/procctl.h' file not found
#include <sys/procctl.h>
         ^~~~~~~~~~~~~~~
1 error generated.
configure:13455: $? = 1
configure: failed program was:
| /* confdefs.h */
| #define PACKAGE_NAME "PostgreSQL"
| #define PACKAGE_TARNAME "postgresql"
| #define PACKAGE_VERSION "18devel"
| #define PACKAGE_STRING "PostgreSQL 18devel"
| #define PACKAGE_BUGREPORT "pgsql-bugs@lists.postgresql.org"
| #define PACKAGE_URL "https://www.postgresql.org/"
| #define CONFIGURE_ARGS " 'PKG_CONFIG_PATH=/opt/homebrew/opt/icu4c/lib/pkgconfig:/opt/homebrew/opt/libpq/lib/pkgconfig:'"
| #define PG_MAJORVERSION "18"
| #define PG_MAJORVERSION_NUM 18
| #define PG_MINORVERSION_NUM 0
| #define PG_VERSION "18devel"
| #define DEF_PGPORT 5432
| #define DEF_PGPORT_STR "5432"
| #define BLCKSZ 8192
| #define RELSEG_SIZE 131072
| #define XLOG_BLCKSZ 8192
| #define HAVE_VISIBILITY_ATTRIBUTE 1
| #define DLSUFFIX ".dylib"
| #define USE_ICU 1
| #define PG_KRB_SRVNAM "postgres"
| #define STDC_HEADERS 1
| #define HAVE_SYS_TYPES_H 1
| #define HAVE_SYS_STAT_H 1
| #define HAVE_STDLIB_H 1
| #define HAVE_STRING_H 1
| #define HAVE_MEMORY_H 1
| #define HAVE_STRINGS_H 1
| #define HAVE_INTTYPES_H 1
| #define HAVE_STDINT_H 1
| #define HAVE_UNISTD_H 1
| #define HAVE_PTHREAD_PRIO_INHERIT 1
| #define HAVE_PTHREAD 1
| #define HAVE_STRERROR_R 1
| #define STRERROR_R_INT 1
| #define HAVE_LIBM 1
| #define HAVE_LIBREADLINE 1
| #define HAVE_LIBZ 1
| #define HAVE_COPYFILE_H 1
| #define HAVE_EXECINFO_H 1
| #define HAVE_GETOPT_H 1
| #define HAVE_IFADDRS_H 1
| #define HAVE_SYS_EVENT_H 1
| /* end confdefs.h.  */
| #include <stdio.h>
| #ifdef HAVE_SYS_TYPES_H
| # include <sys/types.h>
| #endif
| #ifdef HAVE_SYS_STAT_H
| # include <sys/stat.h>
| #endif
| #ifdef STDC_HEADERS
| # include <stdlib.h>
| # include <stddef.h>
| #else
| # ifdef HAVE_STDLIB_H
| #  include <stdlib.h>
| # endif
| #endif
| #ifdef HAVE_STRING_H
| # if !defined STDC_HEADERS && defined HAVE_MEMORY_H
| #  include <memory.h>
| # endif
| # include <string.h>
| #endif
| #ifdef HAVE_STRINGS_H
| # include <strings.h>
| #endif
| #ifdef HAVE_INTTYPES_H
| # include <inttypes.h>
| #endif
| #ifdef HAVE_STDINT_H
| # include <stdint.h>
| #endif
| #ifdef HAVE_UNISTD_H
| # include <unistd.h>
| #endif
| #include <sys/procctl.h>
configure:13455: result: no
configure:13455: checking sys/procctl.h presence
configure:13455: gcc -E -isysroot /Library/Developer/CommandLineTools/SDKs/MacOSX13.3.sdk   conftest.c
conftest.c:45:10: fatal error: 'sys/procctl.h' file not found
#include <sys/procctl.h>
         ^~~~~~~~~~~~~~~
1 error generated.
configure:13455: $? = 1
configure: failed program was:
| /* confdefs.h */
| #define PACKAGE_NAME "PostgreSQL"
| #define PACKAGE_TARNAME "postgresql"
| #define PACKAGE_VERSION "18devel"
| #define PACKAGE_STRING "PostgreSQL 18devel"
| #define PACKAGE_BUGREPORT "pgsql-bugs@lists.postgresql.org"
| #define PACKAGE_URL "https://www.postgresql.org/"
| #define CONFIGURE_ARGS " 'PKG_CONFIG_PATH=/opt/homebrew/opt/icu4c/lib/pkgconfig:/opt/homebrew/opt/libpq/lib/pkgconfig:'"
| #define PG_MAJORVERSION "18"
| #define PG_MAJORVERSION_NUM 18
| #define PG_MINORVERSION_NUM 0
| #define PG_VERSION "18devel"
| #define DEF_PGPORT 5432
| #define DEF_PGPORT_STR "5432"
| #define BLCKSZ 8192
| #define RELSEG_SIZE 131072
| #define XLOG_BLCKSZ 8192
| #define HAVE_VISIBILITY_ATTRIBUTE 1
| #define DLSUFFIX ".dylib"
| #define USE_ICU 1
| #define PG_KRB_SRVNAM "postgres"
| #define STDC_HEADERS 1
| #define HAVE_SYS_TYPES_H 1
| #define HAVE_SYS_STAT_H 1
| #define HAVE_STDLIB_H 1
| #define HAVE_STRING_H 1
| #define HAVE_MEMORY_H 1
| #define HAVE_STRINGS_H 1
| #define HAVE_INTTYPES_H 1
| #define HAVE_STDINT_H 1
| #define HAVE_UNISTD_H 1
| #define HAVE_PTHREAD_PRIO_INHERIT 1
| #define HAVE_PTHREAD 1
| #define HAVE_STRERROR_R 1
| #define STRERROR_R_INT 1
| #define HAVE_LIBM 1
| #define HAVE_LIBREADLINE 1
| #define HAVE_LIBZ 1
| #define HAVE_COPYFILE_H 1
| #define HAVE_EXECINFO_H 1
| #define HAVE_GETOPT_H 1
| #define HAVE_IFADDRS_H 1
| #define HAVE_SYS_EVENT_H 1
| /* end confdefs.h.  */
| #include <sys/procctl.h>
configure:13455: result: no
configure:13455: checking for sys/procctl.h
configure:13455: result: no
configure:13455: checking sys/signalfd.h usability
configure:13455: gcc -c -Wall -Wmissing-prototypes -Wpointer-arith -Wdeclaration-after-statement -Werror=vla -Werror=unguarded-availability-new -Wendif-labels -Wmissing-format-attribute -Wcast-function-type -Wformat-security -Wmissing-variable-declarations -fno-strict-aliasing -fwrapv -Wno-unused-command-line-argument -Wno-compound-token-split-by-macro -O2 -isysroot /Library/Developer/CommandLineTools/SDKs/MacOSX13.3.sdk   conftest.c >&5
conftest.c:78:10: fatal error: 'sys/signalfd.h' file not found
#include <sys/signalfd.h>
         ^~~~~~~~~~~~~~~~
1 error generated.
configure:13455: $? = 1
configure: failed program was:
| /* confdefs.h */
| #define PACKAGE_NAME "PostgreSQL"
| #define PACKAGE_TARNAME "postgresql"
| #define PACKAGE_VERSION "18devel"
| #define PACKAGE_STRING "PostgreSQL 18devel"
| #define PACKAGE_BUGREPORT "pgsql-bugs@lists.postgresql.org"
| #define PACKAGE_URL "https://www.postgresql.org/"
| #define CONFIGURE_ARGS " 'PKG_CONFIG_PATH=/opt/homebrew/opt/icu4c/lib/pkgconfig:/opt/homebrew/opt/libpq/lib/pkgconfig:'"
| #define PG_MAJORVERSION "18"
| #define PG_MAJORVERSION_NUM 18
| #define PG_MINORVERSION_NUM 0
| #define PG_VERSION "18devel"
| #define DEF_PGPORT 5432
| #define DEF_PGPORT_STR "5432"
| #define BLCKSZ 8192
| #define RELSEG_SIZE 131072
| #define XLOG_BLCKSZ 8192
| #define HAVE_VISIBILITY_ATTRIBUTE 1
| #define DLSUFFIX ".dylib"
| #define USE_ICU 1
| #define PG_KRB_SRVNAM "postgres"
| #define STDC_HEADERS 1
| #define HAVE_SYS_TYPES_H 1
| #define HAVE_SYS_STAT_H 1
| #define HAVE_STDLIB_H 1
| #define HAVE_STRING_H 1
| #define HAVE_MEMORY_H 1
| #define HAVE_STRINGS_H 1
| #define HAVE_INTTYPES_H 1
| #define HAVE_STDINT_H 1
| #define HAVE_UNISTD_H 1
| #define HAVE_PTHREAD_PRIO_INHERIT 1
| #define HAVE_PTHREAD 1
| #define HAVE_STRERROR_R 1
| #define STRERROR_R_INT 1
| #define HAVE_LIBM 1
| #define HAVE_LIBREADLINE 1
| #define HAVE_LIBZ 1
| #define HAVE_COPYFILE_H 1
| #define HAVE_EXECINFO_H 1
| #define HAVE_GETOPT_H 1
| #define HAVE_IFADDRS_H 1
| #define HAVE_SYS_EVENT_H 1
| /* end confdefs.h.  */
| #include <stdio.h>
| #ifdef HAVE_SYS_TYPES_H
| # include <sys/types.h>
| #endif
| #ifdef HAVE_SYS_STAT_H
| # include <sys/stat.h>
| #endif
| #ifdef STDC_HEADERS
| # include <stdlib.h>
| # include <stddef.h>
| #else
| # ifdef HAVE_STDLIB_H
| #  include <stdlib.h>
| # endif
| #endif
| #ifdef HAVE_STRING_H
| # if !defined STDC_HEADERS && defined HAVE_MEMORY_H
| #  include <memory.h>
| # endif
| # include <string.h>
| #endif
| #ifdef HAVE_STRINGS_H
| # include <strings.h>
| #endif
| #ifdef HAVE_INTTYPES_H
| # include <inttypes.h>
| #endif
| #ifdef HAVE_STDINT_H
| # include <stdint.h>
| #endif
| #ifdef HAVE_UNISTD_H
| # include <unistd.h>
| #endif
| #include <sys/signalfd.h>
configure:13455: result: no
configure:13455: checking sys/signalfd.h presence
configure:13455: gcc -E -isysroot /Library/Developer/CommandLineTools/SDKs/MacOSX13.3.sdk   conftest.c
conftest.c:45:10: fatal error: 'sys/signalfd.h' file not found
#include <sys/signalfd.h>
         ^~~~~~~~~~~~~~~~
1 error generated.
configure:13455: $? = 1
configure: failed program was:
| /* confdefs.h */
| #define PACKAGE_NAME "PostgreSQL"
| #define PACKAGE_TARNAME "postgresql"
| #define PACKAGE_VERSION "18devel"
| #define PACKAGE_STRING "PostgreSQL 18devel"
| #define PACKAGE_BUGREPORT "pgsql-bugs@lists.postgresql.org"
| #define PACKAGE_URL "https://www.postgresql.org/"
| #define CONFIGURE_ARGS " 'PKG_CONFIG_PATH=/opt/homebrew/opt/icu4c/lib/pkgconfig:/opt/homebrew/opt/libpq/lib/pkgconfig:'"
| #define PG_MAJORVERSION "18"
| #define PG_MAJORVERSION_NUM 18
| #define PG_MINORVERSION_NUM 0
| #define PG_VERSION "18devel"
| #define DEF_PGPORT 5432
| #define DEF_PGPORT_STR "5432"
| #define BLCKSZ 8192
| #define RELSEG_SIZE 131072
| #define XLOG_BLCKSZ 8192
| #define HAVE_VISIBILITY_ATTRIBUTE 1
| #define DLSUFFIX ".dylib"
| #define USE_ICU 1
| #define PG_KRB_SRVNAM "postgres"
| #define STDC_HEADERS 1
| #define HAVE_SYS_TYPES_H 1
| #define HAVE_SYS_STAT_H 1
| #define HAVE_STDLIB_H 1
| #define HAVE_STRING_H 1
| #define HAVE_MEMORY_H 1
| #define HAVE_STRINGS_H 1
| #define HAVE_INTTYPES_H 1
| #define HAVE_STDINT_H 1
| #define HAVE_UNISTD_H 1
| #define HAVE_PTHREAD_PRIO_INHERIT 1
| #define HAVE_PTHREAD 1
| #define HAVE_STRERROR_R 1
| #define STRERROR_R_INT 1
| #define HAVE_LIBM 1
| #define HAVE_LIBREADLINE 1
| #define HAVE_LIBZ 1
| #define HAVE_COPYFILE_H 1
| #define HAVE_EXECINFO_H 1
| #define HAVE_GETOPT_H 1
| #define HAVE_IFADDRS_H 1
| #define HAVE_SYS_EVENT_H 1
| /* end confdefs.h.  */
| #include <sys/signalfd.h>
configure:13455: result: no
configure:13455: checking for sys/signalfd.h
configure:13455: result: no
configure:13455: checking sys/ucred.h usability
configure:13455: gcc -c -Wall -Wmissing-prototypes -Wpointer-arith -Wdeclaration-after-statement -Werror=vla -Werror=unguarded-availability-new -Wendif-labels -Wmissing-format-attribute -Wcast-function-type -Wformat-security -Wmissing-variable-declarations -fno-strict-aliasing -fwrapv -Wno-unused-command-line-argument -Wno-compound-token-split-by-macro -O2 -isysroot /Library/Developer/CommandLineTools/SDKs/MacOSX13.3.sdk   conftest.c >&5
configure:13455: $? = 0
configure:13455: result: yes
configure:13455: checking sys/ucred.h presence
configure:13455: gcc -E -isysroot /Library/Developer/CommandLineTools/SDKs/MacOSX13.3.sdk   conftest.c
configure:13455: $? = 0
configure:13455: result: yes
configure:13455: checking for sys/ucred.h
configure:13455: result: yes
configure:13455: checking termios.h usability
configure:13455: gcc -c -Wall -Wmissing-prototypes -Wpointer-arith -Wdeclaration-after-statement -Werror=vla -Werror=unguarded-availability-new -Wendif-labels -Wmissing-format-attribute -Wcast-function-type -Wformat-security -Wmissing-variable-declarations -fno-strict-aliasing -fwrapv -Wno-unused-command-line-argument -Wno-compound-token-split-by-macro -O2 -isysroot /Library/Developer/CommandLineTools/SDKs/MacOSX13.3.sdk   conftest.c >&5
configure:13455: $? = 0
configure:13455: result: yes
configure:13455: checking termios.h presence
configure:13455: gcc -E -isysroot /Library/Developer/CommandLineTools/SDKs/MacOSX13.3.sdk   conftest.c
configure:13455: $? = 0
configure:13455: result: yes
configure:13455: checking for termios.h
configure:13455: result: yes
configure:13455: checking ucred.h usability
configure:13455: gcc -c -Wall -Wmissing-prototypes -Wpointer-arith -Wdeclaration-after-statement -Werror=vla -Werror=unguarded-availability-new -Wendif-labels -Wmissing-format-attribute -Wcast-function-type -Wformat-security -Wmissing-variable-declarations -fno-strict-aliasing -fwrapv -Wno-unused-command-line-argument -Wno-compound-token-split-by-macro -O2 -isysroot /Library/Developer/CommandLineTools/SDKs/MacOSX13.3.sdk   conftest.c >&5
conftest.c:80:10: fatal error: 'ucred.h' file not found
#include <ucred.h>
         ^~~~~~~~~
1 error generated.
configure:13455: $? = 1
configure: failed program was:
| /* confdefs.h */
| #define PACKAGE_NAME "PostgreSQL"
| #define PACKAGE_TARNAME "postgresql"
| #define PACKAGE_VERSION "18devel"
| #define PACKAGE_STRING "PostgreSQL 18devel"
| #define PACKAGE_BUGREPORT "pgsql-bugs@lists.postgresql.org"
| #define PACKAGE_URL "https://www.postgresql.org/"
| #define CONFIGURE_ARGS " 'PKG_CONFIG_PATH=/opt/homebrew/opt/icu4c/lib/pkgconfig:/opt/homebrew/opt/libpq/lib/pkgconfig:'"
| #define PG_MAJORVERSION "18"
| #define PG_MAJORVERSION_NUM 18
| #define PG_MINORVERSION_NUM 0
| #define PG_VERSION "18devel"
| #define DEF_PGPORT 5432
| #define DEF_PGPORT_STR "5432"
| #define BLCKSZ 8192
| #define RELSEG_SIZE 131072
| #define XLOG_BLCKSZ 8192
| #define HAVE_VISIBILITY_ATTRIBUTE 1
| #define DLSUFFIX ".dylib"
| #define USE_ICU 1
| #define PG_KRB_SRVNAM "postgres"
| #define STDC_HEADERS 1
| #define HAVE_SYS_TYPES_H 1
| #define HAVE_SYS_STAT_H 1
| #define HAVE_STDLIB_H 1
| #define HAVE_STRING_H 1
| #define HAVE_MEMORY_H 1
| #define HAVE_STRINGS_H 1
| #define HAVE_INTTYPES_H 1
| #define HAVE_STDINT_H 1
| #define HAVE_UNISTD_H 1
| #define HAVE_PTHREAD_PRIO_INHERIT 1
| #define HAVE_PTHREAD 1
| #define HAVE_STRERROR_R 1
| #define STRERROR_R_INT 1
| #define HAVE_LIBM 1
| #define HAVE_LIBREADLINE 1
| #define HAVE_LIBZ 1
| #define HAVE_COPYFILE_H 1
| #define HAVE_EXECINFO_H 1
| #define HAVE_GETOPT_H 1
| #define HAVE_IFADDRS_H 1
| #define HAVE_SYS_EVENT_H 1
| #define HAVE_SYS_UCRED_H 1
| #define HAVE_TERMIOS_H 1
| /* end confdefs.h.  */
| #include <stdio.h>
| #ifdef HAVE_SYS_TYPES_H
| # include <sys/types.h>
| #endif
| #ifdef HAVE_SYS_STAT_H
| # include <sys/stat.h>
| #endif
| #ifdef STDC_HEADERS
| # include <stdlib.h>
| # include <stddef.h>
| #else
| # ifdef HAVE_STDLIB_H
| #  include <stdlib.h>
| # endif
| #endif
| #ifdef HAVE_STRING_H
| # if !defined STDC_HEADERS && defined HAVE_MEMORY_H
| #  include <memory.h>
| # endif
| # include <string.h>
| #endif
| #ifdef HAVE_STRINGS_H
| # include <strings.h>
| #endif
| #ifdef HAVE_INTTYPES_H
| # include <inttypes.h>
| #endif
| #ifdef HAVE_STDINT_H
| # include <stdint.h>
| #endif
| #ifdef HAVE_UNISTD_H
| # include <unistd.h>
| #endif
| #include <ucred.h>
configure:13455: result: no
configure:13455: checking ucred.h presence
configure:13455: gcc -E -isysroot /Library/Developer/CommandLineTools/SDKs/MacOSX13.3.sdk   conftest.c
conftest.c:47:10: fatal error: 'ucred.h' file not found
#include <ucred.h>
         ^~~~~~~~~
1 error generated.
configure:13455: $? = 1
configure: failed program was:
| /* confdefs.h */
| #define PACKAGE_NAME "PostgreSQL"
| #define PACKAGE_TARNAME "postgresql"
| #define PACKAGE_VERSION "18devel"
| #define PACKAGE_STRING "PostgreSQL 18devel"
| #define PACKAGE_BUGREPORT "pgsql-bugs@lists.postgresql.org"
| #define PACKAGE_URL "https://www.postgresql.org/"
| #define CONFIGURE_ARGS " 'PKG_CONFIG_PATH=/opt/homebrew/opt/icu4c/lib/pkgconfig:/opt/homebrew/opt/libpq/lib/pkgconfig:'"
| #define PG_MAJORVERSION "18"
| #define PG_MAJORVERSION_NUM 18
| #define PG_MINORVERSION_NUM 0
| #define PG_VERSION "18devel"
| #define DEF_PGPORT 5432
| #define DEF_PGPORT_STR "5432"
| #define BLCKSZ 8192
| #define RELSEG_SIZE 131072
| #define XLOG_BLCKSZ 8192
| #define HAVE_VISIBILITY_ATTRIBUTE 1
| #define DLSUFFIX ".dylib"
| #define USE_ICU 1
| #define PG_KRB_SRVNAM "postgres"
| #define STDC_HEADERS 1
| #define HAVE_SYS_TYPES_H 1
| #define HAVE_SYS_STAT_H 1
| #define HAVE_STDLIB_H 1
| #define HAVE_STRING_H 1
| #define HAVE_MEMORY_H 1
| #define HAVE_STRINGS_H 1
| #define HAVE_INTTYPES_H 1
| #define HAVE_STDINT_H 1
| #define HAVE_UNISTD_H 1
| #define HAVE_PTHREAD_PRIO_INHERIT 1
| #define HAVE_PTHREAD 1
| #define HAVE_STRERROR_R 1
| #define STRERROR_R_INT 1
| #define HAVE_LIBM 1
| #define HAVE_LIBREADLINE 1
| #define HAVE_LIBZ 1
| #define HAVE_COPYFILE_H 1
| #define HAVE_EXECINFO_H 1
| #define HAVE_GETOPT_H 1
| #define HAVE_IFADDRS_H 1
| #define HAVE_SYS_EVENT_H 1
| #define HAVE_SYS_UCRED_H 1
| #define HAVE_TERMIOS_H 1
| /* end confdefs.h.  */
| #include <ucred.h>
configure:13455: result: no
configure:13455: checking for ucred.h
configure:13455: result: no
configure:13455: checking xlocale.h usability
configure:13455: gcc -c -Wall -Wmissing-prototypes -Wpointer-arith -Wdeclaration-after-statement -Werror=vla -Werror=unguarded-availability-new -Wendif-labels -Wmissing-format-attribute -Wcast-function-type -Wformat-security -Wmissing-variable-declarations -fno-strict-aliasing -fwrapv -Wno-unused-command-line-argument -Wno-compound-token-split-by-macro -O2 -isysroot /Library/Developer/CommandLineTools/SDKs/MacOSX13.3.sdk   conftest.c >&5
configure:13455: $? = 0
configure:13455: result: yes
configure:13455: checking xlocale.h presence
configure:13455: gcc -E -isysroot /Library/Developer/CommandLineTools/SDKs/MacOSX13.3.sdk   conftest.c
configure:13455: $? = 0
configure:13455: result: yes
configure:13455: checking for xlocale.h
configure:13455: result: yes
configure:13469: checking readline/readline.h usability
configure:13469: gcc -c -Wall -Wmissing-prototypes -Wpointer-arith -Wdeclaration-after-statement -Werror=vla -Werror=unguarded-availability-new -Wendif-labels -Wmissing-format-attribute -Wcast-function-type -Wformat-security -Wmissing-variable-declarations -fno-strict-aliasing -fwrapv -Wno-unused-command-line-argument -Wno-compound-token-split-by-macro -O2 -isysroot /Library/Developer/CommandLineTools/SDKs/MacOSX13.3.sdk   conftest.c >&5
configure:13469: $? = 0
configure:13469: result: yes
configure:13469: checking readline/readline.h presence
configure:13469: gcc -E -isysroot /Library/Developer/CommandLineTools/SDKs/MacOSX13.3.sdk   conftest.c
configure:13469: $? = 0
configure:13469: result: yes
configure:13469: checking for readline/readline.h
configure:13469: result: yes
configure:13499: checking readline/history.h usability
configure:13499: gcc -c -Wall -Wmissing-prototypes -Wpointer-arith -Wdeclaration-after-statement -Werror=vla -Werror=unguarded-availability-new -Wendif-labels -Wmissing-format-attribute -Wcast-function-type -Wformat-security -Wmissing-variable-declarations -fno-strict-aliasing -fwrapv -Wno-unused-command-line-argument -Wno-compound-token-split-by-macro -O2 -isysroot /Library/Developer/CommandLineTools/SDKs/MacOSX13.3.sdk   conftest.c >&5
configure:13499: $? = 0
configure:13499: result: yes
configure:13499: checking readline/history.h presence
configure:13499: gcc -E -isysroot /Library/Developer/CommandLineTools/SDKs/MacOSX13.3.sdk   conftest.c
configure:13499: $? = 0
configure:13499: result: yes
configure:13499: checking for readline/history.h
configure:13499: result: yes
configure:13621: checking zlib.h usability
configure:13621: gcc -c -Wall -Wmissing-prototypes -Wpointer-arith -Wdeclaration-after-statement -Werror=vla -Werror=unguarded-availability-new -Wendif-labels -Wmissing-format-attribute -Wcast-function-type -Wformat-security -Wmissing-variable-declarations -fno-strict-aliasing -fwrapv -Wno-unused-command-line-argument -Wno-compound-token-split-by-macro -O2 -isysroot /Library/Developer/CommandLineTools/SDKs/MacOSX13.3.sdk   conftest.c >&5
configure:13621: $? = 0
configure:13621: result: yes
configure:13621: checking zlib.h presence
configure:13621: gcc -E -isysroot /Library/Developer/CommandLineTools/SDKs/MacOSX13.3.sdk   conftest.c
configure:13621: $? = 0
configure:13621: result: yes
configure:13621: checking for zlib.h
configure:13621: result: yes
configure:13639: checking for lz4
configure:13657: found /opt/local/bin/lz4
configure:13669: result: /opt/local/bin/lz4
configure:13704: checking for zstd
configure:13722: found /opt/local/bin/zstd
configure:13734: result: /opt/local/bin/zstd
configure:13826: checking for openssl
configure:13844: found /opt/local/bin/openssl
configure:13856: result: /opt/local/bin/openssl
configure:13876: using openssl: OpenSSL 3.1.0 14 Mar 2023 (Library: OpenSSL 3.1.0 14 Mar 2023)
configure:14201: checking whether byte ordering is bigendian
configure:14216: gcc -c -Wall -Wmissing-prototypes -Wpointer-arith -Wdeclaration-after-statement -Werror=vla -Werror=unguarded-availability-new -Wendif-labels -Wmissing-format-attribute -Wcast-function-type -Wformat-security -Wmissing-variable-declarations -fno-strict-aliasing -fwrapv -Wno-unused-command-line-argument -Wno-compound-token-split-by-macro -O2 -isysroot /Library/Developer/CommandLineTools/SDKs/MacOSX13.3.sdk   conftest.c >&5
configure:14216: $? = 0
configure:14261: gcc -c -Wall -Wmissing-prototypes -Wpointer-arith -Wdeclaration-after-statement -Werror=vla -Werror=unguarded-availability-new -Wendif-labels -Wmissing-format-attribute -Wcast-function-type -Wformat-security -Wmissing-variable-declarations -fno-strict-aliasing -fwrapv -Wno-unused-command-line-argument -Wno-compound-token-split-by-macro -O2 -isysroot /Library/Developer/CommandLineTools/SDKs/MacOSX13.3.sdk   conftest.c >&5
configure:14261: $? = 0
configure:14279: gcc -c -Wall -Wmissing-prototypes -Wpointer-arith -Wdeclaration-after-statement -Werror=vla -Werror=unguarded-availability-new -Wendif-labels -Wmissing-format-attribute -Wcast-function-type -Wformat-security -Wmissing-variable-declarations -fno-strict-aliasing -fwrapv -Wno-unused-command-line-argument -Wno-compound-token-split-by-macro -O2 -isysroot /Library/Developer/CommandLineTools/SDKs/MacOSX13.3.sdk   conftest.c >&5
conftest.c:57:4: error: use of undeclared identifier 'not'
                 not big endian
                 ^
1 error generated.
configure:14279: $? = 1
configure: failed program was:
| /* confdefs.h */
| #define PACKAGE_NAME "PostgreSQL"
| #define PACKAGE_TARNAME "postgresql"
| #define PACKAGE_VERSION "18devel"
| #define PACKAGE_STRING "PostgreSQL 18devel"
| #define PACKAGE_BUGREPORT "pgsql-bugs@lists.postgresql.org"
| #define PACKAGE_URL "https://www.postgresql.org/"
| #define CONFIGURE_ARGS " 'PKG_CONFIG_PATH=/opt/homebrew/opt/icu4c/lib/pkgconfig:/opt/homebrew/opt/libpq/lib/pkgconfig:'"
| #define PG_MAJORVERSION "18"
| #define PG_MAJORVERSION_NUM 18
| #define PG_MINORVERSION_NUM 0
| #define PG_VERSION "18devel"
| #define DEF_PGPORT 5432
| #define DEF_PGPORT_STR "5432"
| #define BLCKSZ 8192
| #define RELSEG_SIZE 131072
| #define XLOG_BLCKSZ 8192
| #define HAVE_VISIBILITY_ATTRIBUTE 1
| #define DLSUFFIX ".dylib"
| #define USE_ICU 1
| #define PG_KRB_SRVNAM "postgres"
| #define STDC_HEADERS 1
| #define HAVE_SYS_TYPES_H 1
| #define HAVE_SYS_STAT_H 1
| #define HAVE_STDLIB_H 1
| #define HAVE_STRING_H 1
| #define HAVE_MEMORY_H 1
| #define HAVE_STRINGS_H 1
| #define HAVE_INTTYPES_H 1
| #define HAVE_STDINT_H 1
| #define HAVE_UNISTD_H 1
| #define HAVE_PTHREAD_PRIO_INHERIT 1
| #define HAVE_PTHREAD 1
| #define HAVE_STRERROR_R 1
| #define STRERROR_R_INT 1
| #define HAVE_LIBM 1
| #define HAVE_LIBREADLINE 1
| #define HAVE_LIBZ 1
| #define HAVE_COPYFILE_H 1
| #define HAVE_EXECINFO_H 1
| #define HAVE_GETOPT_H 1
| #define HAVE_IFADDRS_H 1
| #define HAVE_SYS_EVENT_H 1
| #define HAVE_SYS_UCRED_H 1
| #define HAVE_TERMIOS_H 1
| #define HAVE_XLOCALE_H 1
| #define HAVE_READLINE_READLINE_H 1
| #define HAVE_READLINE_HISTORY_H 1
| /* end confdefs.h.  */
| #include <sys/types.h>
| 		#include <sys/param.h>
| 
| int
| main ()
| {
| #if BYTE_ORDER != BIG_ENDIAN
| 		 not big endian
| 		#endif
| 
|   ;
|   return 0;
| }
configure:14407: result: no
configure:14425: checking for inline
configure:14441: gcc -c -Wall -Wmissing-prototypes -Wpointer-arith -Wdeclaration-after-statement -Werror=vla -Werror=unguarded-availability-new -Wendif-labels -Wmissing-format-attribute -Wcast-function-type -Wformat-security -Wmissing-variable-declarations -fno-strict-aliasing -fwrapv -Wno-unused-command-line-argument -Wno-compound-token-split-by-macro -O2 -isysroot /Library/Developer/CommandLineTools/SDKs/MacOSX13.3.sdk   conftest.c >&5
conftest.c:52:21: warning: unused function 'static_foo' [-Wunused-function]
static inline foo_t static_foo () {return 0; }
                    ^
1 warning generated.
configure:14441: $? = 0
configure:14449: result: inline
configure:14467: checking for printf format archetype
configure:14487: gcc -c -Wall -Wmissing-prototypes -Wpointer-arith -Wdeclaration-after-statement -Werror=vla -Werror=unguarded-availability-new -Wendif-labels -Wmissing-format-attribute -Wcast-function-type -Wformat-security -Wmissing-variable-declarations -fno-strict-aliasing -fwrapv -Wno-unused-command-line-argument -Wno-compound-token-split-by-macro -O2 -isysroot /Library/Developer/CommandLineTools/SDKs/MacOSX13.3.sdk   conftest.c >&5
conftest.c:51:16: warning: 'format' attribute argument not supported: gnu_printf [-Wignored-attributes]
__attribute__((format(gnu_printf, 2, 3)));
               ^
1 warning generated.
configure:14487: $? = 0
configure: failed program was:
| /* confdefs.h */
| #define PACKAGE_NAME "PostgreSQL"
| #define PACKAGE_TARNAME "postgresql"
| #define PACKAGE_VERSION "18devel"
| #define PACKAGE_STRING "PostgreSQL 18devel"
| #define PACKAGE_BUGREPORT "pgsql-bugs@lists.postgresql.org"
| #define PACKAGE_URL "https://www.postgresql.org/"
| #define CONFIGURE_ARGS " 'PKG_CONFIG_PATH=/opt/homebrew/opt/icu4c/lib/pkgconfig:/opt/homebrew/opt/libpq/lib/pkgconfig:'"
| #define PG_MAJORVERSION "18"
| #define PG_MAJORVERSION_NUM 18
| #define PG_MINORVERSION_NUM 0
| #define PG_VERSION "18devel"
| #define DEF_PGPORT 5432
| #define DEF_PGPORT_STR "5432"
| #define BLCKSZ 8192
| #define RELSEG_SIZE 131072
| #define XLOG_BLCKSZ 8192
| #define HAVE_VISIBILITY_ATTRIBUTE 1
| #define DLSUFFIX ".dylib"
| #define USE_ICU 1
| #define PG_KRB_SRVNAM "postgres"
| #define STDC_HEADERS 1
| #define HAVE_SYS_TYPES_H 1
| #define HAVE_SYS_STAT_H 1
| #define HAVE_STDLIB_H 1
| #define HAVE_STRING_H 1
| #define HAVE_MEMORY_H 1
| #define HAVE_STRINGS_H 1
| #define HAVE_INTTYPES_H 1
| #define HAVE_STDINT_H 1
| #define HAVE_UNISTD_H 1
| #define HAVE_PTHREAD_PRIO_INHERIT 1
| #define HAVE_PTHREAD 1
| #define HAVE_STRERROR_R 1
| #define STRERROR_R_INT 1
| #define HAVE_LIBM 1
| #define HAVE_LIBREADLINE 1
| #define HAVE_LIBZ 1
| #define HAVE_COPYFILE_H 1
| #define HAVE_EXECINFO_H 1
| #define HAVE_GETOPT_H 1
| #define HAVE_IFADDRS_H 1
| #define HAVE_SYS_EVENT_H 1
| #define HAVE_SYS_UCRED_H 1
| #define HAVE_TERMIOS_H 1
| #define HAVE_XLOCALE_H 1
| #define HAVE_READLINE_READLINE_H 1
| #define HAVE_READLINE_HISTORY_H 1
| /* end confdefs.h.  */
| extern void pgac_write(int ignore, const char *fmt,...)
| __attribute__((format(gnu_printf, 2, 3)));
| int
| main ()
| {
| pgac_write(0, "error %s: %m", "foo");
|   ;
|   return 0;
| }
configure:14511: gcc -c -Wall -Wmissing-prototypes -Wpointer-arith -Wdeclaration-after-statement -Werror=vla -Werror=unguarded-availability-new -Wendif-labels -Wmissing-format-attribute -Wcast-function-type -Wformat-security -Wmissing-variable-declarations -fno-strict-aliasing -fwrapv -Wno-unused-command-line-argument -Wno-compound-token-split-by-macro -O2 -isysroot /Library/Developer/CommandLineTools/SDKs/MacOSX13.3.sdk   conftest.c >&5
conftest.c:51:16: warning: 'format' attribute argument not supported: syslog [-Wignored-attributes]
__attribute__((format(__syslog__, 2, 3)));
               ^
1 warning generated.
configure:14511: $? = 0
configure: failed program was:
| /* confdefs.h */
| #define PACKAGE_NAME "PostgreSQL"
| #define PACKAGE_TARNAME "postgresql"
| #define PACKAGE_VERSION "18devel"
| #define PACKAGE_STRING "PostgreSQL 18devel"
| #define PACKAGE_BUGREPORT "pgsql-bugs@lists.postgresql.org"
| #define PACKAGE_URL "https://www.postgresql.org/"
| #define CONFIGURE_ARGS " 'PKG_CONFIG_PATH=/opt/homebrew/opt/icu4c/lib/pkgconfig:/opt/homebrew/opt/libpq/lib/pkgconfig:'"
| #define PG_MAJORVERSION "18"
| #define PG_MAJORVERSION_NUM 18
| #define PG_MINORVERSION_NUM 0
| #define PG_VERSION "18devel"
| #define DEF_PGPORT 5432
| #define DEF_PGPORT_STR "5432"
| #define BLCKSZ 8192
| #define RELSEG_SIZE 131072
| #define XLOG_BLCKSZ 8192
| #define HAVE_VISIBILITY_ATTRIBUTE 1
| #define DLSUFFIX ".dylib"
| #define USE_ICU 1
| #define PG_KRB_SRVNAM "postgres"
| #define STDC_HEADERS 1
| #define HAVE_SYS_TYPES_H 1
| #define HAVE_SYS_STAT_H 1
| #define HAVE_STDLIB_H 1
| #define HAVE_STRING_H 1
| #define HAVE_MEMORY_H 1
| #define HAVE_STRINGS_H 1
| #define HAVE_INTTYPES_H 1
| #define HAVE_STDINT_H 1
| #define HAVE_UNISTD_H 1
| #define HAVE_PTHREAD_PRIO_INHERIT 1
| #define HAVE_PTHREAD 1
| #define HAVE_STRERROR_R 1
| #define STRERROR_R_INT 1
| #define HAVE_LIBM 1
| #define HAVE_LIBREADLINE 1
| #define HAVE_LIBZ 1
| #define HAVE_COPYFILE_H 1
| #define HAVE_EXECINFO_H 1
| #define HAVE_GETOPT_H 1
| #define HAVE_IFADDRS_H 1
| #define HAVE_SYS_EVENT_H 1
| #define HAVE_SYS_UCRED_H 1
| #define HAVE_TERMIOS_H 1
| #define HAVE_XLOCALE_H 1
| #define HAVE_READLINE_READLINE_H 1
| #define HAVE_READLINE_HISTORY_H 1
| /* end confdefs.h.  */
| extern void pgac_write(int ignore, const char *fmt,...)
| __attribute__((format(__syslog__, 2, 3)));
| int
| main ()
| {
| pgac_write(0, "error %s: %m", "foo");
|   ;
|   return 0;
| }
configure:14524: result: printf
configure:14532: checking for _Static_assert
configure:14548: gcc -o conftest -Wall -Wmissing-prototypes -Wpointer-arith -Wdeclaration-after-statement -Werror=vla -Werror=unguarded-availability-new -Wendif-labels -Wmissing-format-attribute -Wcast-function-type -Wformat-security -Wmissing-variable-declarations -fno-strict-aliasing -fwrapv -Wno-unused-command-line-argument -Wno-compound-token-split-by-macro -O2 -isysroot /Library/Developer/CommandLineTools/SDKs/MacOSX13.3.sdk   -isysroot /Library/Developer/CommandLineTools/SDKs/MacOSX13.3.sdk   conftest.c -lz -lreadline -lm  >&5
configure:14548: $? = 0
configure:14556: result: yes
configure:14563: checking for typeof
configure:14584: gcc -c -Wall -Wmissing-prototypes -Wpointer-arith -Wdeclaration-after-statement -Werror=vla -Werror=unguarded-availability-new -Wendif-labels -Wmissing-format-attribute -Wcast-function-type -Wformat-security -Wmissing-variable-declarations -fno-strict-aliasing -fwrapv -Wno-unused-command-line-argument -Wno-compound-token-split-by-macro -O2 -isysroot /Library/Developer/CommandLineTools/SDKs/MacOSX13.3.sdk   conftest.c >&5
configure:14584: $? = 0
configure:14591: result: typeof
configure:14605: checking for __builtin_types_compatible_p
configure:14621: gcc -c -Wall -Wmissing-prototypes -Wpointer-arith -Wdeclaration-after-statement -Werror=vla -Werror=unguarded-availability-new -Wendif-labels -Wmissing-format-attribute -Wcast-function-type -Wformat-security -Wmissing-variable-declarations -fno-strict-aliasing -fwrapv -Wno-unused-command-line-argument -Wno-compound-token-split-by-macro -O2 -isysroot /Library/Developer/CommandLineTools/SDKs/MacOSX13.3.sdk   conftest.c >&5
conftest.c:57:20: warning: unused variable 'y' [-Wunused-variable]
 int x; static int y[__builtin_types_compatible_p(__typeof__(x), int)];
                   ^
1 warning generated.
configure:14621: $? = 0
configure:14628: result: yes
configure:14635: checking for __builtin_constant_p
configure:14648: gcc -c -Wall -Wmissing-prototypes -Wpointer-arith -Wdeclaration-after-statement -Werror=vla -Werror=unguarded-availability-new -Wendif-labels -Wmissing-format-attribute -Wcast-function-type -Wformat-security -Wmissing-variable-declarations -fno-strict-aliasing -fwrapv -Wno-unused-command-line-argument -Wno-compound-token-split-by-macro -O2 -isysroot /Library/Developer/CommandLineTools/SDKs/MacOSX13.3.sdk   conftest.c >&5
conftest.c:55:14: warning: unused variable 'y' [-Wunused-variable]
  static int y[__builtin_constant_p(x) ? x : 1];
             ^
conftest.c:56:14: warning: unused variable 'z' [-Wunused-variable]
  static int z[__builtin_constant_p("string literal") ? 1 : x];
             ^
2 warnings generated.
configure:14648: $? = 0
configure:14655: result: yes
configure:14662: checking for __builtin_mul_overflow
configure:14684: gcc -o conftest -Wall -Wmissing-prototypes -Wpointer-arith -Wdeclaration-after-statement -Werror=vla -Werror=unguarded-availability-new -Wendif-labels -Wmissing-format-attribute -Wcast-function-type -Wformat-security -Wmissing-variable-declarations -fno-strict-aliasing -fwrapv -Wno-unused-command-line-argument -Wno-compound-token-split-by-macro -O2 -isysroot /Library/Developer/CommandLineTools/SDKs/MacOSX13.3.sdk   -isysroot /Library/Developer/CommandLineTools/SDKs/MacOSX13.3.sdk   conftest.c -lz -lreadline -lm  >&5
conftest.c:57:9: warning: no previous extern declaration for non-static variable 'a' [-Wmissing-variable-declarations]
int64_t a = 1;
        ^
conftest.c:57:1: note: declare 'static' if the variable is not intended to be used outside of this translation unit
int64_t a = 1;
^
conftest.c:58:9: warning: no previous extern declaration for non-static variable 'b' [-Wmissing-variable-declarations]
int64_t b = 1;
        ^
conftest.c:58:1: note: declare 'static' if the variable is not intended to be used outside of this translation unit
int64_t b = 1;
^
conftest.c:59:9: warning: no previous extern declaration for non-static variable 'result' [-Wmissing-variable-declarations]
int64_t result;
        ^
conftest.c:59:1: note: declare 'static' if the variable is not intended to be used outside of this translation unit
int64_t result;
^
conftest.c:60:5: warning: no previous extern declaration for non-static variable 'oflo' [-Wmissing-variable-declarations]
int oflo;
    ^
conftest.c:60:1: note: declare 'static' if the variable is not intended to be used outside of this translation unit
int oflo;
^
4 warnings generated.
configure:14684: $? = 0
configure:14692: result: yes
configure:14699: checking for __builtin_unreachable
configure:14715: gcc -o conftest -Wall -Wmissing-prototypes -Wpointer-arith -Wdeclaration-after-statement -Werror=vla -Werror=unguarded-availability-new -Wendif-labels -Wmissing-format-attribute -Wcast-function-type -Wformat-security -Wmissing-variable-declarations -fno-strict-aliasing -fwrapv -Wno-unused-command-line-argument -Wno-compound-token-split-by-macro -O2 -isysroot /Library/Developer/CommandLineTools/SDKs/MacOSX13.3.sdk   -isysroot /Library/Developer/CommandLineTools/SDKs/MacOSX13.3.sdk   conftest.c -lz -lreadline -lm  >&5
configure:14715: $? = 0
configure:14723: result: yes
configure:14730: checking for computed goto support
configure:14750: gcc -c -Wall -Wmissing-prototypes -Wpointer-arith -Wdeclaration-after-statement -Werror=vla -Werror=unguarded-availability-new -Wendif-labels -Wmissing-format-attribute -Wcast-function-type -Wformat-security -Wmissing-variable-declarations -fno-strict-aliasing -fwrapv -Wno-unused-command-line-argument -Wno-compound-token-split-by-macro -O2 -isysroot /Library/Developer/CommandLineTools/SDKs/MacOSX13.3.sdk   conftest.c >&5
configure:14750: $? = 0
configure:14757: result: yes
configure:14764: checking for struct tm.tm_zone
configure:14764: gcc -c -Wall -Wmissing-prototypes -Wpointer-arith -Wdeclaration-after-statement -Werror=vla -Werror=unguarded-availability-new -Wendif-labels -Wmissing-format-attribute -Wcast-function-type -Wformat-security -Wmissing-variable-declarations -fno-strict-aliasing -fwrapv -Wno-unused-command-line-argument -Wno-compound-token-split-by-macro -O2 -isysroot /Library/Developer/CommandLineTools/SDKs/MacOSX13.3.sdk   conftest.c >&5
configure:14764: $? = 0
configure:14764: result: yes
configure:14778: checking for union semun
configure:14778: gcc -c -Wall -Wmissing-prototypes -Wpointer-arith -Wdeclaration-after-statement -Werror=vla -Werror=unguarded-availability-new -Wendif-labels -Wmissing-format-attribute -Wcast-function-type -Wformat-security -Wmissing-variable-declarations -fno-strict-aliasing -fwrapv -Wno-unused-command-line-argument -Wno-compound-token-split-by-macro -O2 -isysroot /Library/Developer/CommandLineTools/SDKs/MacOSX13.3.sdk   conftest.c >&5
configure:14778: $? = 0
configure:14778: gcc -c -Wall -Wmissing-prototypes -Wpointer-arith -Wdeclaration-after-statement -Werror=vla -Werror=unguarded-availability-new -Wendif-labels -Wmissing-format-attribute -Wcast-function-type -Wformat-security -Wmissing-variable-declarations -fno-strict-aliasing -fwrapv -Wno-unused-command-line-argument -Wno-compound-token-split-by-macro -O2 -isysroot /Library/Developer/CommandLineTools/SDKs/MacOSX13.3.sdk   conftest.c >&5
conftest.c:67:26: error: expected expression
if (sizeof ((union semun)))
                         ^
1 error generated.
configure:14778: $? = 1
configure: failed program was:
| /* confdefs.h */
| #define PACKAGE_NAME "PostgreSQL"
| #define PACKAGE_TARNAME "postgresql"
| #define PACKAGE_VERSION "18devel"
| #define PACKAGE_STRING "PostgreSQL 18devel"
| #define PACKAGE_BUGREPORT "pgsql-bugs@lists.postgresql.org"
| #define PACKAGE_URL "https://www.postgresql.org/"
| #define CONFIGURE_ARGS " 'PKG_CONFIG_PATH=/opt/homebrew/opt/icu4c/lib/pkgconfig:/opt/homebrew/opt/libpq/lib/pkgconfig:'"
| #define PG_MAJORVERSION "18"
| #define PG_MAJORVERSION_NUM 18
| #define PG_MINORVERSION_NUM 0
| #define PG_VERSION "18devel"
| #define DEF_PGPORT 5432
| #define DEF_PGPORT_STR "5432"
| #define BLCKSZ 8192
| #define RELSEG_SIZE 131072
| #define XLOG_BLCKSZ 8192
| #define HAVE_VISIBILITY_ATTRIBUTE 1
| #define DLSUFFIX ".dylib"
| #define USE_ICU 1
| #define PG_KRB_SRVNAM "postgres"
| #define STDC_HEADERS 1
| #define HAVE_SYS_TYPES_H 1
| #define HAVE_SYS_STAT_H 1
| #define HAVE_STDLIB_H 1
| #define HAVE_STRING_H 1
| #define HAVE_MEMORY_H 1
| #define HAVE_STRINGS_H 1
| #define HAVE_INTTYPES_H 1
| #define HAVE_STDINT_H 1
| #define HAVE_UNISTD_H 1
| #define HAVE_PTHREAD_PRIO_INHERIT 1
| #define HAVE_PTHREAD 1
| #define HAVE_STRERROR_R 1
| #define STRERROR_R_INT 1
| #define HAVE_LIBM 1
| #define HAVE_LIBREADLINE 1
| #define HAVE_LIBZ 1
| #define HAVE_COPYFILE_H 1
| #define HAVE_EXECINFO_H 1
| #define HAVE_GETOPT_H 1
| #define HAVE_IFADDRS_H 1
| #define HAVE_SYS_EVENT_H 1
| #define HAVE_SYS_UCRED_H 1
| #define HAVE_TERMIOS_H 1
| #define HAVE_XLOCALE_H 1
| #define HAVE_READLINE_READLINE_H 1
| #define HAVE_READLINE_HISTORY_H 1
| #define PG_PRINTF_ATTRIBUTE printf
| #define HAVE__STATIC_ASSERT 1
| #define HAVE_TYPEOF 1
| #define HAVE__BUILTIN_TYPES_COMPATIBLE_P 1
| #define HAVE__BUILTIN_CONSTANT_P 1
| #define HAVE__BUILTIN_OP_OVERFLOW 1
| #define HAVE__BUILTIN_UNREACHABLE 1
| #define HAVE_COMPUTED_GOTO 1
| #define HAVE_STRUCT_TM_TM_ZONE 1
| /* end confdefs.h.  */
| #include <sys/types.h>
| #include <sys/ipc.h>
| #include <sys/sem.h>
| 
| 
| int
| main ()
| {
| if (sizeof ((union semun)))
| 	    return 0;
|   ;
|   return 0;
| }
configure:14778: result: yes
configure:14792: checking for socklen_t
configure:14792: gcc -c -Wall -Wmissing-prototypes -Wpointer-arith -Wdeclaration-after-statement -Werror=vla -Werror=unguarded-availability-new -Wendif-labels -Wmissing-format-attribute -Wcast-function-type -Wformat-security -Wmissing-variable-declarations -fno-strict-aliasing -fwrapv -Wno-unused-command-line-argument -Wno-compound-token-split-by-macro -O2 -isysroot /Library/Developer/CommandLineTools/SDKs/MacOSX13.3.sdk   conftest.c >&5
configure:14792: $? = 0
configure:14792: gcc -c -Wall -Wmissing-prototypes -Wpointer-arith -Wdeclaration-after-statement -Werror=vla -Werror=unguarded-availability-new -Wendif-labels -Wmissing-format-attribute -Wcast-function-type -Wformat-security -Wmissing-variable-declarations -fno-strict-aliasing -fwrapv -Wno-unused-command-line-argument -Wno-compound-token-split-by-macro -O2 -isysroot /Library/Developer/CommandLineTools/SDKs/MacOSX13.3.sdk   conftest.c >&5
conftest.c:65:24: error: expected expression
if (sizeof ((socklen_t)))
                       ^
1 error generated.
configure:14792: $? = 1
configure: failed program was:
| /* confdefs.h */
| #define PACKAGE_NAME "PostgreSQL"
| #define PACKAGE_TARNAME "postgresql"
| #define PACKAGE_VERSION "18devel"
| #define PACKAGE_STRING "PostgreSQL 18devel"
| #define PACKAGE_BUGREPORT "pgsql-bugs@lists.postgresql.org"
| #define PACKAGE_URL "https://www.postgresql.org/"
| #define CONFIGURE_ARGS " 'PKG_CONFIG_PATH=/opt/homebrew/opt/icu4c/lib/pkgconfig:/opt/homebrew/opt/libpq/lib/pkgconfig:'"
| #define PG_MAJORVERSION "18"
| #define PG_MAJORVERSION_NUM 18
| #define PG_MINORVERSION_NUM 0
| #define PG_VERSION "18devel"
| #define DEF_PGPORT 5432
| #define DEF_PGPORT_STR "5432"
| #define BLCKSZ 8192
| #define RELSEG_SIZE 131072
| #define XLOG_BLCKSZ 8192
| #define HAVE_VISIBILITY_ATTRIBUTE 1
| #define DLSUFFIX ".dylib"
| #define USE_ICU 1
| #define PG_KRB_SRVNAM "postgres"
| #define STDC_HEADERS 1
| #define HAVE_SYS_TYPES_H 1
| #define HAVE_SYS_STAT_H 1
| #define HAVE_STDLIB_H 1
| #define HAVE_STRING_H 1
| #define HAVE_MEMORY_H 1
| #define HAVE_STRINGS_H 1
| #define HAVE_INTTYPES_H 1
| #define HAVE_STDINT_H 1
| #define HAVE_UNISTD_H 1
| #define HAVE_PTHREAD_PRIO_INHERIT 1
| #define HAVE_PTHREAD 1
| #define HAVE_STRERROR_R 1
| #define STRERROR_R_INT 1
| #define HAVE_LIBM 1
| #define HAVE_LIBREADLINE 1
| #define HAVE_LIBZ 1
| #define HAVE_COPYFILE_H 1
| #define HAVE_EXECINFO_H 1
| #define HAVE_GETOPT_H 1
| #define HAVE_IFADDRS_H 1
| #define HAVE_SYS_EVENT_H 1
| #define HAVE_SYS_UCRED_H 1
| #define HAVE_TERMIOS_H 1
| #define HAVE_XLOCALE_H 1
| #define HAVE_READLINE_READLINE_H 1
| #define HAVE_READLINE_HISTORY_H 1
| #define PG_PRINTF_ATTRIBUTE printf
| #define HAVE__STATIC_ASSERT 1
| #define HAVE_TYPEOF 1
| #define HAVE__BUILTIN_TYPES_COMPATIBLE_P 1
| #define HAVE__BUILTIN_CONSTANT_P 1
| #define HAVE__BUILTIN_OP_OVERFLOW 1
| #define HAVE__BUILTIN_UNREACHABLE 1
| #define HAVE_COMPUTED_GOTO 1
| #define HAVE_STRUCT_TM_TM_ZONE 1
| #define HAVE_UNION_SEMUN 1
| /* end confdefs.h.  */
| #include <sys/socket.h>
| 
| int
| main ()
| {
| if (sizeof ((socklen_t)))
| 	    return 0;
|   ;
|   return 0;
| }
configure:14792: result: yes
configure:14803: checking for struct sockaddr.sa_len
configure:14803: gcc -c -Wall -Wmissing-prototypes -Wpointer-arith -Wdeclaration-after-statement -Werror=vla -Werror=unguarded-availability-new -Wendif-labels -Wmissing-format-attribute -Wcast-function-type -Wformat-security -Wmissing-variable-declarations -fno-strict-aliasing -fwrapv -Wno-unused-command-line-argument -Wno-compound-token-split-by-macro -O2 -isysroot /Library/Developer/CommandLineTools/SDKs/MacOSX13.3.sdk   conftest.c >&5
configure:14803: $? = 0
configure:14803: result: yes
configure:14821: checking for C/C++ restrict keyword
configure:14846: gcc -c -Wall -Wmissing-prototypes -Wpointer-arith -Wdeclaration-after-statement -Werror=vla -Werror=unguarded-availability-new -Wendif-labels -Wmissing-format-attribute -Wcast-function-type -Wformat-security -Wmissing-variable-declarations -fno-strict-aliasing -fwrapv -Wno-unused-command-line-argument -Wno-compound-token-split-by-macro -O2 -isysroot /Library/Developer/CommandLineTools/SDKs/MacOSX13.3.sdk   conftest.c >&5
conftest.c:63:6: warning: no previous prototype for function 'foo' [-Wmissing-prototypes]
        int foo (int_ptr __restrict ip) {
            ^
conftest.c:63:2: note: declare 'static' if the function is not intended to be used outside of this translation unit
        int foo (int_ptr __restrict ip) {
        ^
        static 
1 warning generated.
configure:14846: $? = 0
configure:14854: result: __restrict
configure:14878: checking for struct option
configure:14878: gcc -c -Wall -Wmissing-prototypes -Wpointer-arith -Wdeclaration-after-statement -Werror=vla -Werror=unguarded-availability-new -Wendif-labels -Wmissing-format-attribute -Wcast-function-type -Wformat-security -Wmissing-variable-declarations -fno-strict-aliasing -fwrapv -Wno-unused-command-line-argument -Wno-compound-token-split-by-macro -O2 -isysroot /Library/Developer/CommandLineTools/SDKs/MacOSX13.3.sdk   conftest.c >&5
configure:14878: $? = 0
configure:14878: gcc -c -Wall -Wmissing-prototypes -Wpointer-arith -Wdeclaration-after-statement -Werror=vla -Werror=unguarded-availability-new -Wendif-labels -Wmissing-format-attribute -Wcast-function-type -Wformat-security -Wmissing-variable-declarations -fno-strict-aliasing -fwrapv -Wno-unused-command-line-argument -Wno-compound-token-split-by-macro -O2 -isysroot /Library/Developer/CommandLineTools/SDKs/MacOSX13.3.sdk   conftest.c >&5
conftest.c:71:28: error: expected expression
if (sizeof ((struct option)))
                           ^
1 error generated.
configure:14878: $? = 1
configure: failed program was:
| /* confdefs.h */
| #define PACKAGE_NAME "PostgreSQL"
| #define PACKAGE_TARNAME "postgresql"
| #define PACKAGE_VERSION "18devel"
| #define PACKAGE_STRING "PostgreSQL 18devel"
| #define PACKAGE_BUGREPORT "pgsql-bugs@lists.postgresql.org"
| #define PACKAGE_URL "https://www.postgresql.org/"
| #define CONFIGURE_ARGS " 'PKG_CONFIG_PATH=/opt/homebrew/opt/icu4c/lib/pkgconfig:/opt/homebrew/opt/libpq/lib/pkgconfig:'"
| #define PG_MAJORVERSION "18"
| #define PG_MAJORVERSION_NUM 18
| #define PG_MINORVERSION_NUM 0
| #define PG_VERSION "18devel"
| #define DEF_PGPORT 5432
| #define DEF_PGPORT_STR "5432"
| #define BLCKSZ 8192
| #define RELSEG_SIZE 131072
| #define XLOG_BLCKSZ 8192
| #define HAVE_VISIBILITY_ATTRIBUTE 1
| #define DLSUFFIX ".dylib"
| #define USE_ICU 1
| #define PG_KRB_SRVNAM "postgres"
| #define STDC_HEADERS 1
| #define HAVE_SYS_TYPES_H 1
| #define HAVE_SYS_STAT_H 1
| #define HAVE_STDLIB_H 1
| #define HAVE_STRING_H 1
| #define HAVE_MEMORY_H 1
| #define HAVE_STRINGS_H 1
| #define HAVE_INTTYPES_H 1
| #define HAVE_STDINT_H 1
| #define HAVE_UNISTD_H 1
| #define HAVE_PTHREAD_PRIO_INHERIT 1
| #define HAVE_PTHREAD 1
| #define HAVE_STRERROR_R 1
| #define STRERROR_R_INT 1
| #define HAVE_LIBM 1
| #define HAVE_LIBREADLINE 1
| #define HAVE_LIBZ 1
| #define HAVE_COPYFILE_H 1
| #define HAVE_EXECINFO_H 1
| #define HAVE_GETOPT_H 1
| #define HAVE_IFADDRS_H 1
| #define HAVE_SYS_EVENT_H 1
| #define HAVE_SYS_UCRED_H 1
| #define HAVE_TERMIOS_H 1
| #define HAVE_XLOCALE_H 1
| #define HAVE_READLINE_READLINE_H 1
| #define HAVE_READLINE_HISTORY_H 1
| #define PG_PRINTF_ATTRIBUTE printf
| #define HAVE__STATIC_ASSERT 1
| #define HAVE_TYPEOF 1
| #define HAVE__BUILTIN_TYPES_COMPATIBLE_P 1
| #define HAVE__BUILTIN_CONSTANT_P 1
| #define HAVE__BUILTIN_OP_OVERFLOW 1
| #define HAVE__BUILTIN_UNREACHABLE 1
| #define HAVE_COMPUTED_GOTO 1
| #define HAVE_STRUCT_TM_TM_ZONE 1
| #define HAVE_UNION_SEMUN 1
| #define HAVE_SOCKLEN_T 1
| #define HAVE_STRUCT_SOCKADDR_SA_LEN 1
| #define restrict __restrict
| #define pg_restrict __restrict
| /* end confdefs.h.  */
| #ifdef HAVE_GETOPT_H
| #include <getopt.h>
| #endif
| 
| int
| main ()
| {
| if (sizeof ((struct option)))
| 	    return 0;
|   ;
|   return 0;
| }
configure:14878: result: yes
configure:14983: checking for special C compiler options needed for large files
configure:15028: result: no
configure:15034: checking for _FILE_OFFSET_BITS value needed for large files
configure:15059: gcc -c -Wall -Wmissing-prototypes -Wpointer-arith -Wdeclaration-after-statement -Werror=vla -Werror=unguarded-availability-new -Wendif-labels -Wmissing-format-attribute -Wcast-function-type -Wformat-security -Wmissing-variable-declarations -fno-strict-aliasing -fwrapv -Wno-unused-command-line-argument -Wno-compound-token-split-by-macro -O2 -isysroot /Library/Developer/CommandLineTools/SDKs/MacOSX13.3.sdk   conftest.c >&5
conftest.c:71:7: warning: no previous extern declaration for non-static variable 'off_t_is_large' [-Wmissing-variable-declarations]
  int off_t_is_large[(LARGE_OFF_T % 2147483629 == 721
      ^
conftest.c:71:3: note: declare 'static' if the variable is not intended to be used outside of this translation unit
  int off_t_is_large[(LARGE_OFF_T % 2147483629 == 721
  ^
1 warning generated.
configure:15059: $? = 0
configure:15091: result: no
configure:15183: checking size of off_t
configure:15188: gcc -o conftest -Wall -Wmissing-prototypes -Wpointer-arith -Wdeclaration-after-statement -Werror=vla -Werror=unguarded-availability-new -Wendif-labels -Wmissing-format-attribute -Wcast-function-type -Wformat-security -Wmissing-variable-declarations -fno-strict-aliasing -fwrapv -Wno-unused-command-line-argument -Wno-compound-token-split-by-macro -O2 -isysroot /Library/Developer/CommandLineTools/SDKs/MacOSX13.3.sdk   -isysroot /Library/Developer/CommandLineTools/SDKs/MacOSX13.3.sdk   conftest.c -lz -lreadline -lm  >&5
configure:15188: $? = 0
configure:15188: ./conftest
configure:15188: $? = 0
configure:15202: result: 8
configure:15225: checking for int timezone
configure:15246: gcc -o conftest -Wall -Wmissing-prototypes -Wpointer-arith -Wdeclaration-after-statement -Werror=vla -Werror=unguarded-availability-new -Wendif-labels -Wmissing-format-attribute -Wcast-function-type -Wformat-security -Wmissing-variable-declarations -fno-strict-aliasing -fwrapv -Wno-unused-command-line-argument -Wno-compound-token-split-by-macro -O2 -isysroot /Library/Developer/CommandLineTools/SDKs/MacOSX13.3.sdk   -isysroot /Library/Developer/CommandLineTools/SDKs/MacOSX13.3.sdk   conftest.c -lz -lreadline -lm  >&5
conftest.c:67:5: warning: no previous extern declaration for non-static variable 'res' [-Wmissing-variable-declarations]
int res;
    ^
conftest.c:67:1: note: declare 'static' if the variable is not intended to be used outside of this translation unit
int res;
^
1 warning generated.
configure:15246: $? = 0
configure:15254: result: yes
configure:15272: checking for backtrace_symbols
configure:15272: gcc -o conftest -Wall -Wmissing-prototypes -Wpointer-arith -Wdeclaration-after-statement -Werror=vla -Werror=unguarded-availability-new -Wendif-labels -Wmissing-format-attribute -Wcast-function-type -Wformat-security -Wmissing-variable-declarations -fno-strict-aliasing -fwrapv -Wno-unused-command-line-argument -Wno-compound-token-split-by-macro -O2 -isysroot /Library/Developer/CommandLineTools/SDKs/MacOSX13.3.sdk   -isysroot /Library/Developer/CommandLineTools/SDKs/MacOSX13.3.sdk   conftest.c -lz  -lm  >&5
configure:15272: $? = 0
configure:15272: result: yes
configure:15272: checking for copyfile
configure:15272: gcc -o conftest -Wall -Wmissing-prototypes -Wpointer-arith -Wdeclaration-after-statement -Werror=vla -Werror=unguarded-availability-new -Wendif-labels -Wmissing-format-attribute -Wcast-function-type -Wformat-security -Wmissing-variable-declarations -fno-strict-aliasing -fwrapv -Wno-unused-command-line-argument -Wno-compound-token-split-by-macro -O2 -isysroot /Library/Developer/CommandLineTools/SDKs/MacOSX13.3.sdk   -isysroot /Library/Developer/CommandLineTools/SDKs/MacOSX13.3.sdk   conftest.c -lz  -lm  >&5
configure:15272: $? = 0
configure:15272: result: yes
configure:15272: checking for copy_file_range
configure:15272: gcc -o conftest -Wall -Wmissing-prototypes -Wpointer-arith -Wdeclaration-after-statement -Werror=vla -Werror=unguarded-availability-new -Wendif-labels -Wmissing-format-attribute -Wcast-function-type -Wformat-security -Wmissing-variable-declarations -fno-strict-aliasing -fwrapv -Wno-unused-command-line-argument -Wno-compound-token-split-by-macro -O2 -isysroot /Library/Developer/CommandLineTools/SDKs/MacOSX13.3.sdk   -isysroot /Library/Developer/CommandLineTools/SDKs/MacOSX13.3.sdk   conftest.c -lz  -lm  >&5
Undefined symbols for architecture arm64:
  "_copy_file_range", referenced from:
      _main in conftest-b365e9.o
ld: symbol(s) not found for architecture arm64
clang: error: linker command failed with exit code 1 (use -v to see invocation)
configure:15272: $? = 1
configure: failed program was:
| /* confdefs.h */
| #define PACKAGE_NAME "PostgreSQL"
| #define PACKAGE_TARNAME "postgresql"
| #define PACKAGE_VERSION "18devel"
| #define PACKAGE_STRING "PostgreSQL 18devel"
| #define PACKAGE_BUGREPORT "pgsql-bugs@lists.postgresql.org"
| #define PACKAGE_URL "https://www.postgresql.org/"
| #define CONFIGURE_ARGS " 'PKG_CONFIG_PATH=/opt/homebrew/opt/icu4c/lib/pkgconfig:/opt/homebrew/opt/libpq/lib/pkgconfig:'"
| #define PG_MAJORVERSION "18"
| #define PG_MAJORVERSION_NUM 18
| #define PG_MINORVERSION_NUM 0
| #define PG_VERSION "18devel"
| #define DEF_PGPORT 5432
| #define DEF_PGPORT_STR "5432"
| #define BLCKSZ 8192
| #define RELSEG_SIZE 131072
| #define XLOG_BLCKSZ 8192
| #define HAVE_VISIBILITY_ATTRIBUTE 1
| #define DLSUFFIX ".dylib"
| #define USE_ICU 1
| #define PG_KRB_SRVNAM "postgres"
| #define STDC_HEADERS 1
| #define HAVE_SYS_TYPES_H 1
| #define HAVE_SYS_STAT_H 1
| #define HAVE_STDLIB_H 1
| #define HAVE_STRING_H 1
| #define HAVE_MEMORY_H 1
| #define HAVE_STRINGS_H 1
| #define HAVE_INTTYPES_H 1
| #define HAVE_STDINT_H 1
| #define HAVE_UNISTD_H 1
| #define HAVE_PTHREAD_PRIO_INHERIT 1
| #define HAVE_PTHREAD 1
| #define HAVE_STRERROR_R 1
| #define STRERROR_R_INT 1
| #define HAVE_LIBM 1
| #define HAVE_LIBREADLINE 1
| #define HAVE_LIBZ 1
| #define HAVE_COPYFILE_H 1
| #define HAVE_EXECINFO_H 1
| #define HAVE_GETOPT_H 1
| #define HAVE_IFADDRS_H 1
| #define HAVE_SYS_EVENT_H 1
| #define HAVE_SYS_UCRED_H 1
| #define HAVE_TERMIOS_H 1
| #define HAVE_XLOCALE_H 1
| #define HAVE_READLINE_READLINE_H 1
| #define HAVE_READLINE_HISTORY_H 1
| #define PG_PRINTF_ATTRIBUTE printf
| #define HAVE__STATIC_ASSERT 1
| #define HAVE_TYPEOF 1
| #define HAVE__BUILTIN_TYPES_COMPATIBLE_P 1
| #define HAVE__BUILTIN_CONSTANT_P 1
| #define HAVE__BUILTIN_OP_OVERFLOW 1
| #define HAVE__BUILTIN_UNREACHABLE 1
| #define HAVE_COMPUTED_GOTO 1
| #define HAVE_STRUCT_TM_TM_ZONE 1
| #define HAVE_UNION_SEMUN 1
| #define HAVE_SOCKLEN_T 1
| #define HAVE_STRUCT_SOCKADDR_SA_LEN 1
| #define restrict __restrict
| #define pg_restrict __restrict
| #define HAVE_STRUCT_OPTION 1
| #define SIZEOF_OFF_T 8
| #define HAVE_INT_TIMEZONE 1
| #define HAVE_BACKTRACE_SYMBOLS 1
| #define HAVE_COPYFILE 1
| /* end confdefs.h.  */
| /* Define copy_file_range to an innocuous variant, in case <limits.h> declares copy_file_range.
|    For example, HP-UX 11i <limits.h> declares gettimeofday.  */
| #define copy_file_range innocuous_copy_file_range
| 
| /* System header to define __stub macros and hopefully few prototypes,
|     which can conflict with char copy_file_range (); below.
|     Prefer <limits.h> to <assert.h> if __STDC__ is defined, since
|     <limits.h> exists even on freestanding compilers.  */
| 
| #ifdef __STDC__
| # include <limits.h>
| #else
| # include <assert.h>
| #endif
| 
| #undef copy_file_range
| 
| /* Override any GCC internal prototype to avoid an error.
|    Use char because int might match the return type of a GCC
|    builtin and then its argument prototype would still apply.  */
| #ifdef __cplusplus
| extern "C"
| #endif
| char copy_file_range ();
| /* The GNU C library defines this for functions which it implements
|     to always fail with ENOSYS.  Some functions are actually named
|     something starting with __ and the normal name is an alias.  */
| #if defined __stub_copy_file_range || defined __stub___copy_file_range
| choke me
| #endif
| 
| int
| main ()
| {
| return copy_file_range ();
|   ;
|   return 0;
| }
configure:15272: result: no
configure:15272: checking for elf_aux_info
configure:15272: gcc -o conftest -Wall -Wmissing-prototypes -Wpointer-arith -Wdeclaration-after-statement -Werror=vla -Werror=unguarded-availability-new -Wendif-labels -Wmissing-format-attribute -Wcast-function-type -Wformat-security -Wmissing-variable-declarations -fno-strict-aliasing -fwrapv -Wno-unused-command-line-argument -Wno-compound-token-split-by-macro -O2 -isysroot /Library/Developer/CommandLineTools/SDKs/MacOSX13.3.sdk   -isysroot /Library/Developer/CommandLineTools/SDKs/MacOSX13.3.sdk   conftest.c -lz  -lm  >&5
Undefined symbols for architecture arm64:
  "_elf_aux_info", referenced from:
      _main in conftest-3e6de1.o
ld: symbol(s) not found for architecture arm64
clang: error: linker command failed with exit code 1 (use -v to see invocation)
configure:15272: $? = 1
configure: failed program was:
| /* confdefs.h */
| #define PACKAGE_NAME "PostgreSQL"
| #define PACKAGE_TARNAME "postgresql"
| #define PACKAGE_VERSION "18devel"
| #define PACKAGE_STRING "PostgreSQL 18devel"
| #define PACKAGE_BUGREPORT "pgsql-bugs@lists.postgresql.org"
| #define PACKAGE_URL "https://www.postgresql.org/"
| #define CONFIGURE_ARGS " 'PKG_CONFIG_PATH=/opt/homebrew/opt/icu4c/lib/pkgconfig:/opt/homebrew/opt/libpq/lib/pkgconfig:'"
| #define PG_MAJORVERSION "18"
| #define PG_MAJORVERSION_NUM 18
| #define PG_MINORVERSION_NUM 0
| #define PG_VERSION "18devel"
| #define DEF_PGPORT 5432
| #define DEF_PGPORT_STR "5432"
| #define BLCKSZ 8192
| #define RELSEG_SIZE 131072
| #define XLOG_BLCKSZ 8192
| #define HAVE_VISIBILITY_ATTRIBUTE 1
| #define DLSUFFIX ".dylib"
| #define USE_ICU 1
| #define PG_KRB_SRVNAM "postgres"
| #define STDC_HEADERS 1
| #define HAVE_SYS_TYPES_H 1
| #define HAVE_SYS_STAT_H 1
| #define HAVE_STDLIB_H 1
| #define HAVE_STRING_H 1
| #define HAVE_MEMORY_H 1
| #define HAVE_STRINGS_H 1
| #define HAVE_INTTYPES_H 1
| #define HAVE_STDINT_H 1
| #define HAVE_UNISTD_H 1
| #define HAVE_PTHREAD_PRIO_INHERIT 1
| #define HAVE_PTHREAD 1
| #define HAVE_STRERROR_R 1
| #define STRERROR_R_INT 1
| #define HAVE_LIBM 1
| #define HAVE_LIBREADLINE 1
| #define HAVE_LIBZ 1
| #define HAVE_COPYFILE_H 1
| #define HAVE_EXECINFO_H 1
| #define HAVE_GETOPT_H 1
| #define HAVE_IFADDRS_H 1
| #define HAVE_SYS_EVENT_H 1
| #define HAVE_SYS_UCRED_H 1
| #define HAVE_TERMIOS_H 1
| #define HAVE_XLOCALE_H 1
| #define HAVE_READLINE_READLINE_H 1
| #define HAVE_READLINE_HISTORY_H 1
| #define PG_PRINTF_ATTRIBUTE printf
| #define HAVE__STATIC_ASSERT 1
| #define HAVE_TYPEOF 1
| #define HAVE__BUILTIN_TYPES_COMPATIBLE_P 1
| #define HAVE__BUILTIN_CONSTANT_P 1
| #define HAVE__BUILTIN_OP_OVERFLOW 1
| #define HAVE__BUILTIN_UNREACHABLE 1
| #define HAVE_COMPUTED_GOTO 1
| #define HAVE_STRUCT_TM_TM_ZONE 1
| #define HAVE_UNION_SEMUN 1
| #define HAVE_SOCKLEN_T 1
| #define HAVE_STRUCT_SOCKADDR_SA_LEN 1
| #define restrict __restrict
| #define pg_restrict __restrict
| #define HAVE_STRUCT_OPTION 1
| #define SIZEOF_OFF_T 8
| #define HAVE_INT_TIMEZONE 1
| #define HAVE_BACKTRACE_SYMBOLS 1
| #define HAVE_COPYFILE 1
| /* end confdefs.h.  */
| /* Define elf_aux_info to an innocuous variant, in case <limits.h> declares elf_aux_info.
|    For example, HP-UX 11i <limits.h> declares gettimeofday.  */
| #define elf_aux_info innocuous_elf_aux_info
| 
| /* System header to define __stub macros and hopefully few prototypes,
|     which can conflict with char elf_aux_info (); below.
|     Prefer <limits.h> to <assert.h> if __STDC__ is defined, since
|     <limits.h> exists even on freestanding compilers.  */
| 
| #ifdef __STDC__
| # include <limits.h>
| #else
| # include <assert.h>
| #endif
| 
| #undef elf_aux_info
| 
| /* Override any GCC internal prototype to avoid an error.
|    Use char because int might match the return type of a GCC
|    builtin and then its argument prototype would still apply.  */
| #ifdef __cplusplus
| extern "C"
| #endif
| char elf_aux_info ();
| /* The GNU C library defines this for functions which it implements
|     to always fail with ENOSYS.  Some functions are actually named
|     something starting with __ and the normal name is an alias.  */
| #if defined __stub_elf_aux_info || defined __stub___elf_aux_info
| choke me
| #endif
| 
| int
| main ()
| {
| return elf_aux_info ();
|   ;
|   return 0;
| }
configure:15272: result: no
configure:15272: checking for getauxval
configure:15272: gcc -o conftest -Wall -Wmissing-prototypes -Wpointer-arith -Wdeclaration-after-statement -Werror=vla -Werror=unguarded-availability-new -Wendif-labels -Wmissing-format-attribute -Wcast-function-type -Wformat-security -Wmissing-variable-declarations -fno-strict-aliasing -fwrapv -Wno-unused-command-line-argument -Wno-compound-token-split-by-macro -O2 -isysroot /Library/Developer/CommandLineTools/SDKs/MacOSX13.3.sdk   -isysroot /Library/Developer/CommandLineTools/SDKs/MacOSX13.3.sdk   conftest.c -lz  -lm  >&5
Undefined symbols for architecture arm64:
  "_getauxval", referenced from:
      _main in conftest-adf236.o
ld: symbol(s) not found for architecture arm64
clang: error: linker command failed with exit code 1 (use -v to see invocation)
configure:15272: $? = 1
configure: failed program was:
| /* confdefs.h */
| #define PACKAGE_NAME "PostgreSQL"
| #define PACKAGE_TARNAME "postgresql"
| #define PACKAGE_VERSION "18devel"
| #define PACKAGE_STRING "PostgreSQL 18devel"
| #define PACKAGE_BUGREPORT "pgsql-bugs@lists.postgresql.org"
| #define PACKAGE_URL "https://www.postgresql.org/"
| #define CONFIGURE_ARGS " 'PKG_CONFIG_PATH=/opt/homebrew/opt/icu4c/lib/pkgconfig:/opt/homebrew/opt/libpq/lib/pkgconfig:'"
| #define PG_MAJORVERSION "18"
| #define PG_MAJORVERSION_NUM 18
| #define PG_MINORVERSION_NUM 0
| #define PG_VERSION "18devel"
| #define DEF_PGPORT 5432
| #define DEF_PGPORT_STR "5432"
| #define BLCKSZ 8192
| #define RELSEG_SIZE 131072
| #define XLOG_BLCKSZ 8192
| #define HAVE_VISIBILITY_ATTRIBUTE 1
| #define DLSUFFIX ".dylib"
| #define USE_ICU 1
| #define PG_KRB_SRVNAM "postgres"
| #define STDC_HEADERS 1
| #define HAVE_SYS_TYPES_H 1
| #define HAVE_SYS_STAT_H 1
| #define HAVE_STDLIB_H 1
| #define HAVE_STRING_H 1
| #define HAVE_MEMORY_H 1
| #define HAVE_STRINGS_H 1
| #define HAVE_INTTYPES_H 1
| #define HAVE_STDINT_H 1
| #define HAVE_UNISTD_H 1
| #define HAVE_PTHREAD_PRIO_INHERIT 1
| #define HAVE_PTHREAD 1
| #define HAVE_STRERROR_R 1
| #define STRERROR_R_INT 1
| #define HAVE_LIBM 1
| #define HAVE_LIBREADLINE 1
| #define HAVE_LIBZ 1
| #define HAVE_COPYFILE_H 1
| #define HAVE_EXECINFO_H 1
| #define HAVE_GETOPT_H 1
| #define HAVE_IFADDRS_H 1
| #define HAVE_SYS_EVENT_H 1
| #define HAVE_SYS_UCRED_H 1
| #define HAVE_TERMIOS_H 1
| #define HAVE_XLOCALE_H 1
| #define HAVE_READLINE_READLINE_H 1
| #define HAVE_READLINE_HISTORY_H 1
| #define PG_PRINTF_ATTRIBUTE printf
| #define HAVE__STATIC_ASSERT 1
| #define HAVE_TYPEOF 1
| #define HAVE__BUILTIN_TYPES_COMPATIBLE_P 1
| #define HAVE__BUILTIN_CONSTANT_P 1
| #define HAVE__BUILTIN_OP_OVERFLOW 1
| #define HAVE__BUILTIN_UNREACHABLE 1
| #define HAVE_COMPUTED_GOTO 1
| #define HAVE_STRUCT_TM_TM_ZONE 1
| #define HAVE_UNION_SEMUN 1
| #define HAVE_SOCKLEN_T 1
| #define HAVE_STRUCT_SOCKADDR_SA_LEN 1
| #define restrict __restrict
| #define pg_restrict __restrict
| #define HAVE_STRUCT_OPTION 1
| #define SIZEOF_OFF_T 8
| #define HAVE_INT_TIMEZONE 1
| #define HAVE_BACKTRACE_SYMBOLS 1
| #define HAVE_COPYFILE 1
| /* end confdefs.h.  */
| /* Define getauxval to an innocuous variant, in case <limits.h> declares getauxval.
|    For example, HP-UX 11i <limits.h> declares gettimeofday.  */
| #define getauxval innocuous_getauxval
| 
| /* System header to define __stub macros and hopefully few prototypes,
|     which can conflict with char getauxval (); below.
|     Prefer <limits.h> to <assert.h> if __STDC__ is defined, since
|     <limits.h> exists even on freestanding compilers.  */
| 
| #ifdef __STDC__
| # include <limits.h>
| #else
| # include <assert.h>
| #endif
| 
| #undef getauxval
| 
| /* Override any GCC internal prototype to avoid an error.
|    Use char because int might match the return type of a GCC
|    builtin and then its argument prototype would still apply.  */
| #ifdef __cplusplus
| extern "C"
| #endif
| char getauxval ();
| /* The GNU C library defines this for functions which it implements
|     to always fail with ENOSYS.  Some functions are actually named
|     something starting with __ and the normal name is an alias.  */
| #if defined __stub_getauxval || defined __stub___getauxval
| choke me
| #endif
| 
| int
| main ()
| {
| return getauxval ();
|   ;
|   return 0;
| }
configure:15272: result: no
configure:15272: checking for getifaddrs
configure:15272: gcc -o conftest -Wall -Wmissing-prototypes -Wpointer-arith -Wdeclaration-after-statement -Werror=vla -Werror=unguarded-availability-new -Wendif-labels -Wmissing-format-attribute -Wcast-function-type -Wformat-security -Wmissing-variable-declarations -fno-strict-aliasing -fwrapv -Wno-unused-command-line-argument -Wno-compound-token-split-by-macro -O2 -isysroot /Library/Developer/CommandLineTools/SDKs/MacOSX13.3.sdk   -isysroot /Library/Developer/CommandLineTools/SDKs/MacOSX13.3.sdk   conftest.c -lz  -lm  >&5
configure:15272: $? = 0
configure:15272: result: yes
configure:15272: checking for getpeerucred
configure:15272: gcc -o conftest -Wall -Wmissing-prototypes -Wpointer-arith -Wdeclaration-after-statement -Werror=vla -Werror=unguarded-availability-new -Wendif-labels -Wmissing-format-attribute -Wcast-function-type -Wformat-security -Wmissing-variable-declarations -fno-strict-aliasing -fwrapv -Wno-unused-command-line-argument -Wno-compound-token-split-by-macro -O2 -isysroot /Library/Developer/CommandLineTools/SDKs/MacOSX13.3.sdk   -isysroot /Library/Developer/CommandLineTools/SDKs/MacOSX13.3.sdk   conftest.c -lz  -lm  >&5
Undefined symbols for architecture arm64:
  "_getpeerucred", referenced from:
      _main in conftest-d3ec43.o
ld: symbol(s) not found for architecture arm64
clang: error: linker command failed with exit code 1 (use -v to see invocation)
configure:15272: $? = 1
configure: failed program was:
| /* confdefs.h */
| #define PACKAGE_NAME "PostgreSQL"
| #define PACKAGE_TARNAME "postgresql"
| #define PACKAGE_VERSION "18devel"
| #define PACKAGE_STRING "PostgreSQL 18devel"
| #define PACKAGE_BUGREPORT "pgsql-bugs@lists.postgresql.org"
| #define PACKAGE_URL "https://www.postgresql.org/"
| #define CONFIGURE_ARGS " 'PKG_CONFIG_PATH=/opt/homebrew/opt/icu4c/lib/pkgconfig:/opt/homebrew/opt/libpq/lib/pkgconfig:'"
| #define PG_MAJORVERSION "18"
| #define PG_MAJORVERSION_NUM 18
| #define PG_MINORVERSION_NUM 0
| #define PG_VERSION "18devel"
| #define DEF_PGPORT 5432
| #define DEF_PGPORT_STR "5432"
| #define BLCKSZ 8192
| #define RELSEG_SIZE 131072
| #define XLOG_BLCKSZ 8192
| #define HAVE_VISIBILITY_ATTRIBUTE 1
| #define DLSUFFIX ".dylib"
| #define USE_ICU 1
| #define PG_KRB_SRVNAM "postgres"
| #define STDC_HEADERS 1
| #define HAVE_SYS_TYPES_H 1
| #define HAVE_SYS_STAT_H 1
| #define HAVE_STDLIB_H 1
| #define HAVE_STRING_H 1
| #define HAVE_MEMORY_H 1
| #define HAVE_STRINGS_H 1
| #define HAVE_INTTYPES_H 1
| #define HAVE_STDINT_H 1
| #define HAVE_UNISTD_H 1
| #define HAVE_PTHREAD_PRIO_INHERIT 1
| #define HAVE_PTHREAD 1
| #define HAVE_STRERROR_R 1
| #define STRERROR_R_INT 1
| #define HAVE_LIBM 1
| #define HAVE_LIBREADLINE 1
| #define HAVE_LIBZ 1
| #define HAVE_COPYFILE_H 1
| #define HAVE_EXECINFO_H 1
| #define HAVE_GETOPT_H 1
| #define HAVE_IFADDRS_H 1
| #define HAVE_SYS_EVENT_H 1
| #define HAVE_SYS_UCRED_H 1
| #define HAVE_TERMIOS_H 1
| #define HAVE_XLOCALE_H 1
| #define HAVE_READLINE_READLINE_H 1
| #define HAVE_READLINE_HISTORY_H 1
| #define PG_PRINTF_ATTRIBUTE printf
| #define HAVE__STATIC_ASSERT 1
| #define HAVE_TYPEOF 1
| #define HAVE__BUILTIN_TYPES_COMPATIBLE_P 1
| #define HAVE__BUILTIN_CONSTANT_P 1
| #define HAVE__BUILTIN_OP_OVERFLOW 1
| #define HAVE__BUILTIN_UNREACHABLE 1
| #define HAVE_COMPUTED_GOTO 1
| #define HAVE_STRUCT_TM_TM_ZONE 1
| #define HAVE_UNION_SEMUN 1
| #define HAVE_SOCKLEN_T 1
| #define HAVE_STRUCT_SOCKADDR_SA_LEN 1
| #define restrict __restrict
| #define pg_restrict __restrict
| #define HAVE_STRUCT_OPTION 1
| #define SIZEOF_OFF_T 8
| #define HAVE_INT_TIMEZONE 1
| #define HAVE_BACKTRACE_SYMBOLS 1
| #define HAVE_COPYFILE 1
| #define HAVE_GETIFADDRS 1
| /* end confdefs.h.  */
| /* Define getpeerucred to an innocuous variant, in case <limits.h> declares getpeerucred.
|    For example, HP-UX 11i <limits.h> declares gettimeofday.  */
| #define getpeerucred innocuous_getpeerucred
| 
| /* System header to define __stub macros and hopefully few prototypes,
|     which can conflict with char getpeerucred (); below.
|     Prefer <limits.h> to <assert.h> if __STDC__ is defined, since
|     <limits.h> exists even on freestanding compilers.  */
| 
| #ifdef __STDC__
| # include <limits.h>
| #else
| # include <assert.h>
| #endif
| 
| #undef getpeerucred
| 
| /* Override any GCC internal prototype to avoid an error.
|    Use char because int might match the return type of a GCC
|    builtin and then its argument prototype would still apply.  */
| #ifdef __cplusplus
| extern "C"
| #endif
| char getpeerucred ();
| /* The GNU C library defines this for functions which it implements
|     to always fail with ENOSYS.  Some functions are actually named
|     something starting with __ and the normal name is an alias.  */
| #if defined __stub_getpeerucred || defined __stub___getpeerucred
| choke me
| #endif
| 
| int
| main ()
| {
| return getpeerucred ();
|   ;
|   return 0;
| }
configure:15272: result: no
configure:15272: checking for inet_pton
configure:15272: gcc -o conftest -Wall -Wmissing-prototypes -Wpointer-arith -Wdeclaration-after-statement -Werror=vla -Werror=unguarded-availability-new -Wendif-labels -Wmissing-format-attribute -Wcast-function-type -Wformat-security -Wmissing-variable-declarations -fno-strict-aliasing -fwrapv -Wno-unused-command-line-argument -Wno-compound-token-split-by-macro -O2 -isysroot /Library/Developer/CommandLineTools/SDKs/MacOSX13.3.sdk   -isysroot /Library/Developer/CommandLineTools/SDKs/MacOSX13.3.sdk   conftest.c -lz  -lm  >&5
configure:15272: $? = 0
configure:15272: result: yes
configure:15272: checking for kqueue
configure:15272: gcc -o conftest -Wall -Wmissing-prototypes -Wpointer-arith -Wdeclaration-after-statement -Werror=vla -Werror=unguarded-availability-new -Wendif-labels -Wmissing-format-attribute -Wcast-function-type -Wformat-security -Wmissing-variable-declarations -fno-strict-aliasing -fwrapv -Wno-unused-command-line-argument -Wno-compound-token-split-by-macro -O2 -isysroot /Library/Developer/CommandLineTools/SDKs/MacOSX13.3.sdk   -isysroot /Library/Developer/CommandLineTools/SDKs/MacOSX13.3.sdk   conftest.c -lz  -lm  >&5
configure:15272: $? = 0
configure:15272: result: yes
configure:15272: checking for mbstowcs_l
configure:15272: gcc -o conftest -Wall -Wmissing-prototypes -Wpointer-arith -Wdeclaration-after-statement -Werror=vla -Werror=unguarded-availability-new -Wendif-labels -Wmissing-format-attribute -Wcast-function-type -Wformat-security -Wmissing-variable-declarations -fno-strict-aliasing -fwrapv -Wno-unused-command-line-argument -Wno-compound-token-split-by-macro -O2 -isysroot /Library/Developer/CommandLineTools/SDKs/MacOSX13.3.sdk   -isysroot /Library/Developer/CommandLineTools/SDKs/MacOSX13.3.sdk   conftest.c -lz  -lm  >&5
configure:15272: $? = 0
configure:15272: result: yes
configure:15272: checking for memset_s
configure:15272: gcc -o conftest -Wall -Wmissing-prototypes -Wpointer-arith -Wdeclaration-after-statement -Werror=vla -Werror=unguarded-availability-new -Wendif-labels -Wmissing-format-attribute -Wcast-function-type -Wformat-security -Wmissing-variable-declarations -fno-strict-aliasing -fwrapv -Wno-unused-command-line-argument -Wno-compound-token-split-by-macro -O2 -isysroot /Library/Developer/CommandLineTools/SDKs/MacOSX13.3.sdk   -isysroot /Library/Developer/CommandLineTools/SDKs/MacOSX13.3.sdk   conftest.c -lz  -lm  >&5
configure:15272: $? = 0
configure:15272: result: yes
configure:15272: checking for posix_fallocate
configure:15272: gcc -o conftest -Wall -Wmissing-prototypes -Wpointer-arith -Wdeclaration-after-statement -Werror=vla -Werror=unguarded-availability-new -Wendif-labels -Wmissing-format-attribute -Wcast-function-type -Wformat-security -Wmissing-variable-declarations -fno-strict-aliasing -fwrapv -Wno-unused-command-line-argument -Wno-compound-token-split-by-macro -O2 -isysroot /Library/Developer/CommandLineTools/SDKs/MacOSX13.3.sdk   -isysroot /Library/Developer/CommandLineTools/SDKs/MacOSX13.3.sdk   conftest.c -lz  -lm  >&5
Undefined symbols for architecture arm64:
  "_posix_fallocate", referenced from:
      _main in conftest-752662.o
ld: symbol(s) not found for architecture arm64
clang: error: linker command failed with exit code 1 (use -v to see invocation)
configure:15272: $? = 1
configure: failed program was:
| /* confdefs.h */
| #define PACKAGE_NAME "PostgreSQL"
| #define PACKAGE_TARNAME "postgresql"
| #define PACKAGE_VERSION "18devel"
| #define PACKAGE_STRING "PostgreSQL 18devel"
| #define PACKAGE_BUGREPORT "pgsql-bugs@lists.postgresql.org"
| #define PACKAGE_URL "https://www.postgresql.org/"
| #define CONFIGURE_ARGS " 'PKG_CONFIG_PATH=/opt/homebrew/opt/icu4c/lib/pkgconfig:/opt/homebrew/opt/libpq/lib/pkgconfig:'"
| #define PG_MAJORVERSION "18"
| #define PG_MAJORVERSION_NUM 18
| #define PG_MINORVERSION_NUM 0
| #define PG_VERSION "18devel"
| #define DEF_PGPORT 5432
| #define DEF_PGPORT_STR "5432"
| #define BLCKSZ 8192
| #define RELSEG_SIZE 131072
| #define XLOG_BLCKSZ 8192
| #define HAVE_VISIBILITY_ATTRIBUTE 1
| #define DLSUFFIX ".dylib"
| #define USE_ICU 1
| #define PG_KRB_SRVNAM "postgres"
| #define STDC_HEADERS 1
| #define HAVE_SYS_TYPES_H 1
| #define HAVE_SYS_STAT_H 1
| #define HAVE_STDLIB_H 1
| #define HAVE_STRING_H 1
| #define HAVE_MEMORY_H 1
| #define HAVE_STRINGS_H 1
| #define HAVE_INTTYPES_H 1
| #define HAVE_STDINT_H 1
| #define HAVE_UNISTD_H 1
| #define HAVE_PTHREAD_PRIO_INHERIT 1
| #define HAVE_PTHREAD 1
| #define HAVE_STRERROR_R 1
| #define STRERROR_R_INT 1
| #define HAVE_LIBM 1
| #define HAVE_LIBREADLINE 1
| #define HAVE_LIBZ 1
| #define HAVE_COPYFILE_H 1
| #define HAVE_EXECINFO_H 1
| #define HAVE_GETOPT_H 1
| #define HAVE_IFADDRS_H 1
| #define HAVE_SYS_EVENT_H 1
| #define HAVE_SYS_UCRED_H 1
| #define HAVE_TERMIOS_H 1
| #define HAVE_XLOCALE_H 1
| #define HAVE_READLINE_READLINE_H 1
| #define HAVE_READLINE_HISTORY_H 1
| #define PG_PRINTF_ATTRIBUTE printf
| #define HAVE__STATIC_ASSERT 1
| #define HAVE_TYPEOF 1
| #define HAVE__BUILTIN_TYPES_COMPATIBLE_P 1
| #define HAVE__BUILTIN_CONSTANT_P 1
| #define HAVE__BUILTIN_OP_OVERFLOW 1
| #define HAVE__BUILTIN_UNREACHABLE 1
| #define HAVE_COMPUTED_GOTO 1
| #define HAVE_STRUCT_TM_TM_ZONE 1
| #define HAVE_UNION_SEMUN 1
| #define HAVE_SOCKLEN_T 1
| #define HAVE_STRUCT_SOCKADDR_SA_LEN 1
| #define restrict __restrict
| #define pg_restrict __restrict
| #define HAVE_STRUCT_OPTION 1
| #define SIZEOF_OFF_T 8
| #define HAVE_INT_TIMEZONE 1
| #define HAVE_BACKTRACE_SYMBOLS 1
| #define HAVE_COPYFILE 1
| #define HAVE_GETIFADDRS 1
| #define HAVE_INET_PTON 1
| #define HAVE_KQUEUE 1
| #define HAVE_MBSTOWCS_L 1
| #define HAVE_MEMSET_S 1
| /* end confdefs.h.  */
| /* Define posix_fallocate to an innocuous variant, in case <limits.h> declares posix_fallocate.
|    For example, HP-UX 11i <limits.h> declares gettimeofday.  */
| #define posix_fallocate innocuous_posix_fallocate
| 
| /* System header to define __stub macros and hopefully few prototypes,
|     which can conflict with char posix_fallocate (); below.
|     Prefer <limits.h> to <assert.h> if __STDC__ is defined, since
|     <limits.h> exists even on freestanding compilers.  */
| 
| #ifdef __STDC__
| # include <limits.h>
| #else
| # include <assert.h>
| #endif
| 
| #undef posix_fallocate
| 
| /* Override any GCC internal prototype to avoid an error.
|    Use char because int might match the return type of a GCC
|    builtin and then its argument prototype would still apply.  */
| #ifdef __cplusplus
| extern "C"
| #endif
| char posix_fallocate ();
| /* The GNU C library defines this for functions which it implements
|     to always fail with ENOSYS.  Some functions are actually named
|     something starting with __ and the normal name is an alias.  */
| #if defined __stub_posix_fallocate || defined __stub___posix_fallocate
| choke me
| #endif
| 
| int
| main ()
| {
| return posix_fallocate ();
|   ;
|   return 0;
| }
configure:15272: result: no
configure:15272: checking for ppoll
configure:15272: gcc -o conftest -Wall -Wmissing-prototypes -Wpointer-arith -Wdeclaration-after-statement -Werror=vla -Werror=unguarded-availability-new -Wendif-labels -Wmissing-format-attribute -Wcast-function-type -Wformat-security -Wmissing-variable-declarations -fno-strict-aliasing -fwrapv -Wno-unused-command-line-argument -Wno-compound-token-split-by-macro -O2 -isysroot /Library/Developer/CommandLineTools/SDKs/MacOSX13.3.sdk   -isysroot /Library/Developer/CommandLineTools/SDKs/MacOSX13.3.sdk   conftest.c -lz  -lm  >&5
Undefined symbols for architecture arm64:
  "_ppoll", referenced from:
      _main in conftest-a5a2d2.o
ld: symbol(s) not found for architecture arm64
clang: error: linker command failed with exit code 1 (use -v to see invocation)
configure:15272: $? = 1
configure: failed program was:
| /* confdefs.h */
| #define PACKAGE_NAME "PostgreSQL"
| #define PACKAGE_TARNAME "postgresql"
| #define PACKAGE_VERSION "18devel"
| #define PACKAGE_STRING "PostgreSQL 18devel"
| #define PACKAGE_BUGREPORT "pgsql-bugs@lists.postgresql.org"
| #define PACKAGE_URL "https://www.postgresql.org/"
| #define CONFIGURE_ARGS " 'PKG_CONFIG_PATH=/opt/homebrew/opt/icu4c/lib/pkgconfig:/opt/homebrew/opt/libpq/lib/pkgconfig:'"
| #define PG_MAJORVERSION "18"
| #define PG_MAJORVERSION_NUM 18
| #define PG_MINORVERSION_NUM 0
| #define PG_VERSION "18devel"
| #define DEF_PGPORT 5432
| #define DEF_PGPORT_STR "5432"
| #define BLCKSZ 8192
| #define RELSEG_SIZE 131072
| #define XLOG_BLCKSZ 8192
| #define HAVE_VISIBILITY_ATTRIBUTE 1
| #define DLSUFFIX ".dylib"
| #define USE_ICU 1
| #define PG_KRB_SRVNAM "postgres"
| #define STDC_HEADERS 1
| #define HAVE_SYS_TYPES_H 1
| #define HAVE_SYS_STAT_H 1
| #define HAVE_STDLIB_H 1
| #define HAVE_STRING_H 1
| #define HAVE_MEMORY_H 1
| #define HAVE_STRINGS_H 1
| #define HAVE_INTTYPES_H 1
| #define HAVE_STDINT_H 1
| #define HAVE_UNISTD_H 1
| #define HAVE_PTHREAD_PRIO_INHERIT 1
| #define HAVE_PTHREAD 1
| #define HAVE_STRERROR_R 1
| #define STRERROR_R_INT 1
| #define HAVE_LIBM 1
| #define HAVE_LIBREADLINE 1
| #define HAVE_LIBZ 1
| #define HAVE_COPYFILE_H 1
| #define HAVE_EXECINFO_H 1
| #define HAVE_GETOPT_H 1
| #define HAVE_IFADDRS_H 1
| #define HAVE_SYS_EVENT_H 1
| #define HAVE_SYS_UCRED_H 1
| #define HAVE_TERMIOS_H 1
| #define HAVE_XLOCALE_H 1
| #define HAVE_READLINE_READLINE_H 1
| #define HAVE_READLINE_HISTORY_H 1
| #define PG_PRINTF_ATTRIBUTE printf
| #define HAVE__STATIC_ASSERT 1
| #define HAVE_TYPEOF 1
| #define HAVE__BUILTIN_TYPES_COMPATIBLE_P 1
| #define HAVE__BUILTIN_CONSTANT_P 1
| #define HAVE__BUILTIN_OP_OVERFLOW 1
| #define HAVE__BUILTIN_UNREACHABLE 1
| #define HAVE_COMPUTED_GOTO 1
| #define HAVE_STRUCT_TM_TM_ZONE 1
| #define HAVE_UNION_SEMUN 1
| #define HAVE_SOCKLEN_T 1
| #define HAVE_STRUCT_SOCKADDR_SA_LEN 1
| #define restrict __restrict
| #define pg_restrict __restrict
| #define HAVE_STRUCT_OPTION 1
| #define SIZEOF_OFF_T 8
| #define HAVE_INT_TIMEZONE 1
| #define HAVE_BACKTRACE_SYMBOLS 1
| #define HAVE_COPYFILE 1
| #define HAVE_GETIFADDRS 1
| #define HAVE_INET_PTON 1
| #define HAVE_KQUEUE 1
| #define HAVE_MBSTOWCS_L 1
| #define HAVE_MEMSET_S 1
| /* end confdefs.h.  */
| /* Define ppoll to an innocuous variant, in case <limits.h> declares ppoll.
|    For example, HP-UX 11i <limits.h> declares gettimeofday.  */
| #define ppoll innocuous_ppoll
| 
| /* System header to define __stub macros and hopefully few prototypes,
|     which can conflict with char ppoll (); below.
|     Prefer <limits.h> to <assert.h> if __STDC__ is defined, since
|     <limits.h> exists even on freestanding compilers.  */
| 
| #ifdef __STDC__
| # include <limits.h>
| #else
| # include <assert.h>
| #endif
| 
| #undef ppoll
| 
| /* Override any GCC internal prototype to avoid an error.
|    Use char because int might match the return type of a GCC
|    builtin and then its argument prototype would still apply.  */
| #ifdef __cplusplus
| extern "C"
| #endif
| char ppoll ();
| /* The GNU C library defines this for functions which it implements
|     to always fail with ENOSYS.  Some functions are actually named
|     something starting with __ and the normal name is an alias.  */
| #if defined __stub_ppoll || defined __stub___ppoll
| choke me
| #endif
| 
| int
| main ()
| {
| return ppoll ();
|   ;
|   return 0;
| }
configure:15272: result: no
configure:15272: checking for pthread_is_threaded_np
configure:15272: gcc -o conftest -Wall -Wmissing-prototypes -Wpointer-arith -Wdeclaration-after-statement -Werror=vla -Werror=unguarded-availability-new -Wendif-labels -Wmissing-format-attribute -Wcast-function-type -Wformat-security -Wmissing-variable-declarations -fno-strict-aliasing -fwrapv -Wno-unused-command-line-argument -Wno-compound-token-split-by-macro -O2 -isysroot /Library/Developer/CommandLineTools/SDKs/MacOSX13.3.sdk   -isysroot /Library/Developer/CommandLineTools/SDKs/MacOSX13.3.sdk   conftest.c -lz  -lm  >&5
configure:15272: $? = 0
configure:15272: result: yes
configure:15272: checking for setproctitle
configure:15272: gcc -o conftest -Wall -Wmissing-prototypes -Wpointer-arith -Wdeclaration-after-statement -Werror=vla -Werror=unguarded-availability-new -Wendif-labels -Wmissing-format-attribute -Wcast-function-type -Wformat-security -Wmissing-variable-declarations -fno-strict-aliasing -fwrapv -Wno-unused-command-line-argument -Wno-compound-token-split-by-macro -O2 -isysroot /Library/Developer/CommandLineTools/SDKs/MacOSX13.3.sdk   -isysroot /Library/Developer/CommandLineTools/SDKs/MacOSX13.3.sdk   conftest.c -lz  -lm  >&5
Undefined symbols for architecture arm64:
  "_setproctitle", referenced from:
      _main in conftest-4de6fd.o
ld: symbol(s) not found for architecture arm64
clang: error: linker command failed with exit code 1 (use -v to see invocation)
configure:15272: $? = 1
configure: failed program was:
| /* confdefs.h */
| #define PACKAGE_NAME "PostgreSQL"
| #define PACKAGE_TARNAME "postgresql"
| #define PACKAGE_VERSION "18devel"
| #define PACKAGE_STRING "PostgreSQL 18devel"
| #define PACKAGE_BUGREPORT "pgsql-bugs@lists.postgresql.org"
| #define PACKAGE_URL "https://www.postgresql.org/"
| #define CONFIGURE_ARGS " 'PKG_CONFIG_PATH=/opt/homebrew/opt/icu4c/lib/pkgconfig:/opt/homebrew/opt/libpq/lib/pkgconfig:'"
| #define PG_MAJORVERSION "18"
| #define PG_MAJORVERSION_NUM 18
| #define PG_MINORVERSION_NUM 0
| #define PG_VERSION "18devel"
| #define DEF_PGPORT 5432
| #define DEF_PGPORT_STR "5432"
| #define BLCKSZ 8192
| #define RELSEG_SIZE 131072
| #define XLOG_BLCKSZ 8192
| #define HAVE_VISIBILITY_ATTRIBUTE 1
| #define DLSUFFIX ".dylib"
| #define USE_ICU 1
| #define PG_KRB_SRVNAM "postgres"
| #define STDC_HEADERS 1
| #define HAVE_SYS_TYPES_H 1
| #define HAVE_SYS_STAT_H 1
| #define HAVE_STDLIB_H 1
| #define HAVE_STRING_H 1
| #define HAVE_MEMORY_H 1
| #define HAVE_STRINGS_H 1
| #define HAVE_INTTYPES_H 1
| #define HAVE_STDINT_H 1
| #define HAVE_UNISTD_H 1
| #define HAVE_PTHREAD_PRIO_INHERIT 1
| #define HAVE_PTHREAD 1
| #define HAVE_STRERROR_R 1
| #define STRERROR_R_INT 1
| #define HAVE_LIBM 1
| #define HAVE_LIBREADLINE 1
| #define HAVE_LIBZ 1
| #define HAVE_COPYFILE_H 1
| #define HAVE_EXECINFO_H 1
| #define HAVE_GETOPT_H 1
| #define HAVE_IFADDRS_H 1
| #define HAVE_SYS_EVENT_H 1
| #define HAVE_SYS_UCRED_H 1
| #define HAVE_TERMIOS_H 1
| #define HAVE_XLOCALE_H 1
| #define HAVE_READLINE_READLINE_H 1
| #define HAVE_READLINE_HISTORY_H 1
| #define PG_PRINTF_ATTRIBUTE printf
| #define HAVE__STATIC_ASSERT 1
| #define HAVE_TYPEOF 1
| #define HAVE__BUILTIN_TYPES_COMPATIBLE_P 1
| #define HAVE__BUILTIN_CONSTANT_P 1
| #define HAVE__BUILTIN_OP_OVERFLOW 1
| #define HAVE__BUILTIN_UNREACHABLE 1
| #define HAVE_COMPUTED_GOTO 1
| #define HAVE_STRUCT_TM_TM_ZONE 1
| #define HAVE_UNION_SEMUN 1
| #define HAVE_SOCKLEN_T 1
| #define HAVE_STRUCT_SOCKADDR_SA_LEN 1
| #define restrict __restrict
| #define pg_restrict __restrict
| #define HAVE_STRUCT_OPTION 1
| #define SIZEOF_OFF_T 8
| #define HAVE_INT_TIMEZONE 1
| #define HAVE_BACKTRACE_SYMBOLS 1
| #define HAVE_COPYFILE 1
| #define HAVE_GETIFADDRS 1
| #define HAVE_INET_PTON 1
| #define HAVE_KQUEUE 1
| #define HAVE_MBSTOWCS_L 1
| #define HAVE_MEMSET_S 1
| #define HAVE_PTHREAD_IS_THREADED_NP 1
| /* end confdefs.h.  */
| /* Define setproctitle to an innocuous variant, in case <limits.h> declares setproctitle.
|    For example, HP-UX 11i <limits.h> declares gettimeofday.  */
| #define setproctitle innocuous_setproctitle
| 
| /* System header to define __stub macros and hopefully few prototypes,
|     which can conflict with char setproctitle (); below.
|     Prefer <limits.h> to <assert.h> if __STDC__ is defined, since
|     <limits.h> exists even on freestanding compilers.  */
| 
| #ifdef __STDC__
| # include <limits.h>
| #else
| # include <assert.h>
| #endif
| 
| #undef setproctitle
| 
| /* Override any GCC internal prototype to avoid an error.
|    Use char because int might match the return type of a GCC
|    builtin and then its argument prototype would still apply.  */
| #ifdef __cplusplus
| extern "C"
| #endif
| char setproctitle ();
| /* The GNU C library defines this for functions which it implements
|     to always fail with ENOSYS.  Some functions are actually named
|     something starting with __ and the normal name is an alias.  */
| #if defined __stub_setproctitle || defined __stub___setproctitle
| choke me
| #endif
| 
| int
| main ()
| {
| return setproctitle ();
|   ;
|   return 0;
| }
configure:15272: result: no
configure:15272: checking for setproctitle_fast
configure:15272: gcc -o conftest -Wall -Wmissing-prototypes -Wpointer-arith -Wdeclaration-after-statement -Werror=vla -Werror=unguarded-availability-new -Wendif-labels -Wmissing-format-attribute -Wcast-function-type -Wformat-security -Wmissing-variable-declarations -fno-strict-aliasing -fwrapv -Wno-unused-command-line-argument -Wno-compound-token-split-by-macro -O2 -isysroot /Library/Developer/CommandLineTools/SDKs/MacOSX13.3.sdk   -isysroot /Library/Developer/CommandLineTools/SDKs/MacOSX13.3.sdk   conftest.c -lz  -lm  >&5
Undefined symbols for architecture arm64:
  "_setproctitle_fast", referenced from:
      _main in conftest-d51e7e.o
ld: symbol(s) not found for architecture arm64
clang: error: linker command failed with exit code 1 (use -v to see invocation)
configure:15272: $? = 1
configure: failed program was:
| /* confdefs.h */
| #define PACKAGE_NAME "PostgreSQL"
| #define PACKAGE_TARNAME "postgresql"
| #define PACKAGE_VERSION "18devel"
| #define PACKAGE_STRING "PostgreSQL 18devel"
| #define PACKAGE_BUGREPORT "pgsql-bugs@lists.postgresql.org"
| #define PACKAGE_URL "https://www.postgresql.org/"
| #define CONFIGURE_ARGS " 'PKG_CONFIG_PATH=/opt/homebrew/opt/icu4c/lib/pkgconfig:/opt/homebrew/opt/libpq/lib/pkgconfig:'"
| #define PG_MAJORVERSION "18"
| #define PG_MAJORVERSION_NUM 18
| #define PG_MINORVERSION_NUM 0
| #define PG_VERSION "18devel"
| #define DEF_PGPORT 5432
| #define DEF_PGPORT_STR "5432"
| #define BLCKSZ 8192
| #define RELSEG_SIZE 131072
| #define XLOG_BLCKSZ 8192
| #define HAVE_VISIBILITY_ATTRIBUTE 1
| #define DLSUFFIX ".dylib"
| #define USE_ICU 1
| #define PG_KRB_SRVNAM "postgres"
| #define STDC_HEADERS 1
| #define HAVE_SYS_TYPES_H 1
| #define HAVE_SYS_STAT_H 1
| #define HAVE_STDLIB_H 1
| #define HAVE_STRING_H 1
| #define HAVE_MEMORY_H 1
| #define HAVE_STRINGS_H 1
| #define HAVE_INTTYPES_H 1
| #define HAVE_STDINT_H 1
| #define HAVE_UNISTD_H 1
| #define HAVE_PTHREAD_PRIO_INHERIT 1
| #define HAVE_PTHREAD 1
| #define HAVE_STRERROR_R 1
| #define STRERROR_R_INT 1
| #define HAVE_LIBM 1
| #define HAVE_LIBREADLINE 1
| #define HAVE_LIBZ 1
| #define HAVE_COPYFILE_H 1
| #define HAVE_EXECINFO_H 1
| #define HAVE_GETOPT_H 1
| #define HAVE_IFADDRS_H 1
| #define HAVE_SYS_EVENT_H 1
| #define HAVE_SYS_UCRED_H 1
| #define HAVE_TERMIOS_H 1
| #define HAVE_XLOCALE_H 1
| #define HAVE_READLINE_READLINE_H 1
| #define HAVE_READLINE_HISTORY_H 1
| #define PG_PRINTF_ATTRIBUTE printf
| #define HAVE__STATIC_ASSERT 1
| #define HAVE_TYPEOF 1
| #define HAVE__BUILTIN_TYPES_COMPATIBLE_P 1
| #define HAVE__BUILTIN_CONSTANT_P 1
| #define HAVE__BUILTIN_OP_OVERFLOW 1
| #define HAVE__BUILTIN_UNREACHABLE 1
| #define HAVE_COMPUTED_GOTO 1
| #define HAVE_STRUCT_TM_TM_ZONE 1
| #define HAVE_UNION_SEMUN 1
| #define HAVE_SOCKLEN_T 1
| #define HAVE_STRUCT_SOCKADDR_SA_LEN 1
| #define restrict __restrict
| #define pg_restrict __restrict
| #define HAVE_STRUCT_OPTION 1
| #define SIZEOF_OFF_T 8
| #define HAVE_INT_TIMEZONE 1
| #define HAVE_BACKTRACE_SYMBOLS 1
| #define HAVE_COPYFILE 1
| #define HAVE_GETIFADDRS 1
| #define HAVE_INET_PTON 1
| #define HAVE_KQUEUE 1
| #define HAVE_MBSTOWCS_L 1
| #define HAVE_MEMSET_S 1
| #define HAVE_PTHREAD_IS_THREADED_NP 1
| /* end confdefs.h.  */
| /* Define setproctitle_fast to an innocuous variant, in case <limits.h> declares setproctitle_fast.
|    For example, HP-UX 11i <limits.h> declares gettimeofday.  */
| #define setproctitle_fast innocuous_setproctitle_fast
| 
| /* System header to define __stub macros and hopefully few prototypes,
|     which can conflict with char setproctitle_fast (); below.
|     Prefer <limits.h> to <assert.h> if __STDC__ is defined, since
|     <limits.h> exists even on freestanding compilers.  */
| 
| #ifdef __STDC__
| # include <limits.h>
| #else
| # include <assert.h>
| #endif
| 
| #undef setproctitle_fast
| 
| /* Override any GCC internal prototype to avoid an error.
|    Use char because int might match the return type of a GCC
|    builtin and then its argument prototype would still apply.  */
| #ifdef __cplusplus
| extern "C"
| #endif
| char setproctitle_fast ();
| /* The GNU C library defines this for functions which it implements
|     to always fail with ENOSYS.  Some functions are actually named
|     something starting with __ and the normal name is an alias.  */
| #if defined __stub_setproctitle_fast || defined __stub___setproctitle_fast
| choke me
| #endif
| 
| int
| main ()
| {
| return setproctitle_fast ();
|   ;
|   return 0;
| }
configure:15272: result: no
configure:15272: checking for strchrnul
configure:15272: gcc -o conftest -Wall -Wmissing-prototypes -Wpointer-arith -Wdeclaration-after-statement -Werror=vla -Werror=unguarded-availability-new -Wendif-labels -Wmissing-format-attribute -Wcast-function-type -Wformat-security -Wmissing-variable-declarations -fno-strict-aliasing -fwrapv -Wno-unused-command-line-argument -Wno-compound-token-split-by-macro -O2 -isysroot /Library/Developer/CommandLineTools/SDKs/MacOSX13.3.sdk   -isysroot /Library/Developer/CommandLineTools/SDKs/MacOSX13.3.sdk   conftest.c -lz  -lm  >&5
Undefined symbols for architecture arm64:
  "_strchrnul", referenced from:
      _main in conftest-a6a894.o
ld: symbol(s) not found for architecture arm64
clang: error: linker command failed with exit code 1 (use -v to see invocation)
configure:15272: $? = 1
configure: failed program was:
| /* confdefs.h */
| #define PACKAGE_NAME "PostgreSQL"
| #define PACKAGE_TARNAME "postgresql"
| #define PACKAGE_VERSION "18devel"
| #define PACKAGE_STRING "PostgreSQL 18devel"
| #define PACKAGE_BUGREPORT "pgsql-bugs@lists.postgresql.org"
| #define PACKAGE_URL "https://www.postgresql.org/"
| #define CONFIGURE_ARGS " 'PKG_CONFIG_PATH=/opt/homebrew/opt/icu4c/lib/pkgconfig:/opt/homebrew/opt/libpq/lib/pkgconfig:'"
| #define PG_MAJORVERSION "18"
| #define PG_MAJORVERSION_NUM 18
| #define PG_MINORVERSION_NUM 0
| #define PG_VERSION "18devel"
| #define DEF_PGPORT 5432
| #define DEF_PGPORT_STR "5432"
| #define BLCKSZ 8192
| #define RELSEG_SIZE 131072
| #define XLOG_BLCKSZ 8192
| #define HAVE_VISIBILITY_ATTRIBUTE 1
| #define DLSUFFIX ".dylib"
| #define USE_ICU 1
| #define PG_KRB_SRVNAM "postgres"
| #define STDC_HEADERS 1
| #define HAVE_SYS_TYPES_H 1
| #define HAVE_SYS_STAT_H 1
| #define HAVE_STDLIB_H 1
| #define HAVE_STRING_H 1
| #define HAVE_MEMORY_H 1
| #define HAVE_STRINGS_H 1
| #define HAVE_INTTYPES_H 1
| #define HAVE_STDINT_H 1
| #define HAVE_UNISTD_H 1
| #define HAVE_PTHREAD_PRIO_INHERIT 1
| #define HAVE_PTHREAD 1
| #define HAVE_STRERROR_R 1
| #define STRERROR_R_INT 1
| #define HAVE_LIBM 1
| #define HAVE_LIBREADLINE 1
| #define HAVE_LIBZ 1
| #define HAVE_COPYFILE_H 1
| #define HAVE_EXECINFO_H 1
| #define HAVE_GETOPT_H 1
| #define HAVE_IFADDRS_H 1
| #define HAVE_SYS_EVENT_H 1
| #define HAVE_SYS_UCRED_H 1
| #define HAVE_TERMIOS_H 1
| #define HAVE_XLOCALE_H 1
| #define HAVE_READLINE_READLINE_H 1
| #define HAVE_READLINE_HISTORY_H 1
| #define PG_PRINTF_ATTRIBUTE printf
| #define HAVE__STATIC_ASSERT 1
| #define HAVE_TYPEOF 1
| #define HAVE__BUILTIN_TYPES_COMPATIBLE_P 1
| #define HAVE__BUILTIN_CONSTANT_P 1
| #define HAVE__BUILTIN_OP_OVERFLOW 1
| #define HAVE__BUILTIN_UNREACHABLE 1
| #define HAVE_COMPUTED_GOTO 1
| #define HAVE_STRUCT_TM_TM_ZONE 1
| #define HAVE_UNION_SEMUN 1
| #define HAVE_SOCKLEN_T 1
| #define HAVE_STRUCT_SOCKADDR_SA_LEN 1
| #define restrict __restrict
| #define pg_restrict __restrict
| #define HAVE_STRUCT_OPTION 1
| #define SIZEOF_OFF_T 8
| #define HAVE_INT_TIMEZONE 1
| #define HAVE_BACKTRACE_SYMBOLS 1
| #define HAVE_COPYFILE 1
| #define HAVE_GETIFADDRS 1
| #define HAVE_INET_PTON 1
| #define HAVE_KQUEUE 1
| #define HAVE_MBSTOWCS_L 1
| #define HAVE_MEMSET_S 1
| #define HAVE_PTHREAD_IS_THREADED_NP 1
| /* end confdefs.h.  */
| /* Define strchrnul to an innocuous variant, in case <limits.h> declares strchrnul.
|    For example, HP-UX 11i <limits.h> declares gettimeofday.  */
| #define strchrnul innocuous_strchrnul
| 
| /* System header to define __stub macros and hopefully few prototypes,
|     which can conflict with char strchrnul (); below.
|     Prefer <limits.h> to <assert.h> if __STDC__ is defined, since
|     <limits.h> exists even on freestanding compilers.  */
| 
| #ifdef __STDC__
| # include <limits.h>
| #else
| # include <assert.h>
| #endif
| 
| #undef strchrnul
| 
| /* Override any GCC internal prototype to avoid an error.
|    Use char because int might match the return type of a GCC
|    builtin and then its argument prototype would still apply.  */
| #ifdef __cplusplus
| extern "C"
| #endif
| char strchrnul ();
| /* The GNU C library defines this for functions which it implements
|     to always fail with ENOSYS.  Some functions are actually named
|     something starting with __ and the normal name is an alias.  */
| #if defined __stub_strchrnul || defined __stub___strchrnul
| choke me
| #endif
| 
| int
| main ()
| {
| return strchrnul ();
|   ;
|   return 0;
| }
configure:15272: result: no
configure:15272: checking for strsignal
configure:15272: gcc -o conftest -Wall -Wmissing-prototypes -Wpointer-arith -Wdeclaration-after-statement -Werror=vla -Werror=unguarded-availability-new -Wendif-labels -Wmissing-format-attribute -Wcast-function-type -Wformat-security -Wmissing-variable-declarations -fno-strict-aliasing -fwrapv -Wno-unused-command-line-argument -Wno-compound-token-split-by-macro -O2 -isysroot /Library/Developer/CommandLineTools/SDKs/MacOSX13.3.sdk   -isysroot /Library/Developer/CommandLineTools/SDKs/MacOSX13.3.sdk   conftest.c -lz  -lm  >&5
configure:15272: $? = 0
configure:15272: result: yes
configure:15272: checking for syncfs
configure:15272: gcc -o conftest -Wall -Wmissing-prototypes -Wpointer-arith -Wdeclaration-after-statement -Werror=vla -Werror=unguarded-availability-new -Wendif-labels -Wmissing-format-attribute -Wcast-function-type -Wformat-security -Wmissing-variable-declarations -fno-strict-aliasing -fwrapv -Wno-unused-command-line-argument -Wno-compound-token-split-by-macro -O2 -isysroot /Library/Developer/CommandLineTools/SDKs/MacOSX13.3.sdk   -isysroot /Library/Developer/CommandLineTools/SDKs/MacOSX13.3.sdk   conftest.c -lz  -lm  >&5
Undefined symbols for architecture arm64:
  "_syncfs", referenced from:
      _main in conftest-4814ae.o
ld: symbol(s) not found for architecture arm64
clang: error: linker command failed with exit code 1 (use -v to see invocation)
configure:15272: $? = 1
configure: failed program was:
| /* confdefs.h */
| #define PACKAGE_NAME "PostgreSQL"
| #define PACKAGE_TARNAME "postgresql"
| #define PACKAGE_VERSION "18devel"
| #define PACKAGE_STRING "PostgreSQL 18devel"
| #define PACKAGE_BUGREPORT "pgsql-bugs@lists.postgresql.org"
| #define PACKAGE_URL "https://www.postgresql.org/"
| #define CONFIGURE_ARGS " 'PKG_CONFIG_PATH=/opt/homebrew/opt/icu4c/lib/pkgconfig:/opt/homebrew/opt/libpq/lib/pkgconfig:'"
| #define PG_MAJORVERSION "18"
| #define PG_MAJORVERSION_NUM 18
| #define PG_MINORVERSION_NUM 0
| #define PG_VERSION "18devel"
| #define DEF_PGPORT 5432
| #define DEF_PGPORT_STR "5432"
| #define BLCKSZ 8192
| #define RELSEG_SIZE 131072
| #define XLOG_BLCKSZ 8192
| #define HAVE_VISIBILITY_ATTRIBUTE 1
| #define DLSUFFIX ".dylib"
| #define USE_ICU 1
| #define PG_KRB_SRVNAM "postgres"
| #define STDC_HEADERS 1
| #define HAVE_SYS_TYPES_H 1
| #define HAVE_SYS_STAT_H 1
| #define HAVE_STDLIB_H 1
| #define HAVE_STRING_H 1
| #define HAVE_MEMORY_H 1
| #define HAVE_STRINGS_H 1
| #define HAVE_INTTYPES_H 1
| #define HAVE_STDINT_H 1
| #define HAVE_UNISTD_H 1
| #define HAVE_PTHREAD_PRIO_INHERIT 1
| #define HAVE_PTHREAD 1
| #define HAVE_STRERROR_R 1
| #define STRERROR_R_INT 1
| #define HAVE_LIBM 1
| #define HAVE_LIBREADLINE 1
| #define HAVE_LIBZ 1
| #define HAVE_COPYFILE_H 1
| #define HAVE_EXECINFO_H 1
| #define HAVE_GETOPT_H 1
| #define HAVE_IFADDRS_H 1
| #define HAVE_SYS_EVENT_H 1
| #define HAVE_SYS_UCRED_H 1
| #define HAVE_TERMIOS_H 1
| #define HAVE_XLOCALE_H 1
| #define HAVE_READLINE_READLINE_H 1
| #define HAVE_READLINE_HISTORY_H 1
| #define PG_PRINTF_ATTRIBUTE printf
| #define HAVE__STATIC_ASSERT 1
| #define HAVE_TYPEOF 1
| #define HAVE__BUILTIN_TYPES_COMPATIBLE_P 1
| #define HAVE__BUILTIN_CONSTANT_P 1
| #define HAVE__BUILTIN_OP_OVERFLOW 1
| #define HAVE__BUILTIN_UNREACHABLE 1
| #define HAVE_COMPUTED_GOTO 1
| #define HAVE_STRUCT_TM_TM_ZONE 1
| #define HAVE_UNION_SEMUN 1
| #define HAVE_SOCKLEN_T 1
| #define HAVE_STRUCT_SOCKADDR_SA_LEN 1
| #define restrict __restrict
| #define pg_restrict __restrict
| #define HAVE_STRUCT_OPTION 1
| #define SIZEOF_OFF_T 8
| #define HAVE_INT_TIMEZONE 1
| #define HAVE_BACKTRACE_SYMBOLS 1
| #define HAVE_COPYFILE 1
| #define HAVE_GETIFADDRS 1
| #define HAVE_INET_PTON 1
| #define HAVE_KQUEUE 1
| #define HAVE_MBSTOWCS_L 1
| #define HAVE_MEMSET_S 1
| #define HAVE_PTHREAD_IS_THREADED_NP 1
| #define HAVE_STRSIGNAL 1
| /* end confdefs.h.  */
| /* Define syncfs to an innocuous variant, in case <limits.h> declares syncfs.
|    For example, HP-UX 11i <limits.h> declares gettimeofday.  */
| #define syncfs innocuous_syncfs
| 
| /* System header to define __stub macros and hopefully few prototypes,
|     which can conflict with char syncfs (); below.
|     Prefer <limits.h> to <assert.h> if __STDC__ is defined, since
|     <limits.h> exists even on freestanding compilers.  */
| 
| #ifdef __STDC__
| # include <limits.h>
| #else
| # include <assert.h>
| #endif
| 
| #undef syncfs
| 
| /* Override any GCC internal prototype to avoid an error.
|    Use char because int might match the return type of a GCC
|    builtin and then its argument prototype would still apply.  */
| #ifdef __cplusplus
| extern "C"
| #endif
| char syncfs ();
| /* The GNU C library defines this for functions which it implements
|     to always fail with ENOSYS.  Some functions are actually named
|     something starting with __ and the normal name is an alias.  */
| #if defined __stub_syncfs || defined __stub___syncfs
| choke me
| #endif
| 
| int
| main ()
| {
| return syncfs ();
|   ;
|   return 0;
| }
configure:15272: result: no
configure:15272: checking for sync_file_range
configure:15272: gcc -o conftest -Wall -Wmissing-prototypes -Wpointer-arith -Wdeclaration-after-statement -Werror=vla -Werror=unguarded-availability-new -Wendif-labels -Wmissing-format-attribute -Wcast-function-type -Wformat-security -Wmissing-variable-declarations -fno-strict-aliasing -fwrapv -Wno-unused-command-line-argument -Wno-compound-token-split-by-macro -O2 -isysroot /Library/Developer/CommandLineTools/SDKs/MacOSX13.3.sdk   -isysroot /Library/Developer/CommandLineTools/SDKs/MacOSX13.3.sdk   conftest.c -lz  -lm  >&5
Undefined symbols for architecture arm64:
  "_sync_file_range", referenced from:
      _main in conftest-8b8dcb.o
ld: symbol(s) not found for architecture arm64
clang: error: linker command failed with exit code 1 (use -v to see invocation)
configure:15272: $? = 1
configure: failed program was:
| /* confdefs.h */
| #define PACKAGE_NAME "PostgreSQL"
| #define PACKAGE_TARNAME "postgresql"
| #define PACKAGE_VERSION "18devel"
| #define PACKAGE_STRING "PostgreSQL 18devel"
| #define PACKAGE_BUGREPORT "pgsql-bugs@lists.postgresql.org"
| #define PACKAGE_URL "https://www.postgresql.org/"
| #define CONFIGURE_ARGS " 'PKG_CONFIG_PATH=/opt/homebrew/opt/icu4c/lib/pkgconfig:/opt/homebrew/opt/libpq/lib/pkgconfig:'"
| #define PG_MAJORVERSION "18"
| #define PG_MAJORVERSION_NUM 18
| #define PG_MINORVERSION_NUM 0
| #define PG_VERSION "18devel"
| #define DEF_PGPORT 5432
| #define DEF_PGPORT_STR "5432"
| #define BLCKSZ 8192
| #define RELSEG_SIZE 131072
| #define XLOG_BLCKSZ 8192
| #define HAVE_VISIBILITY_ATTRIBUTE 1
| #define DLSUFFIX ".dylib"
| #define USE_ICU 1
| #define PG_KRB_SRVNAM "postgres"
| #define STDC_HEADERS 1
| #define HAVE_SYS_TYPES_H 1
| #define HAVE_SYS_STAT_H 1
| #define HAVE_STDLIB_H 1
| #define HAVE_STRING_H 1
| #define HAVE_MEMORY_H 1
| #define HAVE_STRINGS_H 1
| #define HAVE_INTTYPES_H 1
| #define HAVE_STDINT_H 1
| #define HAVE_UNISTD_H 1
| #define HAVE_PTHREAD_PRIO_INHERIT 1
| #define HAVE_PTHREAD 1
| #define HAVE_STRERROR_R 1
| #define STRERROR_R_INT 1
| #define HAVE_LIBM 1
| #define HAVE_LIBREADLINE 1
| #define HAVE_LIBZ 1
| #define HAVE_COPYFILE_H 1
| #define HAVE_EXECINFO_H 1
| #define HAVE_GETOPT_H 1
| #define HAVE_IFADDRS_H 1
| #define HAVE_SYS_EVENT_H 1
| #define HAVE_SYS_UCRED_H 1
| #define HAVE_TERMIOS_H 1
| #define HAVE_XLOCALE_H 1
| #define HAVE_READLINE_READLINE_H 1
| #define HAVE_READLINE_HISTORY_H 1
| #define PG_PRINTF_ATTRIBUTE printf
| #define HAVE__STATIC_ASSERT 1
| #define HAVE_TYPEOF 1
| #define HAVE__BUILTIN_TYPES_COMPATIBLE_P 1
| #define HAVE__BUILTIN_CONSTANT_P 1
| #define HAVE__BUILTIN_OP_OVERFLOW 1
| #define HAVE__BUILTIN_UNREACHABLE 1
| #define HAVE_COMPUTED_GOTO 1
| #define HAVE_STRUCT_TM_TM_ZONE 1
| #define HAVE_UNION_SEMUN 1
| #define HAVE_SOCKLEN_T 1
| #define HAVE_STRUCT_SOCKADDR_SA_LEN 1
| #define restrict __restrict
| #define pg_restrict __restrict
| #define HAVE_STRUCT_OPTION 1
| #define SIZEOF_OFF_T 8
| #define HAVE_INT_TIMEZONE 1
| #define HAVE_BACKTRACE_SYMBOLS 1
| #define HAVE_COPYFILE 1
| #define HAVE_GETIFADDRS 1
| #define HAVE_INET_PTON 1
| #define HAVE_KQUEUE 1
| #define HAVE_MBSTOWCS_L 1
| #define HAVE_MEMSET_S 1
| #define HAVE_PTHREAD_IS_THREADED_NP 1
| #define HAVE_STRSIGNAL 1
| /* end confdefs.h.  */
| /* Define sync_file_range to an innocuous variant, in case <limits.h> declares sync_file_range.
|    For example, HP-UX 11i <limits.h> declares gettimeofday.  */
| #define sync_file_range innocuous_sync_file_range
| 
| /* System header to define __stub macros and hopefully few prototypes,
|     which can conflict with char sync_file_range (); below.
|     Prefer <limits.h> to <assert.h> if __STDC__ is defined, since
|     <limits.h> exists even on freestanding compilers.  */
| 
| #ifdef __STDC__
| # include <limits.h>
| #else
| # include <assert.h>
| #endif
| 
| #undef sync_file_range
| 
| /* Override any GCC internal prototype to avoid an error.
|    Use char because int might match the return type of a GCC
|    builtin and then its argument prototype would still apply.  */
| #ifdef __cplusplus
| extern "C"
| #endif
| char sync_file_range ();
| /* The GNU C library defines this for functions which it implements
|     to always fail with ENOSYS.  Some functions are actually named
|     something starting with __ and the normal name is an alias.  */
| #if defined __stub_sync_file_range || defined __stub___sync_file_range
| choke me
| #endif
| 
| int
| main ()
| {
| return sync_file_range ();
|   ;
|   return 0;
| }
configure:15272: result: no
configure:15272: checking for uselocale
configure:15272: gcc -o conftest -Wall -Wmissing-prototypes -Wpointer-arith -Wdeclaration-after-statement -Werror=vla -Werror=unguarded-availability-new -Wendif-labels -Wmissing-format-attribute -Wcast-function-type -Wformat-security -Wmissing-variable-declarations -fno-strict-aliasing -fwrapv -Wno-unused-command-line-argument -Wno-compound-token-split-by-macro -O2 -isysroot /Library/Developer/CommandLineTools/SDKs/MacOSX13.3.sdk   -isysroot /Library/Developer/CommandLineTools/SDKs/MacOSX13.3.sdk   conftest.c -lz  -lm  >&5
configure:15272: $? = 0
configure:15272: result: yes
configure:15272: checking for wcstombs_l
configure:15272: gcc -o conftest -Wall -Wmissing-prototypes -Wpointer-arith -Wdeclaration-after-statement -Werror=vla -Werror=unguarded-availability-new -Wendif-labels -Wmissing-format-attribute -Wcast-function-type -Wformat-security -Wmissing-variable-declarations -fno-strict-aliasing -fwrapv -Wno-unused-command-line-argument -Wno-compound-token-split-by-macro -O2 -isysroot /Library/Developer/CommandLineTools/SDKs/MacOSX13.3.sdk   -isysroot /Library/Developer/CommandLineTools/SDKs/MacOSX13.3.sdk   conftest.c -lz  -lm  >&5
configure:15272: $? = 0
configure:15272: result: yes
configure:15283: checking for __builtin_bswap16
configure:15304: gcc -o conftest -Wall -Wmissing-prototypes -Wpointer-arith -Wdeclaration-after-statement -Werror=vla -Werror=unguarded-availability-new -Wendif-labels -Wmissing-format-attribute -Wcast-function-type -Wformat-security -Wmissing-variable-declarations -fno-strict-aliasing -fwrapv -Wno-unused-command-line-argument -Wno-compound-token-split-by-macro -O2 -isysroot /Library/Developer/CommandLineTools/SDKs/MacOSX13.3.sdk   -isysroot /Library/Developer/CommandLineTools/SDKs/MacOSX13.3.sdk   conftest.c -lz  -lm  >&5
conftest.c:80:1: warning: no previous prototype for function 'call__builtin_bswap16' [-Wmissing-prototypes]
call__builtin_bswap16(int x)
^
conftest.c:79:1: note: declare 'static' if the function is not intended to be used outside of this translation unit
int
^
static 
1 warning generated.
configure:15304: $? = 0
configure:15312: result: yes
configure:15321: checking for __builtin_bswap32
configure:15342: gcc -o conftest -Wall -Wmissing-prototypes -Wpointer-arith -Wdeclaration-after-statement -Werror=vla -Werror=unguarded-availability-new -Wendif-labels -Wmissing-format-attribute -Wcast-function-type -Wformat-security -Wmissing-variable-declarations -fno-strict-aliasing -fwrapv -Wno-unused-command-line-argument -Wno-compound-token-split-by-macro -O2 -isysroot /Library/Developer/CommandLineTools/SDKs/MacOSX13.3.sdk   -isysroot /Library/Developer/CommandLineTools/SDKs/MacOSX13.3.sdk   conftest.c -lz  -lm  >&5
conftest.c:81:1: warning: no previous prototype for function 'call__builtin_bswap32' [-Wmissing-prototypes]
call__builtin_bswap32(int x)
^
conftest.c:80:1: note: declare 'static' if the function is not intended to be used outside of this translation unit
int
^
static 
1 warning generated.
configure:15342: $? = 0
configure:15350: result: yes
configure:15359: checking for __builtin_bswap64
configure:15380: gcc -o conftest -Wall -Wmissing-prototypes -Wpointer-arith -Wdeclaration-after-statement -Werror=vla -Werror=unguarded-availability-new -Wendif-labels -Wmissing-format-attribute -Wcast-function-type -Wformat-security -Wmissing-variable-declarations -fno-strict-aliasing -fwrapv -Wno-unused-command-line-argument -Wno-compound-token-split-by-macro -O2 -isysroot /Library/Developer/CommandLineTools/SDKs/MacOSX13.3.sdk   -isysroot /Library/Developer/CommandLineTools/SDKs/MacOSX13.3.sdk   conftest.c -lz  -lm  >&5
conftest.c:82:1: warning: no previous prototype for function 'call__builtin_bswap64' [-Wmissing-prototypes]
call__builtin_bswap64(long int x)
^
conftest.c:81:1: note: declare 'static' if the function is not intended to be used outside of this translation unit
int
^
static 
1 warning generated.
configure:15380: $? = 0
configure:15388: result: yes
configure:15398: checking for __builtin_clz
configure:15419: gcc -o conftest -Wall -Wmissing-prototypes -Wpointer-arith -Wdeclaration-after-statement -Werror=vla -Werror=unguarded-availability-new -Wendif-labels -Wmissing-format-attribute -Wcast-function-type -Wformat-security -Wmissing-variable-declarations -fno-strict-aliasing -fwrapv -Wno-unused-command-line-argument -Wno-compound-token-split-by-macro -O2 -isysroot /Library/Developer/CommandLineTools/SDKs/MacOSX13.3.sdk   -isysroot /Library/Developer/CommandLineTools/SDKs/MacOSX13.3.sdk   conftest.c -lz  -lm  >&5
conftest.c:83:1: warning: no previous prototype for function 'call__builtin_clz' [-Wmissing-prototypes]
call__builtin_clz(unsigned int x)
^
conftest.c:82:1: note: declare 'static' if the function is not intended to be used outside of this translation unit
int
^
static 
1 warning generated.
configure:15419: $? = 0
configure:15427: result: yes
configure:15436: checking for __builtin_ctz
configure:15457: gcc -o conftest -Wall -Wmissing-prototypes -Wpointer-arith -Wdeclaration-after-statement -Werror=vla -Werror=unguarded-availability-new -Wendif-labels -Wmissing-format-attribute -Wcast-function-type -Wformat-security -Wmissing-variable-declarations -fno-strict-aliasing -fwrapv -Wno-unused-command-line-argument -Wno-compound-token-split-by-macro -O2 -isysroot /Library/Developer/CommandLineTools/SDKs/MacOSX13.3.sdk   -isysroot /Library/Developer/CommandLineTools/SDKs/MacOSX13.3.sdk   conftest.c -lz  -lm  >&5
conftest.c:84:1: warning: no previous prototype for function 'call__builtin_ctz' [-Wmissing-prototypes]
call__builtin_ctz(unsigned int x)
^
conftest.c:83:1: note: declare 'static' if the function is not intended to be used outside of this translation unit
int
^
static 
1 warning generated.
configure:15457: $? = 0
configure:15465: result: yes
configure:15474: checking for __builtin_popcount
configure:15495: gcc -o conftest -Wall -Wmissing-prototypes -Wpointer-arith -Wdeclaration-after-statement -Werror=vla -Werror=unguarded-availability-new -Wendif-labels -Wmissing-format-attribute -Wcast-function-type -Wformat-security -Wmissing-variable-declarations -fno-strict-aliasing -fwrapv -Wno-unused-command-line-argument -Wno-compound-token-split-by-macro -O2 -isysroot /Library/Developer/CommandLineTools/SDKs/MacOSX13.3.sdk   -isysroot /Library/Developer/CommandLineTools/SDKs/MacOSX13.3.sdk   conftest.c -lz  -lm  >&5
conftest.c:85:1: warning: no previous prototype for function 'call__builtin_popcount' [-Wmissing-prototypes]
call__builtin_popcount(unsigned int x)
^
conftest.c:84:1: note: declare 'static' if the function is not intended to be used outside of this translation unit
int
^
static 
1 warning generated.
configure:15495: $? = 0
configure:15503: result: yes
configure:15514: checking for __builtin_frame_address
configure:15535: gcc -o conftest -Wall -Wmissing-prototypes -Wpointer-arith -Wdeclaration-after-statement -Werror=vla -Werror=unguarded-availability-new -Wendif-labels -Wmissing-format-attribute -Wcast-function-type -Wformat-security -Wmissing-variable-declarations -fno-strict-aliasing -fwrapv -Wno-unused-command-line-argument -Wno-compound-token-split-by-macro -O2 -isysroot /Library/Developer/CommandLineTools/SDKs/MacOSX13.3.sdk   -isysroot /Library/Developer/CommandLineTools/SDKs/MacOSX13.3.sdk   conftest.c -lz  -lm  >&5
conftest.c:86:1: warning: no previous prototype for function 'call__builtin_frame_address' [-Wmissing-prototypes]
call__builtin_frame_address(void)
^
conftest.c:85:1: note: declare 'static' if the function is not intended to be used outside of this translation unit
void *
^
static 
1 warning generated.
configure:15535: $? = 0
configure:15543: result: yes
configure:15555: checking for _LARGEFILE_SOURCE value needed for large files
configure:15574: gcc -o conftest -Wall -Wmissing-prototypes -Wpointer-arith -Wdeclaration-after-statement -Werror=vla -Werror=unguarded-availability-new -Wendif-labels -Wmissing-format-attribute -Wcast-function-type -Wformat-security -Wmissing-variable-declarations -fno-strict-aliasing -fwrapv -Wno-unused-command-line-argument -Wno-compound-token-split-by-macro -O2 -isysroot /Library/Developer/CommandLineTools/SDKs/MacOSX13.3.sdk   -isysroot /Library/Developer/CommandLineTools/SDKs/MacOSX13.3.sdk   conftest.c -lz  -lm  >&5
configure:15574: $? = 0
configure:15602: result: no
configure:15636: checking how gcc reports undeclared, standard C functions
configure:15652: gcc -c -Wall -Wmissing-prototypes -Wpointer-arith -Wdeclaration-after-statement -Werror=vla -Werror=unguarded-availability-new -Wendif-labels -Wmissing-format-attribute -Wcast-function-type -Wformat-security -Wmissing-variable-declarations -fno-strict-aliasing -fwrapv -Wno-unused-command-line-argument -Wno-compound-token-split-by-macro -O2 -isysroot /Library/Developer/CommandLineTools/SDKs/MacOSX13.3.sdk   conftest.c >&5
conftest.c:90:8: error: call to undeclared library function 'strchr' with type 'char *(const char *, int)'; ISO C99 and later do not support implicit function declarations [-Wimplicit-function-declaration]
(void) strchr;
       ^
conftest.c:90:8: note: include the header <string.h> or explicitly provide a declaration for 'strchr'
1 error generated.
configure:15652: $? = 1
configure: failed program was:
| /* confdefs.h */
| #define PACKAGE_NAME "PostgreSQL"
| #define PACKAGE_TARNAME "postgresql"
| #define PACKAGE_VERSION "18devel"
| #define PACKAGE_STRING "PostgreSQL 18devel"
| #define PACKAGE_BUGREPORT "pgsql-bugs@lists.postgresql.org"
| #define PACKAGE_URL "https://www.postgresql.org/"
| #define CONFIGURE_ARGS " 'PKG_CONFIG_PATH=/opt/homebrew/opt/icu4c/lib/pkgconfig:/opt/homebrew/opt/libpq/lib/pkgconfig:'"
| #define PG_MAJORVERSION "18"
| #define PG_MAJORVERSION_NUM 18
| #define PG_MINORVERSION_NUM 0
| #define PG_VERSION "18devel"
| #define DEF_PGPORT 5432
| #define DEF_PGPORT_STR "5432"
| #define BLCKSZ 8192
| #define RELSEG_SIZE 131072
| #define XLOG_BLCKSZ 8192
| #define HAVE_VISIBILITY_ATTRIBUTE 1
| #define DLSUFFIX ".dylib"
| #define USE_ICU 1
| #define PG_KRB_SRVNAM "postgres"
| #define STDC_HEADERS 1
| #define HAVE_SYS_TYPES_H 1
| #define HAVE_SYS_STAT_H 1
| #define HAVE_STDLIB_H 1
| #define HAVE_STRING_H 1
| #define HAVE_MEMORY_H 1
| #define HAVE_STRINGS_H 1
| #define HAVE_INTTYPES_H 1
| #define HAVE_STDINT_H 1
| #define HAVE_UNISTD_H 1
| #define HAVE_PTHREAD_PRIO_INHERIT 1
| #define HAVE_PTHREAD 1
| #define HAVE_STRERROR_R 1
| #define STRERROR_R_INT 1
| #define HAVE_LIBM 1
| #define HAVE_LIBREADLINE 1
| #define HAVE_LIBZ 1
| #define HAVE_COPYFILE_H 1
| #define HAVE_EXECINFO_H 1
| #define HAVE_GETOPT_H 1
| #define HAVE_IFADDRS_H 1
| #define HAVE_SYS_EVENT_H 1
| #define HAVE_SYS_UCRED_H 1
| #define HAVE_TERMIOS_H 1
| #define HAVE_XLOCALE_H 1
| #define HAVE_READLINE_READLINE_H 1
| #define HAVE_READLINE_HISTORY_H 1
| #define PG_PRINTF_ATTRIBUTE printf
| #define HAVE__STATIC_ASSERT 1
| #define HAVE_TYPEOF 1
| #define HAVE__BUILTIN_TYPES_COMPATIBLE_P 1
| #define HAVE__BUILTIN_CONSTANT_P 1
| #define HAVE__BUILTIN_OP_OVERFLOW 1
| #define HAVE__BUILTIN_UNREACHABLE 1
| #define HAVE_COMPUTED_GOTO 1
| #define HAVE_STRUCT_TM_TM_ZONE 1
| #define HAVE_UNION_SEMUN 1
| #define HAVE_SOCKLEN_T 1
| #define HAVE_STRUCT_SOCKADDR_SA_LEN 1
| #define restrict __restrict
| #define pg_restrict __restrict
| #define HAVE_STRUCT_OPTION 1
| #define SIZEOF_OFF_T 8
| #define HAVE_INT_TIMEZONE 1
| #define HAVE_BACKTRACE_SYMBOLS 1
| #define HAVE_COPYFILE 1
| #define HAVE_GETIFADDRS 1
| #define HAVE_INET_PTON 1
| #define HAVE_KQUEUE 1
| #define HAVE_MBSTOWCS_L 1
| #define HAVE_MEMSET_S 1
| #define HAVE_PTHREAD_IS_THREADED_NP 1
| #define HAVE_STRSIGNAL 1
| #define HAVE_USELOCALE 1
| #define HAVE_WCSTOMBS_L 1
| #define HAVE__BUILTIN_BSWAP16 1
| #define HAVE__BUILTIN_BSWAP32 1
| #define HAVE__BUILTIN_BSWAP64 1
| #define HAVE__BUILTIN_CLZ 1
| #define HAVE__BUILTIN_CTZ 1
| #define HAVE__BUILTIN_POPCOUNT 1
| #define HAVE__BUILTIN_FRAME_ADDRESS 1
| #define HAVE_FSEEKO 1
| /* end confdefs.h.  */
| 
| int
| main ()
| {
| (void) strchr;
|   ;
|   return 0;
| }
configure:15707: result: error
configure:15719: checking for posix_fadvise
configure:15719: gcc -o conftest -Wall -Wmissing-prototypes -Wpointer-arith -Wdeclaration-after-statement -Werror=vla -Werror=unguarded-availability-new -Wendif-labels -Wmissing-format-attribute -Wcast-function-type -Wformat-security -Wmissing-variable-declarations -fno-strict-aliasing -fwrapv -Wno-unused-command-line-argument -Wno-compound-token-split-by-macro -O2 -isysroot /Library/Developer/CommandLineTools/SDKs/MacOSX13.3.sdk   -isysroot /Library/Developer/CommandLineTools/SDKs/MacOSX13.3.sdk   conftest.c -lz  -lm  >&5
Undefined symbols for architecture arm64:
  "_posix_fadvise", referenced from:
      _main in conftest-378979.o
ld: symbol(s) not found for architecture arm64
clang: error: linker command failed with exit code 1 (use -v to see invocation)
configure:15719: $? = 1
configure: failed program was:
| /* confdefs.h */
| #define PACKAGE_NAME "PostgreSQL"
| #define PACKAGE_TARNAME "postgresql"
| #define PACKAGE_VERSION "18devel"
| #define PACKAGE_STRING "PostgreSQL 18devel"
| #define PACKAGE_BUGREPORT "pgsql-bugs@lists.postgresql.org"
| #define PACKAGE_URL "https://www.postgresql.org/"
| #define CONFIGURE_ARGS " 'PKG_CONFIG_PATH=/opt/homebrew/opt/icu4c/lib/pkgconfig:/opt/homebrew/opt/libpq/lib/pkgconfig:'"
| #define PG_MAJORVERSION "18"
| #define PG_MAJORVERSION_NUM 18
| #define PG_MINORVERSION_NUM 0
| #define PG_VERSION "18devel"
| #define DEF_PGPORT 5432
| #define DEF_PGPORT_STR "5432"
| #define BLCKSZ 8192
| #define RELSEG_SIZE 131072
| #define XLOG_BLCKSZ 8192
| #define HAVE_VISIBILITY_ATTRIBUTE 1
| #define DLSUFFIX ".dylib"
| #define USE_ICU 1
| #define PG_KRB_SRVNAM "postgres"
| #define STDC_HEADERS 1
| #define HAVE_SYS_TYPES_H 1
| #define HAVE_SYS_STAT_H 1
| #define HAVE_STDLIB_H 1
| #define HAVE_STRING_H 1
| #define HAVE_MEMORY_H 1
| #define HAVE_STRINGS_H 1
| #define HAVE_INTTYPES_H 1
| #define HAVE_STDINT_H 1
| #define HAVE_UNISTD_H 1
| #define HAVE_PTHREAD_PRIO_INHERIT 1
| #define HAVE_PTHREAD 1
| #define HAVE_STRERROR_R 1
| #define STRERROR_R_INT 1
| #define HAVE_LIBM 1
| #define HAVE_LIBREADLINE 1
| #define HAVE_LIBZ 1
| #define HAVE_COPYFILE_H 1
| #define HAVE_EXECINFO_H 1
| #define HAVE_GETOPT_H 1
| #define HAVE_IFADDRS_H 1
| #define HAVE_SYS_EVENT_H 1
| #define HAVE_SYS_UCRED_H 1
| #define HAVE_TERMIOS_H 1
| #define HAVE_XLOCALE_H 1
| #define HAVE_READLINE_READLINE_H 1
| #define HAVE_READLINE_HISTORY_H 1
| #define PG_PRINTF_ATTRIBUTE printf
| #define HAVE__STATIC_ASSERT 1
| #define HAVE_TYPEOF 1
| #define HAVE__BUILTIN_TYPES_COMPATIBLE_P 1
| #define HAVE__BUILTIN_CONSTANT_P 1
| #define HAVE__BUILTIN_OP_OVERFLOW 1
| #define HAVE__BUILTIN_UNREACHABLE 1
| #define HAVE_COMPUTED_GOTO 1
| #define HAVE_STRUCT_TM_TM_ZONE 1
| #define HAVE_UNION_SEMUN 1
| #define HAVE_SOCKLEN_T 1
| #define HAVE_STRUCT_SOCKADDR_SA_LEN 1
| #define restrict __restrict
| #define pg_restrict __restrict
| #define HAVE_STRUCT_OPTION 1
| #define SIZEOF_OFF_T 8
| #define HAVE_INT_TIMEZONE 1
| #define HAVE_BACKTRACE_SYMBOLS 1
| #define HAVE_COPYFILE 1
| #define HAVE_GETIFADDRS 1
| #define HAVE_INET_PTON 1
| #define HAVE_KQUEUE 1
| #define HAVE_MBSTOWCS_L 1
| #define HAVE_MEMSET_S 1
| #define HAVE_PTHREAD_IS_THREADED_NP 1
| #define HAVE_STRSIGNAL 1
| #define HAVE_USELOCALE 1
| #define HAVE_WCSTOMBS_L 1
| #define HAVE__BUILTIN_BSWAP16 1
| #define HAVE__BUILTIN_BSWAP32 1
| #define HAVE__BUILTIN_BSWAP64 1
| #define HAVE__BUILTIN_CLZ 1
| #define HAVE__BUILTIN_CTZ 1
| #define HAVE__BUILTIN_POPCOUNT 1
| #define HAVE__BUILTIN_FRAME_ADDRESS 1
| #define HAVE_FSEEKO 1
| /* end confdefs.h.  */
| /* Define posix_fadvise to an innocuous variant, in case <limits.h> declares posix_fadvise.
|    For example, HP-UX 11i <limits.h> declares gettimeofday.  */
| #define posix_fadvise innocuous_posix_fadvise
| 
| /* System header to define __stub macros and hopefully few prototypes,
|     which can conflict with char posix_fadvise (); below.
|     Prefer <limits.h> to <assert.h> if __STDC__ is defined, since
|     <limits.h> exists even on freestanding compilers.  */
| 
| #ifdef __STDC__
| # include <limits.h>
| #else
| # include <assert.h>
| #endif
| 
| #undef posix_fadvise
| 
| /* Override any GCC internal prototype to avoid an error.
|    Use char because int might match the return type of a GCC
|    builtin and then its argument prototype would still apply.  */
| #ifdef __cplusplus
| extern "C"
| #endif
| char posix_fadvise ();
| /* The GNU C library defines this for functions which it implements
|     to always fail with ENOSYS.  Some functions are actually named
|     something starting with __ and the normal name is an alias.  */
| #if defined __stub_posix_fadvise || defined __stub___posix_fadvise
| choke me
| #endif
| 
| int
| main ()
| {
| return posix_fadvise ();
|   ;
|   return 0;
| }
configure:15719: result: no
configure:15728: checking whether posix_fadvise is declared
configure:15728: gcc -c -Wall -Wmissing-prototypes -Wpointer-arith -Wdeclaration-after-statement -Werror=vla -Werror=unguarded-availability-new -Wendif-labels -Wmissing-format-attribute -Wcast-function-type -Wformat-security -Wmissing-variable-declarations -fno-strict-aliasing -fwrapv -Wno-unused-command-line-argument -Wno-compound-token-split-by-macro -O2 -isysroot /Library/Developer/CommandLineTools/SDKs/MacOSX13.3.sdk   conftest.c >&5
conftest.c:95:10: error: use of undeclared identifier 'posix_fadvise'
  (void) posix_fadvise;
         ^
1 error generated.
configure:15728: $? = 1
configure: failed program was:
| /* confdefs.h */
| #define PACKAGE_NAME "PostgreSQL"
| #define PACKAGE_TARNAME "postgresql"
| #define PACKAGE_VERSION "18devel"
| #define PACKAGE_STRING "PostgreSQL 18devel"
| #define PACKAGE_BUGREPORT "pgsql-bugs@lists.postgresql.org"
| #define PACKAGE_URL "https://www.postgresql.org/"
| #define CONFIGURE_ARGS " 'PKG_CONFIG_PATH=/opt/homebrew/opt/icu4c/lib/pkgconfig:/opt/homebrew/opt/libpq/lib/pkgconfig:'"
| #define PG_MAJORVERSION "18"
| #define PG_MAJORVERSION_NUM 18
| #define PG_MINORVERSION_NUM 0
| #define PG_VERSION "18devel"
| #define DEF_PGPORT 5432
| #define DEF_PGPORT_STR "5432"
| #define BLCKSZ 8192
| #define RELSEG_SIZE 131072
| #define XLOG_BLCKSZ 8192
| #define HAVE_VISIBILITY_ATTRIBUTE 1
| #define DLSUFFIX ".dylib"
| #define USE_ICU 1
| #define PG_KRB_SRVNAM "postgres"
| #define STDC_HEADERS 1
| #define HAVE_SYS_TYPES_H 1
| #define HAVE_SYS_STAT_H 1
| #define HAVE_STDLIB_H 1
| #define HAVE_STRING_H 1
| #define HAVE_MEMORY_H 1
| #define HAVE_STRINGS_H 1
| #define HAVE_INTTYPES_H 1
| #define HAVE_STDINT_H 1
| #define HAVE_UNISTD_H 1
| #define HAVE_PTHREAD_PRIO_INHERIT 1
| #define HAVE_PTHREAD 1
| #define HAVE_STRERROR_R 1
| #define STRERROR_R_INT 1
| #define HAVE_LIBM 1
| #define HAVE_LIBREADLINE 1
| #define HAVE_LIBZ 1
| #define HAVE_COPYFILE_H 1
| #define HAVE_EXECINFO_H 1
| #define HAVE_GETOPT_H 1
| #define HAVE_IFADDRS_H 1
| #define HAVE_SYS_EVENT_H 1
| #define HAVE_SYS_UCRED_H 1
| #define HAVE_TERMIOS_H 1
| #define HAVE_XLOCALE_H 1
| #define HAVE_READLINE_READLINE_H 1
| #define HAVE_READLINE_HISTORY_H 1
| #define PG_PRINTF_ATTRIBUTE printf
| #define HAVE__STATIC_ASSERT 1
| #define HAVE_TYPEOF 1
| #define HAVE__BUILTIN_TYPES_COMPATIBLE_P 1
| #define HAVE__BUILTIN_CONSTANT_P 1
| #define HAVE__BUILTIN_OP_OVERFLOW 1
| #define HAVE__BUILTIN_UNREACHABLE 1
| #define HAVE_COMPUTED_GOTO 1
| #define HAVE_STRUCT_TM_TM_ZONE 1
| #define HAVE_UNION_SEMUN 1
| #define HAVE_SOCKLEN_T 1
| #define HAVE_STRUCT_SOCKADDR_SA_LEN 1
| #define restrict __restrict
| #define pg_restrict __restrict
| #define HAVE_STRUCT_OPTION 1
| #define SIZEOF_OFF_T 8
| #define HAVE_INT_TIMEZONE 1
| #define HAVE_BACKTRACE_SYMBOLS 1
| #define HAVE_COPYFILE 1
| #define HAVE_GETIFADDRS 1
| #define HAVE_INET_PTON 1
| #define HAVE_KQUEUE 1
| #define HAVE_MBSTOWCS_L 1
| #define HAVE_MEMSET_S 1
| #define HAVE_PTHREAD_IS_THREADED_NP 1
| #define HAVE_STRSIGNAL 1
| #define HAVE_USELOCALE 1
| #define HAVE_WCSTOMBS_L 1
| #define HAVE__BUILTIN_BSWAP16 1
| #define HAVE__BUILTIN_BSWAP32 1
| #define HAVE__BUILTIN_BSWAP64 1
| #define HAVE__BUILTIN_CLZ 1
| #define HAVE__BUILTIN_CTZ 1
| #define HAVE__BUILTIN_POPCOUNT 1
| #define HAVE__BUILTIN_FRAME_ADDRESS 1
| #define HAVE_FSEEKO 1
| /* end confdefs.h.  */
| #include <fcntl.h>
| 
| int
| main ()
| {
| #ifndef posix_fadvise
| #ifdef __cplusplus
|   (void) posix_fadvise;
| #else
|   (void) posix_fadvise;
| #endif
| #endif
| 
|   ;
|   return 0;
| }
configure:15728: result: no
configure:15743: checking whether fdatasync is declared
configure:15743: gcc -c -Wall -Wmissing-prototypes -Wpointer-arith -Wdeclaration-after-statement -Werror=vla -Werror=unguarded-availability-new -Wendif-labels -Wmissing-format-attribute -Wcast-function-type -Wformat-security -Wmissing-variable-declarations -fno-strict-aliasing -fwrapv -Wno-unused-command-line-argument -Wno-compound-token-split-by-macro -O2 -isysroot /Library/Developer/CommandLineTools/SDKs/MacOSX13.3.sdk   conftest.c >&5
conftest.c:96:10: error: use of undeclared identifier 'fdatasync'
  (void) fdatasync;
         ^
1 error generated.
configure:15743: $? = 1
configure: failed program was:
| /* confdefs.h */
| #define PACKAGE_NAME "PostgreSQL"
| #define PACKAGE_TARNAME "postgresql"
| #define PACKAGE_VERSION "18devel"
| #define PACKAGE_STRING "PostgreSQL 18devel"
| #define PACKAGE_BUGREPORT "pgsql-bugs@lists.postgresql.org"
| #define PACKAGE_URL "https://www.postgresql.org/"
| #define CONFIGURE_ARGS " 'PKG_CONFIG_PATH=/opt/homebrew/opt/icu4c/lib/pkgconfig:/opt/homebrew/opt/libpq/lib/pkgconfig:'"
| #define PG_MAJORVERSION "18"
| #define PG_MAJORVERSION_NUM 18
| #define PG_MINORVERSION_NUM 0
| #define PG_VERSION "18devel"
| #define DEF_PGPORT 5432
| #define DEF_PGPORT_STR "5432"
| #define BLCKSZ 8192
| #define RELSEG_SIZE 131072
| #define XLOG_BLCKSZ 8192
| #define HAVE_VISIBILITY_ATTRIBUTE 1
| #define DLSUFFIX ".dylib"
| #define USE_ICU 1
| #define PG_KRB_SRVNAM "postgres"
| #define STDC_HEADERS 1
| #define HAVE_SYS_TYPES_H 1
| #define HAVE_SYS_STAT_H 1
| #define HAVE_STDLIB_H 1
| #define HAVE_STRING_H 1
| #define HAVE_MEMORY_H 1
| #define HAVE_STRINGS_H 1
| #define HAVE_INTTYPES_H 1
| #define HAVE_STDINT_H 1
| #define HAVE_UNISTD_H 1
| #define HAVE_PTHREAD_PRIO_INHERIT 1
| #define HAVE_PTHREAD 1
| #define HAVE_STRERROR_R 1
| #define STRERROR_R_INT 1
| #define HAVE_LIBM 1
| #define HAVE_LIBREADLINE 1
| #define HAVE_LIBZ 1
| #define HAVE_COPYFILE_H 1
| #define HAVE_EXECINFO_H 1
| #define HAVE_GETOPT_H 1
| #define HAVE_IFADDRS_H 1
| #define HAVE_SYS_EVENT_H 1
| #define HAVE_SYS_UCRED_H 1
| #define HAVE_TERMIOS_H 1
| #define HAVE_XLOCALE_H 1
| #define HAVE_READLINE_READLINE_H 1
| #define HAVE_READLINE_HISTORY_H 1
| #define PG_PRINTF_ATTRIBUTE printf
| #define HAVE__STATIC_ASSERT 1
| #define HAVE_TYPEOF 1
| #define HAVE__BUILTIN_TYPES_COMPATIBLE_P 1
| #define HAVE__BUILTIN_CONSTANT_P 1
| #define HAVE__BUILTIN_OP_OVERFLOW 1
| #define HAVE__BUILTIN_UNREACHABLE 1
| #define HAVE_COMPUTED_GOTO 1
| #define HAVE_STRUCT_TM_TM_ZONE 1
| #define HAVE_UNION_SEMUN 1
| #define HAVE_SOCKLEN_T 1
| #define HAVE_STRUCT_SOCKADDR_SA_LEN 1
| #define restrict __restrict
| #define pg_restrict __restrict
| #define HAVE_STRUCT_OPTION 1
| #define SIZEOF_OFF_T 8
| #define HAVE_INT_TIMEZONE 1
| #define HAVE_BACKTRACE_SYMBOLS 1
| #define HAVE_COPYFILE 1
| #define HAVE_GETIFADDRS 1
| #define HAVE_INET_PTON 1
| #define HAVE_KQUEUE 1
| #define HAVE_MBSTOWCS_L 1
| #define HAVE_MEMSET_S 1
| #define HAVE_PTHREAD_IS_THREADED_NP 1
| #define HAVE_STRSIGNAL 1
| #define HAVE_USELOCALE 1
| #define HAVE_WCSTOMBS_L 1
| #define HAVE__BUILTIN_BSWAP16 1
| #define HAVE__BUILTIN_BSWAP32 1
| #define HAVE__BUILTIN_BSWAP64 1
| #define HAVE__BUILTIN_CLZ 1
| #define HAVE__BUILTIN_CTZ 1
| #define HAVE__BUILTIN_POPCOUNT 1
| #define HAVE__BUILTIN_FRAME_ADDRESS 1
| #define HAVE_FSEEKO 1
| #define HAVE_DECL_POSIX_FADVISE 0
| /* end confdefs.h.  */
| #include <unistd.h>
| 
| int
| main ()
| {
| #ifndef fdatasync
| #ifdef __cplusplus
|   (void) fdatasync;
| #else
|   (void) fdatasync;
| #endif
| #endif
| 
|   ;
|   return 0;
| }
configure:15743: result: no
configure:15755: checking whether strlcat is declared
configure:15755: gcc -c -Wall -Wmissing-prototypes -Wpointer-arith -Wdeclaration-after-statement -Werror=vla -Werror=unguarded-availability-new -Wendif-labels -Wmissing-format-attribute -Wcast-function-type -Wformat-security -Wmissing-variable-declarations -fno-strict-aliasing -fwrapv -Wno-unused-command-line-argument -Wno-compound-token-split-by-macro -O2 -isysroot /Library/Developer/CommandLineTools/SDKs/MacOSX13.3.sdk   conftest.c >&5
configure:15755: $? = 0
configure:15755: result: yes
configure:15765: checking whether strlcpy is declared
configure:15765: gcc -c -Wall -Wmissing-prototypes -Wpointer-arith -Wdeclaration-after-statement -Werror=vla -Werror=unguarded-availability-new -Wendif-labels -Wmissing-format-attribute -Wcast-function-type -Wformat-security -Wmissing-variable-declarations -fno-strict-aliasing -fwrapv -Wno-unused-command-line-argument -Wno-compound-token-split-by-macro -O2 -isysroot /Library/Developer/CommandLineTools/SDKs/MacOSX13.3.sdk   conftest.c >&5
configure:15765: $? = 0
configure:15765: result: yes
configure:15775: checking whether strnlen is declared
configure:15775: gcc -c -Wall -Wmissing-prototypes -Wpointer-arith -Wdeclaration-after-statement -Werror=vla -Werror=unguarded-availability-new -Wendif-labels -Wmissing-format-attribute -Wcast-function-type -Wformat-security -Wmissing-variable-declarations -fno-strict-aliasing -fwrapv -Wno-unused-command-line-argument -Wno-compound-token-split-by-macro -O2 -isysroot /Library/Developer/CommandLineTools/SDKs/MacOSX13.3.sdk   conftest.c >&5
configure:15775: $? = 0
configure:15775: result: yes
configure:15785: checking whether strsep is declared
configure:15785: gcc -c -Wall -Wmissing-prototypes -Wpointer-arith -Wdeclaration-after-statement -Werror=vla -Werror=unguarded-availability-new -Wendif-labels -Wmissing-format-attribute -Wcast-function-type -Wformat-security -Wmissing-variable-declarations -fno-strict-aliasing -fwrapv -Wno-unused-command-line-argument -Wno-compound-token-split-by-macro -O2 -isysroot /Library/Developer/CommandLineTools/SDKs/MacOSX13.3.sdk   conftest.c >&5
configure:15785: $? = 0
configure:15785: result: yes
configure:15799: checking whether preadv is declared
configure:15799: gcc -c -Wall -Wmissing-prototypes -Wpointer-arith -Wdeclaration-after-statement -Werror=vla -Werror=unguarded-availability-new -Wendif-labels -Wmissing-format-attribute -Wcast-function-type -Wformat-security -Wmissing-variable-declarations -fno-strict-aliasing -fwrapv -Wno-unused-command-line-argument -Wno-compound-token-split-by-macro -O2 -isysroot /Library/Developer/CommandLineTools/SDKs/MacOSX13.3.sdk   conftest.c >&5
configure:15799: $? = 0
configure:15799: result: yes
configure:15811: checking whether pwritev is declared
configure:15811: gcc -c -Wall -Wmissing-prototypes -Wpointer-arith -Wdeclaration-after-statement -Werror=vla -Werror=unguarded-availability-new -Wendif-labels -Wmissing-format-attribute -Wcast-function-type -Wformat-security -Wmissing-variable-declarations -fno-strict-aliasing -fwrapv -Wno-unused-command-line-argument -Wno-compound-token-split-by-macro -O2 -isysroot /Library/Developer/CommandLineTools/SDKs/MacOSX13.3.sdk   conftest.c >&5
configure:15811: $? = 0
configure:15811: result: yes
configure:15825: checking whether F_FULLFSYNC is declared
configure:15825: gcc -c -Wall -Wmissing-prototypes -Wpointer-arith -Wdeclaration-after-statement -Werror=vla -Werror=unguarded-availability-new -Wendif-labels -Wmissing-format-attribute -Wcast-function-type -Wformat-security -Wmissing-variable-declarations -fno-strict-aliasing -fwrapv -Wno-unused-command-line-argument -Wno-compound-token-split-by-macro -O2 -isysroot /Library/Developer/CommandLineTools/SDKs/MacOSX13.3.sdk   conftest.c >&5
configure:15825: $? = 0
configure:15825: result: yes
configure:15838: checking for explicit_bzero
configure:15838: gcc -o conftest -Wall -Wmissing-prototypes -Wpointer-arith -Wdeclaration-after-statement -Werror=vla -Werror=unguarded-availability-new -Wendif-labels -Wmissing-format-attribute -Wcast-function-type -Wformat-security -Wmissing-variable-declarations -fno-strict-aliasing -fwrapv -Wno-unused-command-line-argument -Wno-compound-token-split-by-macro -O2 -isysroot /Library/Developer/CommandLineTools/SDKs/MacOSX13.3.sdk   -isysroot /Library/Developer/CommandLineTools/SDKs/MacOSX13.3.sdk   conftest.c -lz  -lm  >&5
Undefined symbols for architecture arm64:
  "_explicit_bzero", referenced from:
      _main in conftest-119bc9.o
ld: symbol(s) not found for architecture arm64
clang: error: linker command failed with exit code 1 (use -v to see invocation)
configure:15838: $? = 1
configure: failed program was:
| /* confdefs.h */
| #define PACKAGE_NAME "PostgreSQL"
| #define PACKAGE_TARNAME "postgresql"
| #define PACKAGE_VERSION "18devel"
| #define PACKAGE_STRING "PostgreSQL 18devel"
| #define PACKAGE_BUGREPORT "pgsql-bugs@lists.postgresql.org"
| #define PACKAGE_URL "https://www.postgresql.org/"
| #define CONFIGURE_ARGS " 'PKG_CONFIG_PATH=/opt/homebrew/opt/icu4c/lib/pkgconfig:/opt/homebrew/opt/libpq/lib/pkgconfig:'"
| #define PG_MAJORVERSION "18"
| #define PG_MAJORVERSION_NUM 18
| #define PG_MINORVERSION_NUM 0
| #define PG_VERSION "18devel"
| #define DEF_PGPORT 5432
| #define DEF_PGPORT_STR "5432"
| #define BLCKSZ 8192
| #define RELSEG_SIZE 131072
| #define XLOG_BLCKSZ 8192
| #define HAVE_VISIBILITY_ATTRIBUTE 1
| #define DLSUFFIX ".dylib"
| #define USE_ICU 1
| #define PG_KRB_SRVNAM "postgres"
| #define STDC_HEADERS 1
| #define HAVE_SYS_TYPES_H 1
| #define HAVE_SYS_STAT_H 1
| #define HAVE_STDLIB_H 1
| #define HAVE_STRING_H 1
| #define HAVE_MEMORY_H 1
| #define HAVE_STRINGS_H 1
| #define HAVE_INTTYPES_H 1
| #define HAVE_STDINT_H 1
| #define HAVE_UNISTD_H 1
| #define HAVE_PTHREAD_PRIO_INHERIT 1
| #define HAVE_PTHREAD 1
| #define HAVE_STRERROR_R 1
| #define STRERROR_R_INT 1
| #define HAVE_LIBM 1
| #define HAVE_LIBREADLINE 1
| #define HAVE_LIBZ 1
| #define HAVE_COPYFILE_H 1
| #define HAVE_EXECINFO_H 1
| #define HAVE_GETOPT_H 1
| #define HAVE_IFADDRS_H 1
| #define HAVE_SYS_EVENT_H 1
| #define HAVE_SYS_UCRED_H 1
| #define HAVE_TERMIOS_H 1
| #define HAVE_XLOCALE_H 1
| #define HAVE_READLINE_READLINE_H 1
| #define HAVE_READLINE_HISTORY_H 1
| #define PG_PRINTF_ATTRIBUTE printf
| #define HAVE__STATIC_ASSERT 1
| #define HAVE_TYPEOF 1
| #define HAVE__BUILTIN_TYPES_COMPATIBLE_P 1
| #define HAVE__BUILTIN_CONSTANT_P 1
| #define HAVE__BUILTIN_OP_OVERFLOW 1
| #define HAVE__BUILTIN_UNREACHABLE 1
| #define HAVE_COMPUTED_GOTO 1
| #define HAVE_STRUCT_TM_TM_ZONE 1
| #define HAVE_UNION_SEMUN 1
| #define HAVE_SOCKLEN_T 1
| #define HAVE_STRUCT_SOCKADDR_SA_LEN 1
| #define restrict __restrict
| #define pg_restrict __restrict
| #define HAVE_STRUCT_OPTION 1
| #define SIZEOF_OFF_T 8
| #define HAVE_INT_TIMEZONE 1
| #define HAVE_BACKTRACE_SYMBOLS 1
| #define HAVE_COPYFILE 1
| #define HAVE_GETIFADDRS 1
| #define HAVE_INET_PTON 1
| #define HAVE_KQUEUE 1
| #define HAVE_MBSTOWCS_L 1
| #define HAVE_MEMSET_S 1
| #define HAVE_PTHREAD_IS_THREADED_NP 1
| #define HAVE_STRSIGNAL 1
| #define HAVE_USELOCALE 1
| #define HAVE_WCSTOMBS_L 1
| #define HAVE__BUILTIN_BSWAP16 1
| #define HAVE__BUILTIN_BSWAP32 1
| #define HAVE__BUILTIN_BSWAP64 1
| #define HAVE__BUILTIN_CLZ 1
| #define HAVE__BUILTIN_CTZ 1
| #define HAVE__BUILTIN_POPCOUNT 1
| #define HAVE__BUILTIN_FRAME_ADDRESS 1
| #define HAVE_FSEEKO 1
| #define HAVE_DECL_POSIX_FADVISE 0
| #define HAVE_DECL_FDATASYNC 0
| #define HAVE_DECL_STRLCAT 1
| #define HAVE_DECL_STRLCPY 1
| #define HAVE_DECL_STRNLEN 1
| #define HAVE_DECL_STRSEP 1
| #define HAVE_DECL_PREADV 1
| #define HAVE_DECL_PWRITEV 1
| #define HAVE_DECL_F_FULLFSYNC 1
| /* end confdefs.h.  */
| /* Define explicit_bzero to an innocuous variant, in case <limits.h> declares explicit_bzero.
|    For example, HP-UX 11i <limits.h> declares gettimeofday.  */
| #define explicit_bzero innocuous_explicit_bzero
| 
| /* System header to define __stub macros and hopefully few prototypes,
|     which can conflict with char explicit_bzero (); below.
|     Prefer <limits.h> to <assert.h> if __STDC__ is defined, since
|     <limits.h> exists even on freestanding compilers.  */
| 
| #ifdef __STDC__
| # include <limits.h>
| #else
| # include <assert.h>
| #endif
| 
| #undef explicit_bzero
| 
| /* Override any GCC internal prototype to avoid an error.
|    Use char because int might match the return type of a GCC
|    builtin and then its argument prototype would still apply.  */
| #ifdef __cplusplus
| extern "C"
| #endif
| char explicit_bzero ();
| /* The GNU C library defines this for functions which it implements
|     to always fail with ENOSYS.  Some functions are actually named
|     something starting with __ and the normal name is an alias.  */
| #if defined __stub_explicit_bzero || defined __stub___explicit_bzero
| choke me
| #endif
| 
| int
| main ()
| {
| return explicit_bzero ();
|   ;
|   return 0;
| }
configure:15838: result: no
configure:15851: checking for getopt
configure:15851: gcc -o conftest -Wall -Wmissing-prototypes -Wpointer-arith -Wdeclaration-after-statement -Werror=vla -Werror=unguarded-availability-new -Wendif-labels -Wmissing-format-attribute -Wcast-function-type -Wformat-security -Wmissing-variable-declarations -fno-strict-aliasing -fwrapv -Wno-unused-command-line-argument -Wno-compound-token-split-by-macro -O2 -isysroot /Library/Developer/CommandLineTools/SDKs/MacOSX13.3.sdk   -isysroot /Library/Developer/CommandLineTools/SDKs/MacOSX13.3.sdk   conftest.c -lz  -lm  >&5
configure:15851: $? = 0
configure:15851: result: yes
configure:15864: checking for getpeereid
configure:15864: gcc -o conftest -Wall -Wmissing-prototypes -Wpointer-arith -Wdeclaration-after-statement -Werror=vla -Werror=unguarded-availability-new -Wendif-labels -Wmissing-format-attribute -Wcast-function-type -Wformat-security -Wmissing-variable-declarations -fno-strict-aliasing -fwrapv -Wno-unused-command-line-argument -Wno-compound-token-split-by-macro -O2 -isysroot /Library/Developer/CommandLineTools/SDKs/MacOSX13.3.sdk   -isysroot /Library/Developer/CommandLineTools/SDKs/MacOSX13.3.sdk   conftest.c -lz  -lm  >&5
configure:15864: $? = 0
configure:15864: result: yes
configure:15877: checking for inet_aton
configure:15877: gcc -o conftest -Wall -Wmissing-prototypes -Wpointer-arith -Wdeclaration-after-statement -Werror=vla -Werror=unguarded-availability-new -Wendif-labels -Wmissing-format-attribute -Wcast-function-type -Wformat-security -Wmissing-variable-declarations -fno-strict-aliasing -fwrapv -Wno-unused-command-line-argument -Wno-compound-token-split-by-macro -O2 -isysroot /Library/Developer/CommandLineTools/SDKs/MacOSX13.3.sdk   -isysroot /Library/Developer/CommandLineTools/SDKs/MacOSX13.3.sdk   conftest.c -lz  -lm  >&5
configure:15877: $? = 0
configure:15877: result: yes
configure:15890: checking for mkdtemp
configure:15890: gcc -o conftest -Wall -Wmissing-prototypes -Wpointer-arith -Wdeclaration-after-statement -Werror=vla -Werror=unguarded-availability-new -Wendif-labels -Wmissing-format-attribute -Wcast-function-type -Wformat-security -Wmissing-variable-declarations -fno-strict-aliasing -fwrapv -Wno-unused-command-line-argument -Wno-compound-token-split-by-macro -O2 -isysroot /Library/Developer/CommandLineTools/SDKs/MacOSX13.3.sdk   -isysroot /Library/Developer/CommandLineTools/SDKs/MacOSX13.3.sdk   conftest.c -lz  -lm  >&5
configure:15890: $? = 0
configure:15890: result: yes
configure:15903: checking for strlcat
configure:15903: gcc -o conftest -Wall -Wmissing-prototypes -Wpointer-arith -Wdeclaration-after-statement -Werror=vla -Werror=unguarded-availability-new -Wendif-labels -Wmissing-format-attribute -Wcast-function-type -Wformat-security -Wmissing-variable-declarations -fno-strict-aliasing -fwrapv -Wno-unused-command-line-argument -Wno-compound-token-split-by-macro -O2 -isysroot /Library/Developer/CommandLineTools/SDKs/MacOSX13.3.sdk   -isysroot /Library/Developer/CommandLineTools/SDKs/MacOSX13.3.sdk   conftest.c -lz  -lm  >&5
conftest.c:122:6: warning: incompatible redeclaration of library function 'strlcat' [-Wincompatible-library-redeclaration]
char strlcat ();
     ^
conftest.c:122:6: note: 'strlcat' is a builtin with type 'unsigned long (char *, const char *, unsigned long)'
1 warning generated.
configure:15903: $? = 0
configure:15903: result: yes
configure:15916: checking for strlcpy
configure:15916: gcc -o conftest -Wall -Wmissing-prototypes -Wpointer-arith -Wdeclaration-after-statement -Werror=vla -Werror=unguarded-availability-new -Wendif-labels -Wmissing-format-attribute -Wcast-function-type -Wformat-security -Wmissing-variable-declarations -fno-strict-aliasing -fwrapv -Wno-unused-command-line-argument -Wno-compound-token-split-by-macro -O2 -isysroot /Library/Developer/CommandLineTools/SDKs/MacOSX13.3.sdk   -isysroot /Library/Developer/CommandLineTools/SDKs/MacOSX13.3.sdk   conftest.c -lz  -lm  >&5
conftest.c:123:6: warning: incompatible redeclaration of library function 'strlcpy' [-Wincompatible-library-redeclaration]
char strlcpy ();
     ^
conftest.c:123:6: note: 'strlcpy' is a builtin with type 'unsigned long (char *, const char *, unsigned long)'
1 warning generated.
configure:15916: $? = 0
configure:15916: result: yes
configure:15929: checking for strnlen
configure:15929: gcc -o conftest -Wall -Wmissing-prototypes -Wpointer-arith -Wdeclaration-after-statement -Werror=vla -Werror=unguarded-availability-new -Wendif-labels -Wmissing-format-attribute -Wcast-function-type -Wformat-security -Wmissing-variable-declarations -fno-strict-aliasing -fwrapv -Wno-unused-command-line-argument -Wno-compound-token-split-by-macro -O2 -isysroot /Library/Developer/CommandLineTools/SDKs/MacOSX13.3.sdk   -isysroot /Library/Developer/CommandLineTools/SDKs/MacOSX13.3.sdk   conftest.c -lz  -lm  >&5
configure:15929: $? = 0
configure:15929: result: yes
configure:15942: checking for strsep
configure:15942: gcc -o conftest -Wall -Wmissing-prototypes -Wpointer-arith -Wdeclaration-after-statement -Werror=vla -Werror=unguarded-availability-new -Wendif-labels -Wmissing-format-attribute -Wcast-function-type -Wformat-security -Wmissing-variable-declarations -fno-strict-aliasing -fwrapv -Wno-unused-command-line-argument -Wno-compound-token-split-by-macro -O2 -isysroot /Library/Developer/CommandLineTools/SDKs/MacOSX13.3.sdk   -isysroot /Library/Developer/CommandLineTools/SDKs/MacOSX13.3.sdk   conftest.c -lz  -lm  >&5
configure:15942: $? = 0
configure:15942: result: yes
configure:15957: checking for pthread_barrier_wait
configure:15957: gcc -o conftest -Wall -Wmissing-prototypes -Wpointer-arith -Wdeclaration-after-statement -Werror=vla -Werror=unguarded-availability-new -Wendif-labels -Wmissing-format-attribute -Wcast-function-type -Wformat-security -Wmissing-variable-declarations -fno-strict-aliasing -fwrapv -Wno-unused-command-line-argument -Wno-compound-token-split-by-macro -O2 -isysroot /Library/Developer/CommandLineTools/SDKs/MacOSX13.3.sdk   -isysroot /Library/Developer/CommandLineTools/SDKs/MacOSX13.3.sdk   conftest.c -lz  -lm  >&5
Undefined symbols for architecture arm64:
  "_pthread_barrier_wait", referenced from:
      _main in conftest-71b5fc.o
ld: symbol(s) not found for architecture arm64
clang: error: linker command failed with exit code 1 (use -v to see invocation)
configure:15957: $? = 1
configure: failed program was:
| /* confdefs.h */
| #define PACKAGE_NAME "PostgreSQL"
| #define PACKAGE_TARNAME "postgresql"
| #define PACKAGE_VERSION "18devel"
| #define PACKAGE_STRING "PostgreSQL 18devel"
| #define PACKAGE_BUGREPORT "pgsql-bugs@lists.postgresql.org"
| #define PACKAGE_URL "https://www.postgresql.org/"
| #define CONFIGURE_ARGS " 'PKG_CONFIG_PATH=/opt/homebrew/opt/icu4c/lib/pkgconfig:/opt/homebrew/opt/libpq/lib/pkgconfig:'"
| #define PG_MAJORVERSION "18"
| #define PG_MAJORVERSION_NUM 18
| #define PG_MINORVERSION_NUM 0
| #define PG_VERSION "18devel"
| #define DEF_PGPORT 5432
| #define DEF_PGPORT_STR "5432"
| #define BLCKSZ 8192
| #define RELSEG_SIZE 131072
| #define XLOG_BLCKSZ 8192
| #define HAVE_VISIBILITY_ATTRIBUTE 1
| #define DLSUFFIX ".dylib"
| #define USE_ICU 1
| #define PG_KRB_SRVNAM "postgres"
| #define STDC_HEADERS 1
| #define HAVE_SYS_TYPES_H 1
| #define HAVE_SYS_STAT_H 1
| #define HAVE_STDLIB_H 1
| #define HAVE_STRING_H 1
| #define HAVE_MEMORY_H 1
| #define HAVE_STRINGS_H 1
| #define HAVE_INTTYPES_H 1
| #define HAVE_STDINT_H 1
| #define HAVE_UNISTD_H 1
| #define HAVE_PTHREAD_PRIO_INHERIT 1
| #define HAVE_PTHREAD 1
| #define HAVE_STRERROR_R 1
| #define STRERROR_R_INT 1
| #define HAVE_LIBM 1
| #define HAVE_LIBREADLINE 1
| #define HAVE_LIBZ 1
| #define HAVE_COPYFILE_H 1
| #define HAVE_EXECINFO_H 1
| #define HAVE_GETOPT_H 1
| #define HAVE_IFADDRS_H 1
| #define HAVE_SYS_EVENT_H 1
| #define HAVE_SYS_UCRED_H 1
| #define HAVE_TERMIOS_H 1
| #define HAVE_XLOCALE_H 1
| #define HAVE_READLINE_READLINE_H 1
| #define HAVE_READLINE_HISTORY_H 1
| #define PG_PRINTF_ATTRIBUTE printf
| #define HAVE__STATIC_ASSERT 1
| #define HAVE_TYPEOF 1
| #define HAVE__BUILTIN_TYPES_COMPATIBLE_P 1
| #define HAVE__BUILTIN_CONSTANT_P 1
| #define HAVE__BUILTIN_OP_OVERFLOW 1
| #define HAVE__BUILTIN_UNREACHABLE 1
| #define HAVE_COMPUTED_GOTO 1
| #define HAVE_STRUCT_TM_TM_ZONE 1
| #define HAVE_UNION_SEMUN 1
| #define HAVE_SOCKLEN_T 1
| #define HAVE_STRUCT_SOCKADDR_SA_LEN 1
| #define restrict __restrict
| #define pg_restrict __restrict
| #define HAVE_STRUCT_OPTION 1
| #define SIZEOF_OFF_T 8
| #define HAVE_INT_TIMEZONE 1
| #define HAVE_BACKTRACE_SYMBOLS 1
| #define HAVE_COPYFILE 1
| #define HAVE_GETIFADDRS 1
| #define HAVE_INET_PTON 1
| #define HAVE_KQUEUE 1
| #define HAVE_MBSTOWCS_L 1
| #define HAVE_MEMSET_S 1
| #define HAVE_PTHREAD_IS_THREADED_NP 1
| #define HAVE_STRSIGNAL 1
| #define HAVE_USELOCALE 1
| #define HAVE_WCSTOMBS_L 1
| #define HAVE__BUILTIN_BSWAP16 1
| #define HAVE__BUILTIN_BSWAP32 1
| #define HAVE__BUILTIN_BSWAP64 1
| #define HAVE__BUILTIN_CLZ 1
| #define HAVE__BUILTIN_CTZ 1
| #define HAVE__BUILTIN_POPCOUNT 1
| #define HAVE__BUILTIN_FRAME_ADDRESS 1
| #define HAVE_FSEEKO 1
| #define HAVE_DECL_POSIX_FADVISE 0
| #define HAVE_DECL_FDATASYNC 0
| #define HAVE_DECL_STRLCAT 1
| #define HAVE_DECL_STRLCPY 1
| #define HAVE_DECL_STRNLEN 1
| #define HAVE_DECL_STRSEP 1
| #define HAVE_DECL_PREADV 1
| #define HAVE_DECL_PWRITEV 1
| #define HAVE_DECL_F_FULLFSYNC 1
| #define HAVE_GETOPT 1
| #define HAVE_GETPEEREID 1
| #define HAVE_INET_ATON 1
| #define HAVE_MKDTEMP 1
| #define HAVE_STRLCAT 1
| #define HAVE_STRLCPY 1
| #define HAVE_STRNLEN 1
| #define HAVE_STRSEP 1
| /* end confdefs.h.  */
| /* Define pthread_barrier_wait to an innocuous variant, in case <limits.h> declares pthread_barrier_wait.
|    For example, HP-UX 11i <limits.h> declares gettimeofday.  */
| #define pthread_barrier_wait innocuous_pthread_barrier_wait
| 
| /* System header to define __stub macros and hopefully few prototypes,
|     which can conflict with char pthread_barrier_wait (); below.
|     Prefer <limits.h> to <assert.h> if __STDC__ is defined, since
|     <limits.h> exists even on freestanding compilers.  */
| 
| #ifdef __STDC__
| # include <limits.h>
| #else
| # include <assert.h>
| #endif
| 
| #undef pthread_barrier_wait
| 
| /* Override any GCC internal prototype to avoid an error.
|    Use char because int might match the return type of a GCC
|    builtin and then its argument prototype would still apply.  */
| #ifdef __cplusplus
| extern "C"
| #endif
| char pthread_barrier_wait ();
| /* The GNU C library defines this for functions which it implements
|     to always fail with ENOSYS.  Some functions are actually named
|     something starting with __ and the normal name is an alias.  */
| #if defined __stub_pthread_barrier_wait || defined __stub___pthread_barrier_wait
| choke me
| #endif
| 
| int
| main ()
| {
| return pthread_barrier_wait ();
|   ;
|   return 0;
| }
configure:15957: result: no
configure:15989: checking for getopt_long
configure:15989: gcc -o conftest -Wall -Wmissing-prototypes -Wpointer-arith -Wdeclaration-after-statement -Werror=vla -Werror=unguarded-availability-new -Wendif-labels -Wmissing-format-attribute -Wcast-function-type -Wformat-security -Wmissing-variable-declarations -fno-strict-aliasing -fwrapv -Wno-unused-command-line-argument -Wno-compound-token-split-by-macro -O2 -isysroot /Library/Developer/CommandLineTools/SDKs/MacOSX13.3.sdk   -isysroot /Library/Developer/CommandLineTools/SDKs/MacOSX13.3.sdk   conftest.c -lz  -lm  >&5
configure:15989: $? = 0
configure:15989: result: yes
configure:16161: checking for syslog
configure:16161: gcc -o conftest -Wall -Wmissing-prototypes -Wpointer-arith -Wdeclaration-after-statement -Werror=vla -Werror=unguarded-availability-new -Wendif-labels -Wmissing-format-attribute -Wcast-function-type -Wformat-security -Wmissing-variable-declarations -fno-strict-aliasing -fwrapv -Wno-unused-command-line-argument -Wno-compound-token-split-by-macro -O2 -isysroot /Library/Developer/CommandLineTools/SDKs/MacOSX13.3.sdk   -isysroot /Library/Developer/CommandLineTools/SDKs/MacOSX13.3.sdk   conftest.c -lz  -lm  >&5
configure:16161: $? = 0
configure:16161: result: yes
configure:16163: checking syslog.h usability
configure:16163: gcc -c -Wall -Wmissing-prototypes -Wpointer-arith -Wdeclaration-after-statement -Werror=vla -Werror=unguarded-availability-new -Wendif-labels -Wmissing-format-attribute -Wcast-function-type -Wformat-security -Wmissing-variable-declarations -fno-strict-aliasing -fwrapv -Wno-unused-command-line-argument -Wno-compound-token-split-by-macro -O2 -isysroot /Library/Developer/CommandLineTools/SDKs/MacOSX13.3.sdk   conftest.c >&5
configure:16163: $? = 0
configure:16163: result: yes
configure:16163: checking syslog.h presence
configure:16163: gcc -E -isysroot /Library/Developer/CommandLineTools/SDKs/MacOSX13.3.sdk   conftest.c
configure:16163: $? = 0
configure:16163: result: yes
configure:16163: checking for syslog.h
configure:16163: result: yes
configure:16174: checking for opterr
configure:16190: gcc -o conftest -Wall -Wmissing-prototypes -Wpointer-arith -Wdeclaration-after-statement -Werror=vla -Werror=unguarded-availability-new -Wendif-labels -Wmissing-format-attribute -Wcast-function-type -Wformat-security -Wmissing-variable-declarations -fno-strict-aliasing -fwrapv -Wno-unused-command-line-argument -Wno-compound-token-split-by-macro -O2 -isysroot /Library/Developer/CommandLineTools/SDKs/MacOSX13.3.sdk   -isysroot /Library/Developer/CommandLineTools/SDKs/MacOSX13.3.sdk   conftest.c -lz  -lm  >&5
configure:16190: $? = 0
configure:16198: result: yes
configure:16206: checking for optreset
configure:16222: gcc -o conftest -Wall -Wmissing-prototypes -Wpointer-arith -Wdeclaration-after-statement -Werror=vla -Werror=unguarded-availability-new -Wendif-labels -Wmissing-format-attribute -Wcast-function-type -Wformat-security -Wmissing-variable-declarations -fno-strict-aliasing -fwrapv -Wno-unused-command-line-argument -Wno-compound-token-split-by-macro -O2 -isysroot /Library/Developer/CommandLineTools/SDKs/MacOSX13.3.sdk   -isysroot /Library/Developer/CommandLineTools/SDKs/MacOSX13.3.sdk   conftest.c -lz  -lm  >&5
configure:16222: $? = 0
configure:16230: result: yes
configure:16243: checking unicode/ucol.h usability
configure:16243: gcc -c -Wall -Wmissing-prototypes -Wpointer-arith -Wdeclaration-after-statement -Werror=vla -Werror=unguarded-availability-new -Wendif-labels -Wmissing-format-attribute -Wcast-function-type -Wformat-security -Wmissing-variable-declarations -fno-strict-aliasing -fwrapv -Wno-unused-command-line-argument -Wno-compound-token-split-by-macro -O2 -I/opt/homebrew/Cellar/icu4c@76/76.1_1/include -isysroot /Library/Developer/CommandLineTools/SDKs/MacOSX13.3.sdk   conftest.c >&5
configure:16243: $? = 0
configure:16243: result: yes
configure:16243: checking unicode/ucol.h presence
configure:16243: gcc -E -I/opt/homebrew/Cellar/icu4c@76/76.1_1/include -isysroot /Library/Developer/CommandLineTools/SDKs/MacOSX13.3.sdk   conftest.c
configure:16243: $? = 0
configure:16243: result: yes
configure:16243: checking for unicode/ucol.h
configure:16243: result: yes
configure:16291: checking for rl_completion_suppress_quote
configure:16315: gcc -o conftest -Wall -Wmissing-prototypes -Wpointer-arith -Wdeclaration-after-statement -Werror=vla -Werror=unguarded-availability-new -Wendif-labels -Wmissing-format-attribute -Wcast-function-type -Wformat-security -Wmissing-variable-declarations -fno-strict-aliasing -fwrapv -Wno-unused-command-line-argument -Wno-compound-token-split-by-macro -O2 -isysroot /Library/Developer/CommandLineTools/SDKs/MacOSX13.3.sdk   -isysroot /Library/Developer/CommandLineTools/SDKs/MacOSX13.3.sdk   conftest.c -lz -lreadline -lm  >&5
conftest.c:119:1: error: use of undeclared identifier 'rl_completion_suppress_quote'
rl_completion_suppress_quote = 1;
^
1 error generated.
configure:16315: $? = 1
configure: failed program was:
| /* confdefs.h */
| #define PACKAGE_NAME "PostgreSQL"
| #define PACKAGE_TARNAME "postgresql"
| #define PACKAGE_VERSION "18devel"
| #define PACKAGE_STRING "PostgreSQL 18devel"
| #define PACKAGE_BUGREPORT "pgsql-bugs@lists.postgresql.org"
| #define PACKAGE_URL "https://www.postgresql.org/"
| #define CONFIGURE_ARGS " 'PKG_CONFIG_PATH=/opt/homebrew/opt/icu4c/lib/pkgconfig:/opt/homebrew/opt/libpq/lib/pkgconfig:'"
| #define PG_MAJORVERSION "18"
| #define PG_MAJORVERSION_NUM 18
| #define PG_MINORVERSION_NUM 0
| #define PG_VERSION "18devel"
| #define DEF_PGPORT 5432
| #define DEF_PGPORT_STR "5432"
| #define BLCKSZ 8192
| #define RELSEG_SIZE 131072
| #define XLOG_BLCKSZ 8192
| #define HAVE_VISIBILITY_ATTRIBUTE 1
| #define DLSUFFIX ".dylib"
| #define USE_ICU 1
| #define PG_KRB_SRVNAM "postgres"
| #define STDC_HEADERS 1
| #define HAVE_SYS_TYPES_H 1
| #define HAVE_SYS_STAT_H 1
| #define HAVE_STDLIB_H 1
| #define HAVE_STRING_H 1
| #define HAVE_MEMORY_H 1
| #define HAVE_STRINGS_H 1
| #define HAVE_INTTYPES_H 1
| #define HAVE_STDINT_H 1
| #define HAVE_UNISTD_H 1
| #define HAVE_PTHREAD_PRIO_INHERIT 1
| #define HAVE_PTHREAD 1
| #define HAVE_STRERROR_R 1
| #define STRERROR_R_INT 1
| #define HAVE_LIBM 1
| #define HAVE_LIBREADLINE 1
| #define HAVE_LIBZ 1
| #define HAVE_COPYFILE_H 1
| #define HAVE_EXECINFO_H 1
| #define HAVE_GETOPT_H 1
| #define HAVE_IFADDRS_H 1
| #define HAVE_SYS_EVENT_H 1
| #define HAVE_SYS_UCRED_H 1
| #define HAVE_TERMIOS_H 1
| #define HAVE_XLOCALE_H 1
| #define HAVE_READLINE_READLINE_H 1
| #define HAVE_READLINE_HISTORY_H 1
| #define PG_PRINTF_ATTRIBUTE printf
| #define HAVE__STATIC_ASSERT 1
| #define HAVE_TYPEOF 1
| #define HAVE__BUILTIN_TYPES_COMPATIBLE_P 1
| #define HAVE__BUILTIN_CONSTANT_P 1
| #define HAVE__BUILTIN_OP_OVERFLOW 1
| #define HAVE__BUILTIN_UNREACHABLE 1
| #define HAVE_COMPUTED_GOTO 1
| #define HAVE_STRUCT_TM_TM_ZONE 1
| #define HAVE_UNION_SEMUN 1
| #define HAVE_SOCKLEN_T 1
| #define HAVE_STRUCT_SOCKADDR_SA_LEN 1
| #define restrict __restrict
| #define pg_restrict __restrict
| #define HAVE_STRUCT_OPTION 1
| #define SIZEOF_OFF_T 8
| #define HAVE_INT_TIMEZONE 1
| #define HAVE_BACKTRACE_SYMBOLS 1
| #define HAVE_COPYFILE 1
| #define HAVE_GETIFADDRS 1
| #define HAVE_INET_PTON 1
| #define HAVE_KQUEUE 1
| #define HAVE_MBSTOWCS_L 1
| #define HAVE_MEMSET_S 1
| #define HAVE_PTHREAD_IS_THREADED_NP 1
| #define HAVE_STRSIGNAL 1
| #define HAVE_USELOCALE 1
| #define HAVE_WCSTOMBS_L 1
| #define HAVE__BUILTIN_BSWAP16 1
| #define HAVE__BUILTIN_BSWAP32 1
| #define HAVE__BUILTIN_BSWAP64 1
| #define HAVE__BUILTIN_CLZ 1
| #define HAVE__BUILTIN_CTZ 1
| #define HAVE__BUILTIN_POPCOUNT 1
| #define HAVE__BUILTIN_FRAME_ADDRESS 1
| #define HAVE_FSEEKO 1
| #define HAVE_DECL_POSIX_FADVISE 0
| #define HAVE_DECL_FDATASYNC 0
| #define HAVE_DECL_STRLCAT 1
| #define HAVE_DECL_STRLCPY 1
| #define HAVE_DECL_STRNLEN 1
| #define HAVE_DECL_STRSEP 1
| #define HAVE_DECL_PREADV 1
| #define HAVE_DECL_PWRITEV 1
| #define HAVE_DECL_F_FULLFSYNC 1
| #define HAVE_GETOPT 1
| #define HAVE_GETPEEREID 1
| #define HAVE_INET_ATON 1
| #define HAVE_MKDTEMP 1
| #define HAVE_STRLCAT 1
| #define HAVE_STRLCPY 1
| #define HAVE_STRNLEN 1
| #define HAVE_STRSEP 1
| #define HAVE_GETOPT_LONG 1
| #define HAVE_SYSLOG 1
| #define HAVE_INT_OPTERR 1
| #define HAVE_INT_OPTRESET 1
| /* end confdefs.h.  */
| #include <stdio.h>
| #if defined(HAVE_READLINE_READLINE_H)
| #include <readline/readline.h>
| #elif defined(HAVE_EDITLINE_READLINE_H)
| #include <editline/readline.h>
| #elif defined(HAVE_READLINE_H)
| #include <readline.h>
| #endif
| 
| int
| main ()
| {
| rl_completion_suppress_quote = 1;
|   ;
|   return 0;
| }
configure:16323: result: no
configure:16330: checking for rl_filename_quote_characters
configure:16354: gcc -o conftest -Wall -Wmissing-prototypes -Wpointer-arith -Wdeclaration-after-statement -Werror=vla -Werror=unguarded-availability-new -Wendif-labels -Wmissing-format-attribute -Wcast-function-type -Wformat-security -Wmissing-variable-declarations -fno-strict-aliasing -fwrapv -Wno-unused-command-line-argument -Wno-compound-token-split-by-macro -O2 -isysroot /Library/Developer/CommandLineTools/SDKs/MacOSX13.3.sdk   -isysroot /Library/Developer/CommandLineTools/SDKs/MacOSX13.3.sdk   conftest.c -lz -lreadline -lm  >&5
conftest.c:119:1: error: use of undeclared identifier 'rl_filename_quote_characters'; did you mean 'rl_completer_quote_characters'?
rl_filename_quote_characters = "x";
^~~~~~~~~~~~~~~~~~~~~~~~~~~~
rl_completer_quote_characters
/Library/Developer/CommandLineTools/SDKs/MacOSX13.3.sdk/usr/include/readline/readline.h:110:15: note: 'rl_completer_quote_characters' declared here
extern char             *rl_completer_quote_characters;
                         ^
1 error generated.
configure:16354: $? = 1
configure: failed program was:
| /* confdefs.h */
| #define PACKAGE_NAME "PostgreSQL"
| #define PACKAGE_TARNAME "postgresql"
| #define PACKAGE_VERSION "18devel"
| #define PACKAGE_STRING "PostgreSQL 18devel"
| #define PACKAGE_BUGREPORT "pgsql-bugs@lists.postgresql.org"
| #define PACKAGE_URL "https://www.postgresql.org/"
| #define CONFIGURE_ARGS " 'PKG_CONFIG_PATH=/opt/homebrew/opt/icu4c/lib/pkgconfig:/opt/homebrew/opt/libpq/lib/pkgconfig:'"
| #define PG_MAJORVERSION "18"
| #define PG_MAJORVERSION_NUM 18
| #define PG_MINORVERSION_NUM 0
| #define PG_VERSION "18devel"
| #define DEF_PGPORT 5432
| #define DEF_PGPORT_STR "5432"
| #define BLCKSZ 8192
| #define RELSEG_SIZE 131072
| #define XLOG_BLCKSZ 8192
| #define HAVE_VISIBILITY_ATTRIBUTE 1
| #define DLSUFFIX ".dylib"
| #define USE_ICU 1
| #define PG_KRB_SRVNAM "postgres"
| #define STDC_HEADERS 1
| #define HAVE_SYS_TYPES_H 1
| #define HAVE_SYS_STAT_H 1
| #define HAVE_STDLIB_H 1
| #define HAVE_STRING_H 1
| #define HAVE_MEMORY_H 1
| #define HAVE_STRINGS_H 1
| #define HAVE_INTTYPES_H 1
| #define HAVE_STDINT_H 1
| #define HAVE_UNISTD_H 1
| #define HAVE_PTHREAD_PRIO_INHERIT 1
| #define HAVE_PTHREAD 1
| #define HAVE_STRERROR_R 1
| #define STRERROR_R_INT 1
| #define HAVE_LIBM 1
| #define HAVE_LIBREADLINE 1
| #define HAVE_LIBZ 1
| #define HAVE_COPYFILE_H 1
| #define HAVE_EXECINFO_H 1
| #define HAVE_GETOPT_H 1
| #define HAVE_IFADDRS_H 1
| #define HAVE_SYS_EVENT_H 1
| #define HAVE_SYS_UCRED_H 1
| #define HAVE_TERMIOS_H 1
| #define HAVE_XLOCALE_H 1
| #define HAVE_READLINE_READLINE_H 1
| #define HAVE_READLINE_HISTORY_H 1
| #define PG_PRINTF_ATTRIBUTE printf
| #define HAVE__STATIC_ASSERT 1
| #define HAVE_TYPEOF 1
| #define HAVE__BUILTIN_TYPES_COMPATIBLE_P 1
| #define HAVE__BUILTIN_CONSTANT_P 1
| #define HAVE__BUILTIN_OP_OVERFLOW 1
| #define HAVE__BUILTIN_UNREACHABLE 1
| #define HAVE_COMPUTED_GOTO 1
| #define HAVE_STRUCT_TM_TM_ZONE 1
| #define HAVE_UNION_SEMUN 1
| #define HAVE_SOCKLEN_T 1
| #define HAVE_STRUCT_SOCKADDR_SA_LEN 1
| #define restrict __restrict
| #define pg_restrict __restrict
| #define HAVE_STRUCT_OPTION 1
| #define SIZEOF_OFF_T 8
| #define HAVE_INT_TIMEZONE 1
| #define HAVE_BACKTRACE_SYMBOLS 1
| #define HAVE_COPYFILE 1
| #define HAVE_GETIFADDRS 1
| #define HAVE_INET_PTON 1
| #define HAVE_KQUEUE 1
| #define HAVE_MBSTOWCS_L 1
| #define HAVE_MEMSET_S 1
| #define HAVE_PTHREAD_IS_THREADED_NP 1
| #define HAVE_STRSIGNAL 1
| #define HAVE_USELOCALE 1
| #define HAVE_WCSTOMBS_L 1
| #define HAVE__BUILTIN_BSWAP16 1
| #define HAVE__BUILTIN_BSWAP32 1
| #define HAVE__BUILTIN_BSWAP64 1
| #define HAVE__BUILTIN_CLZ 1
| #define HAVE__BUILTIN_CTZ 1
| #define HAVE__BUILTIN_POPCOUNT 1
| #define HAVE__BUILTIN_FRAME_ADDRESS 1
| #define HAVE_FSEEKO 1
| #define HAVE_DECL_POSIX_FADVISE 0
| #define HAVE_DECL_FDATASYNC 0
| #define HAVE_DECL_STRLCAT 1
| #define HAVE_DECL_STRLCPY 1
| #define HAVE_DECL_STRNLEN 1
| #define HAVE_DECL_STRSEP 1
| #define HAVE_DECL_PREADV 1
| #define HAVE_DECL_PWRITEV 1
| #define HAVE_DECL_F_FULLFSYNC 1
| #define HAVE_GETOPT 1
| #define HAVE_GETPEEREID 1
| #define HAVE_INET_ATON 1
| #define HAVE_MKDTEMP 1
| #define HAVE_STRLCAT 1
| #define HAVE_STRLCPY 1
| #define HAVE_STRNLEN 1
| #define HAVE_STRSEP 1
| #define HAVE_GETOPT_LONG 1
| #define HAVE_SYSLOG 1
| #define HAVE_INT_OPTERR 1
| #define HAVE_INT_OPTRESET 1
| /* end confdefs.h.  */
| #include <stdio.h>
| #if defined(HAVE_READLINE_READLINE_H)
| #include <readline/readline.h>
| #elif defined(HAVE_EDITLINE_READLINE_H)
| #include <editline/readline.h>
| #elif defined(HAVE_READLINE_H)
| #include <readline.h>
| #endif
| 
| int
| main ()
| {
| rl_filename_quote_characters = "x";
|   ;
|   return 0;
| }
configure:16362: result: no
configure:16369: checking for rl_filename_quoting_function
configure:16393: gcc -o conftest -Wall -Wmissing-prototypes -Wpointer-arith -Wdeclaration-after-statement -Werror=vla -Werror=unguarded-availability-new -Wendif-labels -Wmissing-format-attribute -Wcast-function-type -Wformat-security -Wmissing-variable-declarations -fno-strict-aliasing -fwrapv -Wno-unused-command-line-argument -Wno-compound-token-split-by-macro -O2 -isysroot /Library/Developer/CommandLineTools/SDKs/MacOSX13.3.sdk   -isysroot /Library/Developer/CommandLineTools/SDKs/MacOSX13.3.sdk   conftest.c -lz -lreadline -lm  >&5
conftest.c:119:1: error: use of undeclared identifier 'rl_filename_quoting_function'
rl_filename_quoting_function = 0;
^
1 error generated.
configure:16393: $? = 1
configure: failed program was:
| /* confdefs.h */
| #define PACKAGE_NAME "PostgreSQL"
| #define PACKAGE_TARNAME "postgresql"
| #define PACKAGE_VERSION "18devel"
| #define PACKAGE_STRING "PostgreSQL 18devel"
| #define PACKAGE_BUGREPORT "pgsql-bugs@lists.postgresql.org"
| #define PACKAGE_URL "https://www.postgresql.org/"
| #define CONFIGURE_ARGS " 'PKG_CONFIG_PATH=/opt/homebrew/opt/icu4c/lib/pkgconfig:/opt/homebrew/opt/libpq/lib/pkgconfig:'"
| #define PG_MAJORVERSION "18"
| #define PG_MAJORVERSION_NUM 18
| #define PG_MINORVERSION_NUM 0
| #define PG_VERSION "18devel"
| #define DEF_PGPORT 5432
| #define DEF_PGPORT_STR "5432"
| #define BLCKSZ 8192
| #define RELSEG_SIZE 131072
| #define XLOG_BLCKSZ 8192
| #define HAVE_VISIBILITY_ATTRIBUTE 1
| #define DLSUFFIX ".dylib"
| #define USE_ICU 1
| #define PG_KRB_SRVNAM "postgres"
| #define STDC_HEADERS 1
| #define HAVE_SYS_TYPES_H 1
| #define HAVE_SYS_STAT_H 1
| #define HAVE_STDLIB_H 1
| #define HAVE_STRING_H 1
| #define HAVE_MEMORY_H 1
| #define HAVE_STRINGS_H 1
| #define HAVE_INTTYPES_H 1
| #define HAVE_STDINT_H 1
| #define HAVE_UNISTD_H 1
| #define HAVE_PTHREAD_PRIO_INHERIT 1
| #define HAVE_PTHREAD 1
| #define HAVE_STRERROR_R 1
| #define STRERROR_R_INT 1
| #define HAVE_LIBM 1
| #define HAVE_LIBREADLINE 1
| #define HAVE_LIBZ 1
| #define HAVE_COPYFILE_H 1
| #define HAVE_EXECINFO_H 1
| #define HAVE_GETOPT_H 1
| #define HAVE_IFADDRS_H 1
| #define HAVE_SYS_EVENT_H 1
| #define HAVE_SYS_UCRED_H 1
| #define HAVE_TERMIOS_H 1
| #define HAVE_XLOCALE_H 1
| #define HAVE_READLINE_READLINE_H 1
| #define HAVE_READLINE_HISTORY_H 1
| #define PG_PRINTF_ATTRIBUTE printf
| #define HAVE__STATIC_ASSERT 1
| #define HAVE_TYPEOF 1
| #define HAVE__BUILTIN_TYPES_COMPATIBLE_P 1
| #define HAVE__BUILTIN_CONSTANT_P 1
| #define HAVE__BUILTIN_OP_OVERFLOW 1
| #define HAVE__BUILTIN_UNREACHABLE 1
| #define HAVE_COMPUTED_GOTO 1
| #define HAVE_STRUCT_TM_TM_ZONE 1
| #define HAVE_UNION_SEMUN 1
| #define HAVE_SOCKLEN_T 1
| #define HAVE_STRUCT_SOCKADDR_SA_LEN 1
| #define restrict __restrict
| #define pg_restrict __restrict
| #define HAVE_STRUCT_OPTION 1
| #define SIZEOF_OFF_T 8
| #define HAVE_INT_TIMEZONE 1
| #define HAVE_BACKTRACE_SYMBOLS 1
| #define HAVE_COPYFILE 1
| #define HAVE_GETIFADDRS 1
| #define HAVE_INET_PTON 1
| #define HAVE_KQUEUE 1
| #define HAVE_MBSTOWCS_L 1
| #define HAVE_MEMSET_S 1
| #define HAVE_PTHREAD_IS_THREADED_NP 1
| #define HAVE_STRSIGNAL 1
| #define HAVE_USELOCALE 1
| #define HAVE_WCSTOMBS_L 1
| #define HAVE__BUILTIN_BSWAP16 1
| #define HAVE__BUILTIN_BSWAP32 1
| #define HAVE__BUILTIN_BSWAP64 1
| #define HAVE__BUILTIN_CLZ 1
| #define HAVE__BUILTIN_CTZ 1
| #define HAVE__BUILTIN_POPCOUNT 1
| #define HAVE__BUILTIN_FRAME_ADDRESS 1
| #define HAVE_FSEEKO 1
| #define HAVE_DECL_POSIX_FADVISE 0
| #define HAVE_DECL_FDATASYNC 0
| #define HAVE_DECL_STRLCAT 1
| #define HAVE_DECL_STRLCPY 1
| #define HAVE_DECL_STRNLEN 1
| #define HAVE_DECL_STRSEP 1
| #define HAVE_DECL_PREADV 1
| #define HAVE_DECL_PWRITEV 1
| #define HAVE_DECL_F_FULLFSYNC 1
| #define HAVE_GETOPT 1
| #define HAVE_GETPEEREID 1
| #define HAVE_INET_ATON 1
| #define HAVE_MKDTEMP 1
| #define HAVE_STRLCAT 1
| #define HAVE_STRLCPY 1
| #define HAVE_STRNLEN 1
| #define HAVE_STRSEP 1
| #define HAVE_GETOPT_LONG 1
| #define HAVE_SYSLOG 1
| #define HAVE_INT_OPTERR 1
| #define HAVE_INT_OPTRESET 1
| /* end confdefs.h.  */
| #include <stdio.h>
| #if defined(HAVE_READLINE_READLINE_H)
| #include <readline/readline.h>
| #elif defined(HAVE_EDITLINE_READLINE_H)
| #include <editline/readline.h>
| #elif defined(HAVE_READLINE_H)
| #include <readline.h>
| #endif
| 
| int
| main ()
| {
| rl_filename_quoting_function = 0;
|   ;
|   return 0;
| }
configure:16401: result: no
configure:16412: checking for append_history
configure:16412: gcc -o conftest -Wall -Wmissing-prototypes -Wpointer-arith -Wdeclaration-after-statement -Werror=vla -Werror=unguarded-availability-new -Wendif-labels -Wmissing-format-attribute -Wcast-function-type -Wformat-security -Wmissing-variable-declarations -fno-strict-aliasing -fwrapv -Wno-unused-command-line-argument -Wno-compound-token-split-by-macro -O2 -isysroot /Library/Developer/CommandLineTools/SDKs/MacOSX13.3.sdk   -isysroot /Library/Developer/CommandLineTools/SDKs/MacOSX13.3.sdk   conftest.c -lz -lreadline -lm  >&5
Undefined symbols for architecture arm64:
  "_append_history", referenced from:
      _main in conftest-411db3.o
ld: symbol(s) not found for architecture arm64
clang: error: linker command failed with exit code 1 (use -v to see invocation)
configure:16412: $? = 1
configure: failed program was:
| /* confdefs.h */
| #define PACKAGE_NAME "PostgreSQL"
| #define PACKAGE_TARNAME "postgresql"
| #define PACKAGE_VERSION "18devel"
| #define PACKAGE_STRING "PostgreSQL 18devel"
| #define PACKAGE_BUGREPORT "pgsql-bugs@lists.postgresql.org"
| #define PACKAGE_URL "https://www.postgresql.org/"
| #define CONFIGURE_ARGS " 'PKG_CONFIG_PATH=/opt/homebrew/opt/icu4c/lib/pkgconfig:/opt/homebrew/opt/libpq/lib/pkgconfig:'"
| #define PG_MAJORVERSION "18"
| #define PG_MAJORVERSION_NUM 18
| #define PG_MINORVERSION_NUM 0
| #define PG_VERSION "18devel"
| #define DEF_PGPORT 5432
| #define DEF_PGPORT_STR "5432"
| #define BLCKSZ 8192
| #define RELSEG_SIZE 131072
| #define XLOG_BLCKSZ 8192
| #define HAVE_VISIBILITY_ATTRIBUTE 1
| #define DLSUFFIX ".dylib"
| #define USE_ICU 1
| #define PG_KRB_SRVNAM "postgres"
| #define STDC_HEADERS 1
| #define HAVE_SYS_TYPES_H 1
| #define HAVE_SYS_STAT_H 1
| #define HAVE_STDLIB_H 1
| #define HAVE_STRING_H 1
| #define HAVE_MEMORY_H 1
| #define HAVE_STRINGS_H 1
| #define HAVE_INTTYPES_H 1
| #define HAVE_STDINT_H 1
| #define HAVE_UNISTD_H 1
| #define HAVE_PTHREAD_PRIO_INHERIT 1
| #define HAVE_PTHREAD 1
| #define HAVE_STRERROR_R 1
| #define STRERROR_R_INT 1
| #define HAVE_LIBM 1
| #define HAVE_LIBREADLINE 1
| #define HAVE_LIBZ 1
| #define HAVE_COPYFILE_H 1
| #define HAVE_EXECINFO_H 1
| #define HAVE_GETOPT_H 1
| #define HAVE_IFADDRS_H 1
| #define HAVE_SYS_EVENT_H 1
| #define HAVE_SYS_UCRED_H 1
| #define HAVE_TERMIOS_H 1
| #define HAVE_XLOCALE_H 1
| #define HAVE_READLINE_READLINE_H 1
| #define HAVE_READLINE_HISTORY_H 1
| #define PG_PRINTF_ATTRIBUTE printf
| #define HAVE__STATIC_ASSERT 1
| #define HAVE_TYPEOF 1
| #define HAVE__BUILTIN_TYPES_COMPATIBLE_P 1
| #define HAVE__BUILTIN_CONSTANT_P 1
| #define HAVE__BUILTIN_OP_OVERFLOW 1
| #define HAVE__BUILTIN_UNREACHABLE 1
| #define HAVE_COMPUTED_GOTO 1
| #define HAVE_STRUCT_TM_TM_ZONE 1
| #define HAVE_UNION_SEMUN 1
| #define HAVE_SOCKLEN_T 1
| #define HAVE_STRUCT_SOCKADDR_SA_LEN 1
| #define restrict __restrict
| #define pg_restrict __restrict
| #define HAVE_STRUCT_OPTION 1
| #define SIZEOF_OFF_T 8
| #define HAVE_INT_TIMEZONE 1
| #define HAVE_BACKTRACE_SYMBOLS 1
| #define HAVE_COPYFILE 1
| #define HAVE_GETIFADDRS 1
| #define HAVE_INET_PTON 1
| #define HAVE_KQUEUE 1
| #define HAVE_MBSTOWCS_L 1
| #define HAVE_MEMSET_S 1
| #define HAVE_PTHREAD_IS_THREADED_NP 1
| #define HAVE_STRSIGNAL 1
| #define HAVE_USELOCALE 1
| #define HAVE_WCSTOMBS_L 1
| #define HAVE__BUILTIN_BSWAP16 1
| #define HAVE__BUILTIN_BSWAP32 1
| #define HAVE__BUILTIN_BSWAP64 1
| #define HAVE__BUILTIN_CLZ 1
| #define HAVE__BUILTIN_CTZ 1
| #define HAVE__BUILTIN_POPCOUNT 1
| #define HAVE__BUILTIN_FRAME_ADDRESS 1
| #define HAVE_FSEEKO 1
| #define HAVE_DECL_POSIX_FADVISE 0
| #define HAVE_DECL_FDATASYNC 0
| #define HAVE_DECL_STRLCAT 1
| #define HAVE_DECL_STRLCPY 1
| #define HAVE_DECL_STRNLEN 1
| #define HAVE_DECL_STRSEP 1
| #define HAVE_DECL_PREADV 1
| #define HAVE_DECL_PWRITEV 1
| #define HAVE_DECL_F_FULLFSYNC 1
| #define HAVE_GETOPT 1
| #define HAVE_GETPEEREID 1
| #define HAVE_INET_ATON 1
| #define HAVE_MKDTEMP 1
| #define HAVE_STRLCAT 1
| #define HAVE_STRLCPY 1
| #define HAVE_STRNLEN 1
| #define HAVE_STRSEP 1
| #define HAVE_GETOPT_LONG 1
| #define HAVE_SYSLOG 1
| #define HAVE_INT_OPTERR 1
| #define HAVE_INT_OPTRESET 1
| /* end confdefs.h.  */
| /* Define append_history to an innocuous variant, in case <limits.h> declares append_history.
|    For example, HP-UX 11i <limits.h> declares gettimeofday.  */
| #define append_history innocuous_append_history
| 
| /* System header to define __stub macros and hopefully few prototypes,
|     which can conflict with char append_history (); below.
|     Prefer <limits.h> to <assert.h> if __STDC__ is defined, since
|     <limits.h> exists even on freestanding compilers.  */
| 
| #ifdef __STDC__
| # include <limits.h>
| #else
| # include <assert.h>
| #endif
| 
| #undef append_history
| 
| /* Override any GCC internal prototype to avoid an error.
|    Use char because int might match the return type of a GCC
|    builtin and then its argument prototype would still apply.  */
| #ifdef __cplusplus
| extern "C"
| #endif
| char append_history ();
| /* The GNU C library defines this for functions which it implements
|     to always fail with ENOSYS.  Some functions are actually named
|     something starting with __ and the normal name is an alias.  */
| #if defined __stub_append_history || defined __stub___append_history
| choke me
| #endif
| 
| int
| main ()
| {
| return append_history ();
|   ;
|   return 0;
| }
configure:16412: result: no
configure:16412: checking for history_truncate_file
configure:16412: gcc -o conftest -Wall -Wmissing-prototypes -Wpointer-arith -Wdeclaration-after-statement -Werror=vla -Werror=unguarded-availability-new -Wendif-labels -Wmissing-format-attribute -Wcast-function-type -Wformat-security -Wmissing-variable-declarations -fno-strict-aliasing -fwrapv -Wno-unused-command-line-argument -Wno-compound-token-split-by-macro -O2 -isysroot /Library/Developer/CommandLineTools/SDKs/MacOSX13.3.sdk   -isysroot /Library/Developer/CommandLineTools/SDKs/MacOSX13.3.sdk   conftest.c -lz -lreadline -lm  >&5
configure:16412: $? = 0
configure:16412: result: yes
configure:16412: checking for rl_completion_matches
configure:16412: gcc -o conftest -Wall -Wmissing-prototypes -Wpointer-arith -Wdeclaration-after-statement -Werror=vla -Werror=unguarded-availability-new -Wendif-labels -Wmissing-format-attribute -Wcast-function-type -Wformat-security -Wmissing-variable-declarations -fno-strict-aliasing -fwrapv -Wno-unused-command-line-argument -Wno-compound-token-split-by-macro -O2 -isysroot /Library/Developer/CommandLineTools/SDKs/MacOSX13.3.sdk   -isysroot /Library/Developer/CommandLineTools/SDKs/MacOSX13.3.sdk   conftest.c -lz -lreadline -lm  >&5
configure:16412: $? = 0
configure:16412: result: yes
configure:16412: checking for rl_filename_completion_function
configure:16412: gcc -o conftest -Wall -Wmissing-prototypes -Wpointer-arith -Wdeclaration-after-statement -Werror=vla -Werror=unguarded-availability-new -Wendif-labels -Wmissing-format-attribute -Wcast-function-type -Wformat-security -Wmissing-variable-declarations -fno-strict-aliasing -fwrapv -Wno-unused-command-line-argument -Wno-compound-token-split-by-macro -O2 -isysroot /Library/Developer/CommandLineTools/SDKs/MacOSX13.3.sdk   -isysroot /Library/Developer/CommandLineTools/SDKs/MacOSX13.3.sdk   conftest.c -lz -lreadline -lm  >&5
configure:16412: $? = 0
configure:16412: result: yes
configure:16412: checking for rl_reset_screen_size
configure:16412: gcc -o conftest -Wall -Wmissing-prototypes -Wpointer-arith -Wdeclaration-after-statement -Werror=vla -Werror=unguarded-availability-new -Wendif-labels -Wmissing-format-attribute -Wcast-function-type -Wformat-security -Wmissing-variable-declarations -fno-strict-aliasing -fwrapv -Wno-unused-command-line-argument -Wno-compound-token-split-by-macro -O2 -isysroot /Library/Developer/CommandLineTools/SDKs/MacOSX13.3.sdk   -isysroot /Library/Developer/CommandLineTools/SDKs/MacOSX13.3.sdk   conftest.c -lz -lreadline -lm  >&5
Undefined symbols for architecture arm64:
  "_rl_reset_screen_size", referenced from:
      _main in conftest-78440a.o
ld: symbol(s) not found for architecture arm64
clang: error: linker command failed with exit code 1 (use -v to see invocation)
configure:16412: $? = 1
configure: failed program was:
| /* confdefs.h */
| #define PACKAGE_NAME "PostgreSQL"
| #define PACKAGE_TARNAME "postgresql"
| #define PACKAGE_VERSION "18devel"
| #define PACKAGE_STRING "PostgreSQL 18devel"
| #define PACKAGE_BUGREPORT "pgsql-bugs@lists.postgresql.org"
| #define PACKAGE_URL "https://www.postgresql.org/"
| #define CONFIGURE_ARGS " 'PKG_CONFIG_PATH=/opt/homebrew/opt/icu4c/lib/pkgconfig:/opt/homebrew/opt/libpq/lib/pkgconfig:'"
| #define PG_MAJORVERSION "18"
| #define PG_MAJORVERSION_NUM 18
| #define PG_MINORVERSION_NUM 0
| #define PG_VERSION "18devel"
| #define DEF_PGPORT 5432
| #define DEF_PGPORT_STR "5432"
| #define BLCKSZ 8192
| #define RELSEG_SIZE 131072
| #define XLOG_BLCKSZ 8192
| #define HAVE_VISIBILITY_ATTRIBUTE 1
| #define DLSUFFIX ".dylib"
| #define USE_ICU 1
| #define PG_KRB_SRVNAM "postgres"
| #define STDC_HEADERS 1
| #define HAVE_SYS_TYPES_H 1
| #define HAVE_SYS_STAT_H 1
| #define HAVE_STDLIB_H 1
| #define HAVE_STRING_H 1
| #define HAVE_MEMORY_H 1
| #define HAVE_STRINGS_H 1
| #define HAVE_INTTYPES_H 1
| #define HAVE_STDINT_H 1
| #define HAVE_UNISTD_H 1
| #define HAVE_PTHREAD_PRIO_INHERIT 1
| #define HAVE_PTHREAD 1
| #define HAVE_STRERROR_R 1
| #define STRERROR_R_INT 1
| #define HAVE_LIBM 1
| #define HAVE_LIBREADLINE 1
| #define HAVE_LIBZ 1
| #define HAVE_COPYFILE_H 1
| #define HAVE_EXECINFO_H 1
| #define HAVE_GETOPT_H 1
| #define HAVE_IFADDRS_H 1
| #define HAVE_SYS_EVENT_H 1
| #define HAVE_SYS_UCRED_H 1
| #define HAVE_TERMIOS_H 1
| #define HAVE_XLOCALE_H 1
| #define HAVE_READLINE_READLINE_H 1
| #define HAVE_READLINE_HISTORY_H 1
| #define PG_PRINTF_ATTRIBUTE printf
| #define HAVE__STATIC_ASSERT 1
| #define HAVE_TYPEOF 1
| #define HAVE__BUILTIN_TYPES_COMPATIBLE_P 1
| #define HAVE__BUILTIN_CONSTANT_P 1
| #define HAVE__BUILTIN_OP_OVERFLOW 1
| #define HAVE__BUILTIN_UNREACHABLE 1
| #define HAVE_COMPUTED_GOTO 1
| #define HAVE_STRUCT_TM_TM_ZONE 1
| #define HAVE_UNION_SEMUN 1
| #define HAVE_SOCKLEN_T 1
| #define HAVE_STRUCT_SOCKADDR_SA_LEN 1
| #define restrict __restrict
| #define pg_restrict __restrict
| #define HAVE_STRUCT_OPTION 1
| #define SIZEOF_OFF_T 8
| #define HAVE_INT_TIMEZONE 1
| #define HAVE_BACKTRACE_SYMBOLS 1
| #define HAVE_COPYFILE 1
| #define HAVE_GETIFADDRS 1
| #define HAVE_INET_PTON 1
| #define HAVE_KQUEUE 1
| #define HAVE_MBSTOWCS_L 1
| #define HAVE_MEMSET_S 1
| #define HAVE_PTHREAD_IS_THREADED_NP 1
| #define HAVE_STRSIGNAL 1
| #define HAVE_USELOCALE 1
| #define HAVE_WCSTOMBS_L 1
| #define HAVE__BUILTIN_BSWAP16 1
| #define HAVE__BUILTIN_BSWAP32 1
| #define HAVE__BUILTIN_BSWAP64 1
| #define HAVE__BUILTIN_CLZ 1
| #define HAVE__BUILTIN_CTZ 1
| #define HAVE__BUILTIN_POPCOUNT 1
| #define HAVE__BUILTIN_FRAME_ADDRESS 1
| #define HAVE_FSEEKO 1
| #define HAVE_DECL_POSIX_FADVISE 0
| #define HAVE_DECL_FDATASYNC 0
| #define HAVE_DECL_STRLCAT 1
| #define HAVE_DECL_STRLCPY 1
| #define HAVE_DECL_STRNLEN 1
| #define HAVE_DECL_STRSEP 1
| #define HAVE_DECL_PREADV 1
| #define HAVE_DECL_PWRITEV 1
| #define HAVE_DECL_F_FULLFSYNC 1
| #define HAVE_GETOPT 1
| #define HAVE_GETPEEREID 1
| #define HAVE_INET_ATON 1
| #define HAVE_MKDTEMP 1
| #define HAVE_STRLCAT 1
| #define HAVE_STRLCPY 1
| #define HAVE_STRNLEN 1
| #define HAVE_STRSEP 1
| #define HAVE_GETOPT_LONG 1
| #define HAVE_SYSLOG 1
| #define HAVE_INT_OPTERR 1
| #define HAVE_INT_OPTRESET 1
| #define HAVE_HISTORY_TRUNCATE_FILE 1
| #define HAVE_RL_COMPLETION_MATCHES 1
| #define HAVE_RL_FILENAME_COMPLETION_FUNCTION 1
| /* end confdefs.h.  */
| /* Define rl_reset_screen_size to an innocuous variant, in case <limits.h> declares rl_reset_screen_size.
|    For example, HP-UX 11i <limits.h> declares gettimeofday.  */
| #define rl_reset_screen_size innocuous_rl_reset_screen_size
| 
| /* System header to define __stub macros and hopefully few prototypes,
|     which can conflict with char rl_reset_screen_size (); below.
|     Prefer <limits.h> to <assert.h> if __STDC__ is defined, since
|     <limits.h> exists even on freestanding compilers.  */
| 
| #ifdef __STDC__
| # include <limits.h>
| #else
| # include <assert.h>
| #endif
| 
| #undef rl_reset_screen_size
| 
| /* Override any GCC internal prototype to avoid an error.
|    Use char because int might match the return type of a GCC
|    builtin and then its argument prototype would still apply.  */
| #ifdef __cplusplus
| extern "C"
| #endif
| char rl_reset_screen_size ();
| /* The GNU C library defines this for functions which it implements
|     to always fail with ENOSYS.  Some functions are actually named
|     something starting with __ and the normal name is an alias.  */
| #if defined __stub_rl_reset_screen_size || defined __stub___rl_reset_screen_size
| choke me
| #endif
| 
| int
| main ()
| {
| return rl_reset_screen_size ();
|   ;
|   return 0;
| }
configure:16412: result: no
configure:16412: checking for rl_variable_bind
configure:16412: gcc -o conftest -Wall -Wmissing-prototypes -Wpointer-arith -Wdeclaration-after-statement -Werror=vla -Werror=unguarded-availability-new -Wendif-labels -Wmissing-format-attribute -Wcast-function-type -Wformat-security -Wmissing-variable-declarations -fno-strict-aliasing -fwrapv -Wno-unused-command-line-argument -Wno-compound-token-split-by-macro -O2 -isysroot /Library/Developer/CommandLineTools/SDKs/MacOSX13.3.sdk   -isysroot /Library/Developer/CommandLineTools/SDKs/MacOSX13.3.sdk   conftest.c -lz -lreadline -lm  >&5
configure:16412: $? = 0
configure:16412: result: yes
configure:16428: checking test program
configure:16438: gcc -o conftest -Wall -Wmissing-prototypes -Wpointer-arith -Wdeclaration-after-statement -Werror=vla -Werror=unguarded-availability-new -Wendif-labels -Wmissing-format-attribute -Wcast-function-type -Wformat-security -Wmissing-variable-declarations -fno-strict-aliasing -fwrapv -Wno-unused-command-line-argument -Wno-compound-token-split-by-macro -O2 -isysroot /Library/Developer/CommandLineTools/SDKs/MacOSX13.3.sdk   -isysroot /Library/Developer/CommandLineTools/SDKs/MacOSX13.3.sdk   conftest.c -lz -lreadline -lm  >&5
configure:16438: $? = 0
configure:16438: ./conftest
configure:16438: $? = 0
configure:16439: result: ok
configure:16463: checking size of void *
configure:16468: gcc -o conftest -Wall -Wmissing-prototypes -Wpointer-arith -Wdeclaration-after-statement -Werror=vla -Werror=unguarded-availability-new -Wendif-labels -Wmissing-format-attribute -Wcast-function-type -Wformat-security -Wmissing-variable-declarations -fno-strict-aliasing -fwrapv -Wno-unused-command-line-argument -Wno-compound-token-split-by-macro -O2 -isysroot /Library/Developer/CommandLineTools/SDKs/MacOSX13.3.sdk   -isysroot /Library/Developer/CommandLineTools/SDKs/MacOSX13.3.sdk   conftest.c -lz -lreadline -lm  >&5
configure:16468: $? = 0
configure:16468: ./conftest
configure:16468: $? = 0
configure:16482: result: 8
configure:16496: checking size of size_t
configure:16501: gcc -o conftest -Wall -Wmissing-prototypes -Wpointer-arith -Wdeclaration-after-statement -Werror=vla -Werror=unguarded-availability-new -Wendif-labels -Wmissing-format-attribute -Wcast-function-type -Wformat-security -Wmissing-variable-declarations -fno-strict-aliasing -fwrapv -Wno-unused-command-line-argument -Wno-compound-token-split-by-macro -O2 -isysroot /Library/Developer/CommandLineTools/SDKs/MacOSX13.3.sdk   -isysroot /Library/Developer/CommandLineTools/SDKs/MacOSX13.3.sdk   conftest.c -lz -lreadline -lm  >&5
configure:16501: $? = 0
configure:16501: ./conftest
configure:16501: $? = 0
configure:16515: result: 8
configure:16529: checking size of long
configure:16534: gcc -o conftest -Wall -Wmissing-prototypes -Wpointer-arith -Wdeclaration-after-statement -Werror=vla -Werror=unguarded-availability-new -Wendif-labels -Wmissing-format-attribute -Wcast-function-type -Wformat-security -Wmissing-variable-declarations -fno-strict-aliasing -fwrapv -Wno-unused-command-line-argument -Wno-compound-token-split-by-macro -O2 -isysroot /Library/Developer/CommandLineTools/SDKs/MacOSX13.3.sdk   -isysroot /Library/Developer/CommandLineTools/SDKs/MacOSX13.3.sdk   conftest.c -lz -lreadline -lm  >&5
configure:16534: $? = 0
configure:16534: ./conftest
configure:16534: $? = 0
configure:16548: result: 8
configure:16562: checking size of long long
configure:16567: gcc -o conftest -Wall -Wmissing-prototypes -Wpointer-arith -Wdeclaration-after-statement -Werror=vla -Werror=unguarded-availability-new -Wendif-labels -Wmissing-format-attribute -Wcast-function-type -Wformat-security -Wmissing-variable-declarations -fno-strict-aliasing -fwrapv -Wno-unused-command-line-argument -Wno-compound-token-split-by-macro -O2 -isysroot /Library/Developer/CommandLineTools/SDKs/MacOSX13.3.sdk   -isysroot /Library/Developer/CommandLineTools/SDKs/MacOSX13.3.sdk   conftest.c -lz -lreadline -lm  >&5
configure:16567: $? = 0
configure:16567: ./conftest
configure:16567: $? = 0
configure:16581: result: 8
configure:16596: checking alignment of short
configure:16601: gcc -o conftest -Wall -Wmissing-prototypes -Wpointer-arith -Wdeclaration-after-statement -Werror=vla -Werror=unguarded-availability-new -Wendif-labels -Wmissing-format-attribute -Wcast-function-type -Wformat-security -Wmissing-variable-declarations -fno-strict-aliasing -fwrapv -Wno-unused-command-line-argument -Wno-compound-token-split-by-macro -O2 -isysroot /Library/Developer/CommandLineTools/SDKs/MacOSX13.3.sdk   -isysroot /Library/Developer/CommandLineTools/SDKs/MacOSX13.3.sdk   conftest.c -lz -lreadline -lm  >&5
configure:16601: $? = 0
configure:16601: ./conftest
configure:16601: $? = 0
configure:16619: result: 2
configure:16631: checking alignment of int
configure:16636: gcc -o conftest -Wall -Wmissing-prototypes -Wpointer-arith -Wdeclaration-after-statement -Werror=vla -Werror=unguarded-availability-new -Wendif-labels -Wmissing-format-attribute -Wcast-function-type -Wformat-security -Wmissing-variable-declarations -fno-strict-aliasing -fwrapv -Wno-unused-command-line-argument -Wno-compound-token-split-by-macro -O2 -isysroot /Library/Developer/CommandLineTools/SDKs/MacOSX13.3.sdk   -isysroot /Library/Developer/CommandLineTools/SDKs/MacOSX13.3.sdk   conftest.c -lz -lreadline -lm  >&5
configure:16636: $? = 0
configure:16636: ./conftest
configure:16636: $? = 0
configure:16654: result: 4
configure:16666: checking alignment of long
configure:16671: gcc -o conftest -Wall -Wmissing-prototypes -Wpointer-arith -Wdeclaration-after-statement -Werror=vla -Werror=unguarded-availability-new -Wendif-labels -Wmissing-format-attribute -Wcast-function-type -Wformat-security -Wmissing-variable-declarations -fno-strict-aliasing -fwrapv -Wno-unused-command-line-argument -Wno-compound-token-split-by-macro -O2 -isysroot /Library/Developer/CommandLineTools/SDKs/MacOSX13.3.sdk   -isysroot /Library/Developer/CommandLineTools/SDKs/MacOSX13.3.sdk   conftest.c -lz -lreadline -lm  >&5
configure:16671: $? = 0
configure:16671: ./conftest
configure:16671: $? = 0
configure:16689: result: 8
configure:16701: checking alignment of int64_t
configure:16706: gcc -o conftest -Wall -Wmissing-prototypes -Wpointer-arith -Wdeclaration-after-statement -Werror=vla -Werror=unguarded-availability-new -Wendif-labels -Wmissing-format-attribute -Wcast-function-type -Wformat-security -Wmissing-variable-declarations -fno-strict-aliasing -fwrapv -Wno-unused-command-line-argument -Wno-compound-token-split-by-macro -O2 -isysroot /Library/Developer/CommandLineTools/SDKs/MacOSX13.3.sdk   -isysroot /Library/Developer/CommandLineTools/SDKs/MacOSX13.3.sdk   conftest.c -lz -lreadline -lm  >&5
configure:16706: $? = 0
configure:16706: ./conftest
configure:16706: $? = 0
configure:16724: result: 8
configure:16736: checking alignment of double
configure:16741: gcc -o conftest -Wall -Wmissing-prototypes -Wpointer-arith -Wdeclaration-after-statement -Werror=vla -Werror=unguarded-availability-new -Wendif-labels -Wmissing-format-attribute -Wcast-function-type -Wformat-security -Wmissing-variable-declarations -fno-strict-aliasing -fwrapv -Wno-unused-command-line-argument -Wno-compound-token-split-by-macro -O2 -isysroot /Library/Developer/CommandLineTools/SDKs/MacOSX13.3.sdk   -isysroot /Library/Developer/CommandLineTools/SDKs/MacOSX13.3.sdk   conftest.c -lz -lreadline -lm  >&5
configure:16741: $? = 0
configure:16741: ./conftest
configure:16741: $? = 0
configure:16759: result: 8
configure:16801: checking for __int128
configure:16838: gcc -o conftest -Wall -Wmissing-prototypes -Wpointer-arith -Wdeclaration-after-statement -Werror=vla -Werror=unguarded-availability-new -Wendif-labels -Wmissing-format-attribute -Wcast-function-type -Wformat-security -Wmissing-variable-declarations -fno-strict-aliasing -fwrapv -Wno-unused-command-line-argument -Wno-compound-token-split-by-macro -O2 -isysroot /Library/Developer/CommandLineTools/SDKs/MacOSX13.3.sdk   -isysroot /Library/Developer/CommandLineTools/SDKs/MacOSX13.3.sdk   conftest.c -lz -lreadline -lm  >&5
conftest.c:130:10: warning: no previous extern declaration for non-static variable 'a' [-Wmissing-variable-declarations]
__int128 a = 48828125;
         ^
conftest.c:130:1: note: declare 'static' if the variable is not intended to be used outside of this translation unit
__int128 a = 48828125;
^
conftest.c:131:10: warning: no previous extern declaration for non-static variable 'b' [-Wmissing-variable-declarations]
__int128 b = 97656250;
         ^
conftest.c:131:1: note: declare 'static' if the variable is not intended to be used outside of this translation unit
__int128 b = 97656250;
^
2 warnings generated.
configure:16838: $? = 0
configure:16846: result: yes
configure:16853: checking for __int128 alignment bug
configure:16893: gcc -o conftest -Wall -Wmissing-prototypes -Wpointer-arith -Wdeclaration-after-statement -Werror=vla -Werror=unguarded-availability-new -Wendif-labels -Wmissing-format-attribute -Wcast-function-type -Wformat-security -Wmissing-variable-declarations -fno-strict-aliasing -fwrapv -Wno-unused-command-line-argument -Wno-compound-token-split-by-macro -O2 -isysroot /Library/Developer/CommandLineTools/SDKs/MacOSX13.3.sdk   -isysroot /Library/Developer/CommandLineTools/SDKs/MacOSX13.3.sdk   conftest.c -lz -lreadline -lm  >&5
conftest.c:134:6: warning: no previous prototype for function 'pass_by_val' [-Wmissing-prototypes]
void pass_by_val(void *buffer, int128a par) { holder = par; }
     ^
conftest.c:134:1: note: declare 'static' if the function is not intended to be used outside of this translation unit
void pass_by_val(void *buffer, int128a par) { holder = par; }
^
static 
conftest.c:133:9: warning: no previous extern declaration for non-static variable 'holder' [-Wmissing-variable-declarations]
int128a holder;
        ^
conftest.c:133:1: note: declare 'static' if the variable is not intended to be used outside of this translation unit
int128a holder;
^
2 warnings generated.
configure:16893: $? = 0
configure:16893: ./conftest
configure:16893: $? = 0
configure:16903: result: ok
configure:16911: checking alignment of PG_INT128_TYPE
configure:16916: gcc -o conftest -Wall -Wmissing-prototypes -Wpointer-arith -Wdeclaration-after-statement -Werror=vla -Werror=unguarded-availability-new -Wendif-labels -Wmissing-format-attribute -Wcast-function-type -Wformat-security -Wmissing-variable-declarations -fno-strict-aliasing -fwrapv -Wno-unused-command-line-argument -Wno-compound-token-split-by-macro -O2 -isysroot /Library/Developer/CommandLineTools/SDKs/MacOSX13.3.sdk   -isysroot /Library/Developer/CommandLineTools/SDKs/MacOSX13.3.sdk   conftest.c -lz -lreadline -lm  >&5
configure:16916: $? = 0
configure:16916: ./conftest
configure:16916: $? = 0
configure:16934: result: 16
configure:16949: checking for builtin __sync char locking functions
configure:16967: gcc -o conftest -Wall -Wmissing-prototypes -Wpointer-arith -Wdeclaration-after-statement -Werror=vla -Werror=unguarded-availability-new -Wendif-labels -Wmissing-format-attribute -Wcast-function-type -Wformat-security -Wmissing-variable-declarations -fno-strict-aliasing -fwrapv -Wno-unused-command-line-argument -Wno-compound-token-split-by-macro -O2 -isysroot /Library/Developer/CommandLineTools/SDKs/MacOSX13.3.sdk   -isysroot /Library/Developer/CommandLineTools/SDKs/MacOSX13.3.sdk   conftest.c -lz -lreadline -lm  >&5
configure:16967: $? = 0
configure:16975: result: yes
configure:16982: checking for builtin __sync int32 locking functions
configure:17000: gcc -o conftest -Wall -Wmissing-prototypes -Wpointer-arith -Wdeclaration-after-statement -Werror=vla -Werror=unguarded-availability-new -Wendif-labels -Wmissing-format-attribute -Wcast-function-type -Wformat-security -Wmissing-variable-declarations -fno-strict-aliasing -fwrapv -Wno-unused-command-line-argument -Wno-compound-token-split-by-macro -O2 -isysroot /Library/Developer/CommandLineTools/SDKs/MacOSX13.3.sdk   -isysroot /Library/Developer/CommandLineTools/SDKs/MacOSX13.3.sdk   conftest.c -lz -lreadline -lm  >&5
configure:17000: $? = 0
configure:17008: result: yes
configure:17015: checking for builtin __sync int32 atomic operations
configure:17032: gcc -o conftest -Wall -Wmissing-prototypes -Wpointer-arith -Wdeclaration-after-statement -Werror=vla -Werror=unguarded-availability-new -Wendif-labels -Wmissing-format-attribute -Wcast-function-type -Wformat-security -Wmissing-variable-declarations -fno-strict-aliasing -fwrapv -Wno-unused-command-line-argument -Wno-compound-token-split-by-macro -O2 -isysroot /Library/Developer/CommandLineTools/SDKs/MacOSX13.3.sdk   -isysroot /Library/Developer/CommandLineTools/SDKs/MacOSX13.3.sdk   conftest.c -lz -lreadline -lm  >&5
configure:17032: $? = 0
configure:17040: result: yes
configure:17047: checking for builtin __sync int64 atomic operations
configure:17064: gcc -o conftest -Wall -Wmissing-prototypes -Wpointer-arith -Wdeclaration-after-statement -Werror=vla -Werror=unguarded-availability-new -Wendif-labels -Wmissing-format-attribute -Wcast-function-type -Wformat-security -Wmissing-variable-declarations -fno-strict-aliasing -fwrapv -Wno-unused-command-line-argument -Wno-compound-token-split-by-macro -O2 -isysroot /Library/Developer/CommandLineTools/SDKs/MacOSX13.3.sdk   -isysroot /Library/Developer/CommandLineTools/SDKs/MacOSX13.3.sdk   conftest.c -lz -lreadline -lm  >&5
configure:17064: $? = 0
configure:17072: result: yes
configure:17079: checking for builtin __atomic int32 atomic operations
configure:17097: gcc -o conftest -Wall -Wmissing-prototypes -Wpointer-arith -Wdeclaration-after-statement -Werror=vla -Werror=unguarded-availability-new -Wendif-labels -Wmissing-format-attribute -Wcast-function-type -Wformat-security -Wmissing-variable-declarations -fno-strict-aliasing -fwrapv -Wno-unused-command-line-argument -Wno-compound-token-split-by-macro -O2 -isysroot /Library/Developer/CommandLineTools/SDKs/MacOSX13.3.sdk   -isysroot /Library/Developer/CommandLineTools/SDKs/MacOSX13.3.sdk   conftest.c -lz -lreadline -lm  >&5
configure:17097: $? = 0
configure:17105: result: yes
configure:17112: checking for builtin __atomic int64 atomic operations
configure:17130: gcc -o conftest -Wall -Wmissing-prototypes -Wpointer-arith -Wdeclaration-after-statement -Werror=vla -Werror=unguarded-availability-new -Wendif-labels -Wmissing-format-attribute -Wcast-function-type -Wformat-security -Wmissing-variable-declarations -fno-strict-aliasing -fwrapv -Wno-unused-command-line-argument -Wno-compound-token-split-by-macro -O2 -isysroot /Library/Developer/CommandLineTools/SDKs/MacOSX13.3.sdk   -isysroot /Library/Developer/CommandLineTools/SDKs/MacOSX13.3.sdk   conftest.c -lz -lreadline -lm  >&5
configure:17130: $? = 0
configure:17138: result: yes
configure:17148: checking for __get_cpuid
configure:17166: gcc -o conftest -Wall -Wmissing-prototypes -Wpointer-arith -Wdeclaration-after-statement -Werror=vla -Werror=unguarded-availability-new -Wendif-labels -Wmissing-format-attribute -Wcast-function-type -Wformat-security -Wmissing-variable-declarations -fno-strict-aliasing -fwrapv -Wno-unused-command-line-argument -Wno-compound-token-split-by-macro -O2 -isysroot /Library/Developer/CommandLineTools/SDKs/MacOSX13.3.sdk   -isysroot /Library/Developer/CommandLineTools/SDKs/MacOSX13.3.sdk   conftest.c -lz -lreadline -lm  >&5
In file included from conftest.c:129:
/Library/Developer/CommandLineTools/usr/lib/clang/14.0.3/include/cpuid.h:14:2: error: this header is for x86 only
#error this header is for x86 only
 ^
/Library/Developer/CommandLineTools/usr/lib/clang/14.0.3/include/cpuid.h:287:5: error: invalid output constraint '=a' in asm
    __cpuid(__leaf, __eax, __ebx, __ecx, __edx);
    ^
/Library/Developer/CommandLineTools/usr/lib/clang/14.0.3/include/cpuid.h:252:11: note: expanded from macro '__cpuid'
        : "=a"(__eax), "=r" (__ebx), "=c"(__ecx), "=d"(__edx) \
          ^
/Library/Developer/CommandLineTools/usr/lib/clang/14.0.3/include/cpuid.h:302:5: error: invalid output constraint '=a' in asm
    __cpuid(__leaf, *__eax, *__ebx, *__ecx, *__edx);
    ^
/Library/Developer/CommandLineTools/usr/lib/clang/14.0.3/include/cpuid.h:252:11: note: expanded from macro '__cpuid'
        : "=a"(__eax), "=r" (__ebx), "=c"(__ecx), "=d"(__edx) \
          ^
/Library/Developer/CommandLineTools/usr/lib/clang/14.0.3/include/cpuid.h:316:5: error: invalid output constraint '=a' in asm
    __cpuid_count(__leaf, __subleaf, *__eax, *__ebx, *__ecx, *__edx);
    ^
/Library/Developer/CommandLineTools/usr/lib/clang/14.0.3/include/cpuid.h:259:11: note: expanded from macro '__cpuid_count'
        : "=a"(__eax), "=r" (__ebx), "=c"(__ecx), "=d"(__edx) \
          ^
4 errors generated.
configure:17166: $? = 1
configure: failed program was:
| /* confdefs.h */
| #define PACKAGE_NAME "PostgreSQL"
| #define PACKAGE_TARNAME "postgresql"
| #define PACKAGE_VERSION "18devel"
| #define PACKAGE_STRING "PostgreSQL 18devel"
| #define PACKAGE_BUGREPORT "pgsql-bugs@lists.postgresql.org"
| #define PACKAGE_URL "https://www.postgresql.org/"
| #define CONFIGURE_ARGS " 'PKG_CONFIG_PATH=/opt/homebrew/opt/icu4c/lib/pkgconfig:/opt/homebrew/opt/libpq/lib/pkgconfig:'"
| #define PG_MAJORVERSION "18"
| #define PG_MAJORVERSION_NUM 18
| #define PG_MINORVERSION_NUM 0
| #define PG_VERSION "18devel"
| #define DEF_PGPORT 5432
| #define DEF_PGPORT_STR "5432"
| #define BLCKSZ 8192
| #define RELSEG_SIZE 131072
| #define XLOG_BLCKSZ 8192
| #define HAVE_VISIBILITY_ATTRIBUTE 1
| #define DLSUFFIX ".dylib"
| #define USE_ICU 1
| #define PG_KRB_SRVNAM "postgres"
| #define STDC_HEADERS 1
| #define HAVE_SYS_TYPES_H 1
| #define HAVE_SYS_STAT_H 1
| #define HAVE_STDLIB_H 1
| #define HAVE_STRING_H 1
| #define HAVE_MEMORY_H 1
| #define HAVE_STRINGS_H 1
| #define HAVE_INTTYPES_H 1
| #define HAVE_STDINT_H 1
| #define HAVE_UNISTD_H 1
| #define HAVE_PTHREAD_PRIO_INHERIT 1
| #define HAVE_PTHREAD 1
| #define HAVE_STRERROR_R 1
| #define STRERROR_R_INT 1
| #define HAVE_LIBM 1
| #define HAVE_LIBREADLINE 1
| #define HAVE_LIBZ 1
| #define HAVE_COPYFILE_H 1
| #define HAVE_EXECINFO_H 1
| #define HAVE_GETOPT_H 1
| #define HAVE_IFADDRS_H 1
| #define HAVE_SYS_EVENT_H 1
| #define HAVE_SYS_UCRED_H 1
| #define HAVE_TERMIOS_H 1
| #define HAVE_XLOCALE_H 1
| #define HAVE_READLINE_READLINE_H 1
| #define HAVE_READLINE_HISTORY_H 1
| #define PG_PRINTF_ATTRIBUTE printf
| #define HAVE__STATIC_ASSERT 1
| #define HAVE_TYPEOF 1
| #define HAVE__BUILTIN_TYPES_COMPATIBLE_P 1
| #define HAVE__BUILTIN_CONSTANT_P 1
| #define HAVE__BUILTIN_OP_OVERFLOW 1
| #define HAVE__BUILTIN_UNREACHABLE 1
| #define HAVE_COMPUTED_GOTO 1
| #define HAVE_STRUCT_TM_TM_ZONE 1
| #define HAVE_UNION_SEMUN 1
| #define HAVE_SOCKLEN_T 1
| #define HAVE_STRUCT_SOCKADDR_SA_LEN 1
| #define restrict __restrict
| #define pg_restrict __restrict
| #define HAVE_STRUCT_OPTION 1
| #define SIZEOF_OFF_T 8
| #define HAVE_INT_TIMEZONE 1
| #define HAVE_BACKTRACE_SYMBOLS 1
| #define HAVE_COPYFILE 1
| #define HAVE_GETIFADDRS 1
| #define HAVE_INET_PTON 1
| #define HAVE_KQUEUE 1
| #define HAVE_MBSTOWCS_L 1
| #define HAVE_MEMSET_S 1
| #define HAVE_PTHREAD_IS_THREADED_NP 1
| #define HAVE_STRSIGNAL 1
| #define HAVE_USELOCALE 1
| #define HAVE_WCSTOMBS_L 1
| #define HAVE__BUILTIN_BSWAP16 1
| #define HAVE__BUILTIN_BSWAP32 1
| #define HAVE__BUILTIN_BSWAP64 1
| #define HAVE__BUILTIN_CLZ 1
| #define HAVE__BUILTIN_CTZ 1
| #define HAVE__BUILTIN_POPCOUNT 1
| #define HAVE__BUILTIN_FRAME_ADDRESS 1
| #define HAVE_FSEEKO 1
| #define HAVE_DECL_POSIX_FADVISE 0
| #define HAVE_DECL_FDATASYNC 0
| #define HAVE_DECL_STRLCAT 1
| #define HAVE_DECL_STRLCPY 1
| #define HAVE_DECL_STRNLEN 1
| #define HAVE_DECL_STRSEP 1
| #define HAVE_DECL_PREADV 1
| #define HAVE_DECL_PWRITEV 1
| #define HAVE_DECL_F_FULLFSYNC 1
| #define HAVE_GETOPT 1
| #define HAVE_GETPEEREID 1
| #define HAVE_INET_ATON 1
| #define HAVE_MKDTEMP 1
| #define HAVE_STRLCAT 1
| #define HAVE_STRLCPY 1
| #define HAVE_STRNLEN 1
| #define HAVE_STRSEP 1
| #define HAVE_GETOPT_LONG 1
| #define HAVE_SYSLOG 1
| #define HAVE_INT_OPTERR 1
| #define HAVE_INT_OPTRESET 1
| #define HAVE_HISTORY_TRUNCATE_FILE 1
| #define HAVE_RL_COMPLETION_MATCHES 1
| #define HAVE_RL_FILENAME_COMPLETION_FUNCTION 1
| #define HAVE_RL_VARIABLE_BIND 1
| #define SIZEOF_VOID_P 8
| #define SIZEOF_SIZE_T 8
| #define SIZEOF_LONG 8
| #define SIZEOF_LONG_LONG 8
| #define ALIGNOF_SHORT 2
| #define ALIGNOF_INT 4
| #define ALIGNOF_LONG 8
| #define ALIGNOF_INT64_T 8
| #define ALIGNOF_DOUBLE 8
| #define MAXIMUM_ALIGNOF 8
| #define PG_INT128_TYPE __int128
| #define ALIGNOF_PG_INT128_TYPE 16
| #define HAVE_GCC__SYNC_CHAR_TAS 1
| #define HAVE_GCC__SYNC_INT32_TAS 1
| #define HAVE_GCC__SYNC_INT32_CAS 1
| #define HAVE_GCC__SYNC_INT64_CAS 1
| #define HAVE_GCC__ATOMIC_INT32_CAS 1
| #define HAVE_GCC__ATOMIC_INT64_CAS 1
| /* end confdefs.h.  */
| #include <cpuid.h>
| int
| main ()
| {
| unsigned int exx[4] = {0, 0, 0, 0};
|   __get_cpuid(1, &exx[0], &exx[1], &exx[2], &exx[3]);
| 
|   ;
|   return 0;
| }
configure:17174: result: no
configure:17182: checking for __get_cpuid_count
configure:17200: gcc -o conftest -Wall -Wmissing-prototypes -Wpointer-arith -Wdeclaration-after-statement -Werror=vla -Werror=unguarded-availability-new -Wendif-labels -Wmissing-format-attribute -Wcast-function-type -Wformat-security -Wmissing-variable-declarations -fno-strict-aliasing -fwrapv -Wno-unused-command-line-argument -Wno-compound-token-split-by-macro -O2 -isysroot /Library/Developer/CommandLineTools/SDKs/MacOSX13.3.sdk   -isysroot /Library/Developer/CommandLineTools/SDKs/MacOSX13.3.sdk   conftest.c -lz -lreadline -lm  >&5
In file included from conftest.c:129:
/Library/Developer/CommandLineTools/usr/lib/clang/14.0.3/include/cpuid.h:14:2: error: this header is for x86 only
#error this header is for x86 only
 ^
/Library/Developer/CommandLineTools/usr/lib/clang/14.0.3/include/cpuid.h:287:5: error: invalid output constraint '=a' in asm
    __cpuid(__leaf, __eax, __ebx, __ecx, __edx);
    ^
/Library/Developer/CommandLineTools/usr/lib/clang/14.0.3/include/cpuid.h:252:11: note: expanded from macro '__cpuid'
        : "=a"(__eax), "=r" (__ebx), "=c"(__ecx), "=d"(__edx) \
          ^
/Library/Developer/CommandLineTools/usr/lib/clang/14.0.3/include/cpuid.h:302:5: error: invalid output constraint '=a' in asm
    __cpuid(__leaf, *__eax, *__ebx, *__ecx, *__edx);
    ^
/Library/Developer/CommandLineTools/usr/lib/clang/14.0.3/include/cpuid.h:252:11: note: expanded from macro '__cpuid'
        : "=a"(__eax), "=r" (__ebx), "=c"(__ecx), "=d"(__edx) \
          ^
/Library/Developer/CommandLineTools/usr/lib/clang/14.0.3/include/cpuid.h:316:5: error: invalid output constraint '=a' in asm
    __cpuid_count(__leaf, __subleaf, *__eax, *__ebx, *__ecx, *__edx);
    ^
/Library/Developer/CommandLineTools/usr/lib/clang/14.0.3/include/cpuid.h:259:11: note: expanded from macro '__cpuid_count'
        : "=a"(__eax), "=r" (__ebx), "=c"(__ecx), "=d"(__edx) \
          ^
4 errors generated.
configure:17200: $? = 1
configure: failed program was:
| /* confdefs.h */
| #define PACKAGE_NAME "PostgreSQL"
| #define PACKAGE_TARNAME "postgresql"
| #define PACKAGE_VERSION "18devel"
| #define PACKAGE_STRING "PostgreSQL 18devel"
| #define PACKAGE_BUGREPORT "pgsql-bugs@lists.postgresql.org"
| #define PACKAGE_URL "https://www.postgresql.org/"
| #define CONFIGURE_ARGS " 'PKG_CONFIG_PATH=/opt/homebrew/opt/icu4c/lib/pkgconfig:/opt/homebrew/opt/libpq/lib/pkgconfig:'"
| #define PG_MAJORVERSION "18"
| #define PG_MAJORVERSION_NUM 18
| #define PG_MINORVERSION_NUM 0
| #define PG_VERSION "18devel"
| #define DEF_PGPORT 5432
| #define DEF_PGPORT_STR "5432"
| #define BLCKSZ 8192
| #define RELSEG_SIZE 131072
| #define XLOG_BLCKSZ 8192
| #define HAVE_VISIBILITY_ATTRIBUTE 1
| #define DLSUFFIX ".dylib"
| #define USE_ICU 1
| #define PG_KRB_SRVNAM "postgres"
| #define STDC_HEADERS 1
| #define HAVE_SYS_TYPES_H 1
| #define HAVE_SYS_STAT_H 1
| #define HAVE_STDLIB_H 1
| #define HAVE_STRING_H 1
| #define HAVE_MEMORY_H 1
| #define HAVE_STRINGS_H 1
| #define HAVE_INTTYPES_H 1
| #define HAVE_STDINT_H 1
| #define HAVE_UNISTD_H 1
| #define HAVE_PTHREAD_PRIO_INHERIT 1
| #define HAVE_PTHREAD 1
| #define HAVE_STRERROR_R 1
| #define STRERROR_R_INT 1
| #define HAVE_LIBM 1
| #define HAVE_LIBREADLINE 1
| #define HAVE_LIBZ 1
| #define HAVE_COPYFILE_H 1
| #define HAVE_EXECINFO_H 1
| #define HAVE_GETOPT_H 1
| #define HAVE_IFADDRS_H 1
| #define HAVE_SYS_EVENT_H 1
| #define HAVE_SYS_UCRED_H 1
| #define HAVE_TERMIOS_H 1
| #define HAVE_XLOCALE_H 1
| #define HAVE_READLINE_READLINE_H 1
| #define HAVE_READLINE_HISTORY_H 1
| #define PG_PRINTF_ATTRIBUTE printf
| #define HAVE__STATIC_ASSERT 1
| #define HAVE_TYPEOF 1
| #define HAVE__BUILTIN_TYPES_COMPATIBLE_P 1
| #define HAVE__BUILTIN_CONSTANT_P 1
| #define HAVE__BUILTIN_OP_OVERFLOW 1
| #define HAVE__BUILTIN_UNREACHABLE 1
| #define HAVE_COMPUTED_GOTO 1
| #define HAVE_STRUCT_TM_TM_ZONE 1
| #define HAVE_UNION_SEMUN 1
| #define HAVE_SOCKLEN_T 1
| #define HAVE_STRUCT_SOCKADDR_SA_LEN 1
| #define restrict __restrict
| #define pg_restrict __restrict
| #define HAVE_STRUCT_OPTION 1
| #define SIZEOF_OFF_T 8
| #define HAVE_INT_TIMEZONE 1
| #define HAVE_BACKTRACE_SYMBOLS 1
| #define HAVE_COPYFILE 1
| #define HAVE_GETIFADDRS 1
| #define HAVE_INET_PTON 1
| #define HAVE_KQUEUE 1
| #define HAVE_MBSTOWCS_L 1
| #define HAVE_MEMSET_S 1
| #define HAVE_PTHREAD_IS_THREADED_NP 1
| #define HAVE_STRSIGNAL 1
| #define HAVE_USELOCALE 1
| #define HAVE_WCSTOMBS_L 1
| #define HAVE__BUILTIN_BSWAP16 1
| #define HAVE__BUILTIN_BSWAP32 1
| #define HAVE__BUILTIN_BSWAP64 1
| #define HAVE__BUILTIN_CLZ 1
| #define HAVE__BUILTIN_CTZ 1
| #define HAVE__BUILTIN_POPCOUNT 1
| #define HAVE__BUILTIN_FRAME_ADDRESS 1
| #define HAVE_FSEEKO 1
| #define HAVE_DECL_POSIX_FADVISE 0
| #define HAVE_DECL_FDATASYNC 0
| #define HAVE_DECL_STRLCAT 1
| #define HAVE_DECL_STRLCPY 1
| #define HAVE_DECL_STRNLEN 1
| #define HAVE_DECL_STRSEP 1
| #define HAVE_DECL_PREADV 1
| #define HAVE_DECL_PWRITEV 1
| #define HAVE_DECL_F_FULLFSYNC 1
| #define HAVE_GETOPT 1
| #define HAVE_GETPEEREID 1
| #define HAVE_INET_ATON 1
| #define HAVE_MKDTEMP 1
| #define HAVE_STRLCAT 1
| #define HAVE_STRLCPY 1
| #define HAVE_STRNLEN 1
| #define HAVE_STRSEP 1
| #define HAVE_GETOPT_LONG 1
| #define HAVE_SYSLOG 1
| #define HAVE_INT_OPTERR 1
| #define HAVE_INT_OPTRESET 1
| #define HAVE_HISTORY_TRUNCATE_FILE 1
| #define HAVE_RL_COMPLETION_MATCHES 1
| #define HAVE_RL_FILENAME_COMPLETION_FUNCTION 1
| #define HAVE_RL_VARIABLE_BIND 1
| #define SIZEOF_VOID_P 8
| #define SIZEOF_SIZE_T 8
| #define SIZEOF_LONG 8
| #define SIZEOF_LONG_LONG 8
| #define ALIGNOF_SHORT 2
| #define ALIGNOF_INT 4
| #define ALIGNOF_LONG 8
| #define ALIGNOF_INT64_T 8
| #define ALIGNOF_DOUBLE 8
| #define MAXIMUM_ALIGNOF 8
| #define PG_INT128_TYPE __int128
| #define ALIGNOF_PG_INT128_TYPE 16
| #define HAVE_GCC__SYNC_CHAR_TAS 1
| #define HAVE_GCC__SYNC_INT32_TAS 1
| #define HAVE_GCC__SYNC_INT32_CAS 1
| #define HAVE_GCC__SYNC_INT64_CAS 1
| #define HAVE_GCC__ATOMIC_INT32_CAS 1
| #define HAVE_GCC__ATOMIC_INT64_CAS 1
| /* end confdefs.h.  */
| #include <cpuid.h>
| int
| main ()
| {
| unsigned int exx[4] = {0, 0, 0, 0};
|   __get_cpuid_count(7, 0, &exx[0], &exx[1], &exx[2], &exx[3]);
| 
|   ;
|   return 0;
| }
configure:17208: result: no
configure:17216: checking for __cpuid
configure:17234: gcc -o conftest -Wall -Wmissing-prototypes -Wpointer-arith -Wdeclaration-after-statement -Werror=vla -Werror=unguarded-availability-new -Wendif-labels -Wmissing-format-attribute -Wcast-function-type -Wformat-security -Wmissing-variable-declarations -fno-strict-aliasing -fwrapv -Wno-unused-command-line-argument -Wno-compound-token-split-by-macro -O2 -isysroot /Library/Developer/CommandLineTools/SDKs/MacOSX13.3.sdk   -isysroot /Library/Developer/CommandLineTools/SDKs/MacOSX13.3.sdk   conftest.c -lz -lreadline -lm  >&5
In file included from conftest.c:129:
/Library/Developer/CommandLineTools/usr/lib/clang/14.0.3/include/intrin.h:12:15: fatal error: 'intrin.h' file not found
#include_next <intrin.h>
              ^~~~~~~~~~
1 error generated.
configure:17234: $? = 1
configure: failed program was:
| /* confdefs.h */
| #define PACKAGE_NAME "PostgreSQL"
| #define PACKAGE_TARNAME "postgresql"
| #define PACKAGE_VERSION "18devel"
| #define PACKAGE_STRING "PostgreSQL 18devel"
| #define PACKAGE_BUGREPORT "pgsql-bugs@lists.postgresql.org"
| #define PACKAGE_URL "https://www.postgresql.org/"
| #define CONFIGURE_ARGS " 'PKG_CONFIG_PATH=/opt/homebrew/opt/icu4c/lib/pkgconfig:/opt/homebrew/opt/libpq/lib/pkgconfig:'"
| #define PG_MAJORVERSION "18"
| #define PG_MAJORVERSION_NUM 18
| #define PG_MINORVERSION_NUM 0
| #define PG_VERSION "18devel"
| #define DEF_PGPORT 5432
| #define DEF_PGPORT_STR "5432"
| #define BLCKSZ 8192
| #define RELSEG_SIZE 131072
| #define XLOG_BLCKSZ 8192
| #define HAVE_VISIBILITY_ATTRIBUTE 1
| #define DLSUFFIX ".dylib"
| #define USE_ICU 1
| #define PG_KRB_SRVNAM "postgres"
| #define STDC_HEADERS 1
| #define HAVE_SYS_TYPES_H 1
| #define HAVE_SYS_STAT_H 1
| #define HAVE_STDLIB_H 1
| #define HAVE_STRING_H 1
| #define HAVE_MEMORY_H 1
| #define HAVE_STRINGS_H 1
| #define HAVE_INTTYPES_H 1
| #define HAVE_STDINT_H 1
| #define HAVE_UNISTD_H 1
| #define HAVE_PTHREAD_PRIO_INHERIT 1
| #define HAVE_PTHREAD 1
| #define HAVE_STRERROR_R 1
| #define STRERROR_R_INT 1
| #define HAVE_LIBM 1
| #define HAVE_LIBREADLINE 1
| #define HAVE_LIBZ 1
| #define HAVE_COPYFILE_H 1
| #define HAVE_EXECINFO_H 1
| #define HAVE_GETOPT_H 1
| #define HAVE_IFADDRS_H 1
| #define HAVE_SYS_EVENT_H 1
| #define HAVE_SYS_UCRED_H 1
| #define HAVE_TERMIOS_H 1
| #define HAVE_XLOCALE_H 1
| #define HAVE_READLINE_READLINE_H 1
| #define HAVE_READLINE_HISTORY_H 1
| #define PG_PRINTF_ATTRIBUTE printf
| #define HAVE__STATIC_ASSERT 1
| #define HAVE_TYPEOF 1
| #define HAVE__BUILTIN_TYPES_COMPATIBLE_P 1
| #define HAVE__BUILTIN_CONSTANT_P 1
| #define HAVE__BUILTIN_OP_OVERFLOW 1
| #define HAVE__BUILTIN_UNREACHABLE 1
| #define HAVE_COMPUTED_GOTO 1
| #define HAVE_STRUCT_TM_TM_ZONE 1
| #define HAVE_UNION_SEMUN 1
| #define HAVE_SOCKLEN_T 1
| #define HAVE_STRUCT_SOCKADDR_SA_LEN 1
| #define restrict __restrict
| #define pg_restrict __restrict
| #define HAVE_STRUCT_OPTION 1
| #define SIZEOF_OFF_T 8
| #define HAVE_INT_TIMEZONE 1
| #define HAVE_BACKTRACE_SYMBOLS 1
| #define HAVE_COPYFILE 1
| #define HAVE_GETIFADDRS 1
| #define HAVE_INET_PTON 1
| #define HAVE_KQUEUE 1
| #define HAVE_MBSTOWCS_L 1
| #define HAVE_MEMSET_S 1
| #define HAVE_PTHREAD_IS_THREADED_NP 1
| #define HAVE_STRSIGNAL 1
| #define HAVE_USELOCALE 1
| #define HAVE_WCSTOMBS_L 1
| #define HAVE__BUILTIN_BSWAP16 1
| #define HAVE__BUILTIN_BSWAP32 1
| #define HAVE__BUILTIN_BSWAP64 1
| #define HAVE__BUILTIN_CLZ 1
| #define HAVE__BUILTIN_CTZ 1
| #define HAVE__BUILTIN_POPCOUNT 1
| #define HAVE__BUILTIN_FRAME_ADDRESS 1
| #define HAVE_FSEEKO 1
| #define HAVE_DECL_POSIX_FADVISE 0
| #define HAVE_DECL_FDATASYNC 0
| #define HAVE_DECL_STRLCAT 1
| #define HAVE_DECL_STRLCPY 1
| #define HAVE_DECL_STRNLEN 1
| #define HAVE_DECL_STRSEP 1
| #define HAVE_DECL_PREADV 1
| #define HAVE_DECL_PWRITEV 1
| #define HAVE_DECL_F_FULLFSYNC 1
| #define HAVE_GETOPT 1
| #define HAVE_GETPEEREID 1
| #define HAVE_INET_ATON 1
| #define HAVE_MKDTEMP 1
| #define HAVE_STRLCAT 1
| #define HAVE_STRLCPY 1
| #define HAVE_STRNLEN 1
| #define HAVE_STRSEP 1
| #define HAVE_GETOPT_LONG 1
| #define HAVE_SYSLOG 1
| #define HAVE_INT_OPTERR 1
| #define HAVE_INT_OPTRESET 1
| #define HAVE_HISTORY_TRUNCATE_FILE 1
| #define HAVE_RL_COMPLETION_MATCHES 1
| #define HAVE_RL_FILENAME_COMPLETION_FUNCTION 1
| #define HAVE_RL_VARIABLE_BIND 1
| #define SIZEOF_VOID_P 8
| #define SIZEOF_SIZE_T 8
| #define SIZEOF_LONG 8
| #define SIZEOF_LONG_LONG 8
| #define ALIGNOF_SHORT 2
| #define ALIGNOF_INT 4
| #define ALIGNOF_LONG 8
| #define ALIGNOF_INT64_T 8
| #define ALIGNOF_DOUBLE 8
| #define MAXIMUM_ALIGNOF 8
| #define PG_INT128_TYPE __int128
| #define ALIGNOF_PG_INT128_TYPE 16
| #define HAVE_GCC__SYNC_CHAR_TAS 1
| #define HAVE_GCC__SYNC_INT32_TAS 1
| #define HAVE_GCC__SYNC_INT32_CAS 1
| #define HAVE_GCC__SYNC_INT64_CAS 1
| #define HAVE_GCC__ATOMIC_INT32_CAS 1
| #define HAVE_GCC__ATOMIC_INT64_CAS 1
| /* end confdefs.h.  */
| #include <intrin.h>
| int
| main ()
| {
| unsigned int exx[4] = {0, 0, 0, 0};
|   __get_cpuid(exx[0], 1);
| 
|   ;
|   return 0;
| }
configure:17242: result: no
configure:17250: checking for __cpuidex
configure:17268: gcc -o conftest -Wall -Wmissing-prototypes -Wpointer-arith -Wdeclaration-after-statement -Werror=vla -Werror=unguarded-availability-new -Wendif-labels -Wmissing-format-attribute -Wcast-function-type -Wformat-security -Wmissing-variable-declarations -fno-strict-aliasing -fwrapv -Wno-unused-command-line-argument -Wno-compound-token-split-by-macro -O2 -isysroot /Library/Developer/CommandLineTools/SDKs/MacOSX13.3.sdk   -isysroot /Library/Developer/CommandLineTools/SDKs/MacOSX13.3.sdk   conftest.c -lz -lreadline -lm  >&5
In file included from conftest.c:129:
/Library/Developer/CommandLineTools/usr/lib/clang/14.0.3/include/intrin.h:12:15: fatal error: 'intrin.h' file not found
#include_next <intrin.h>
              ^~~~~~~~~~
1 error generated.
configure:17268: $? = 1
configure: failed program was:
| /* confdefs.h */
| #define PACKAGE_NAME "PostgreSQL"
| #define PACKAGE_TARNAME "postgresql"
| #define PACKAGE_VERSION "18devel"
| #define PACKAGE_STRING "PostgreSQL 18devel"
| #define PACKAGE_BUGREPORT "pgsql-bugs@lists.postgresql.org"
| #define PACKAGE_URL "https://www.postgresql.org/"
| #define CONFIGURE_ARGS " 'PKG_CONFIG_PATH=/opt/homebrew/opt/icu4c/lib/pkgconfig:/opt/homebrew/opt/libpq/lib/pkgconfig:'"
| #define PG_MAJORVERSION "18"
| #define PG_MAJORVERSION_NUM 18
| #define PG_MINORVERSION_NUM 0
| #define PG_VERSION "18devel"
| #define DEF_PGPORT 5432
| #define DEF_PGPORT_STR "5432"
| #define BLCKSZ 8192
| #define RELSEG_SIZE 131072
| #define XLOG_BLCKSZ 8192
| #define HAVE_VISIBILITY_ATTRIBUTE 1
| #define DLSUFFIX ".dylib"
| #define USE_ICU 1
| #define PG_KRB_SRVNAM "postgres"
| #define STDC_HEADERS 1
| #define HAVE_SYS_TYPES_H 1
| #define HAVE_SYS_STAT_H 1
| #define HAVE_STDLIB_H 1
| #define HAVE_STRING_H 1
| #define HAVE_MEMORY_H 1
| #define HAVE_STRINGS_H 1
| #define HAVE_INTTYPES_H 1
| #define HAVE_STDINT_H 1
| #define HAVE_UNISTD_H 1
| #define HAVE_PTHREAD_PRIO_INHERIT 1
| #define HAVE_PTHREAD 1
| #define HAVE_STRERROR_R 1
| #define STRERROR_R_INT 1
| #define HAVE_LIBM 1
| #define HAVE_LIBREADLINE 1
| #define HAVE_LIBZ 1
| #define HAVE_COPYFILE_H 1
| #define HAVE_EXECINFO_H 1
| #define HAVE_GETOPT_H 1
| #define HAVE_IFADDRS_H 1
| #define HAVE_SYS_EVENT_H 1
| #define HAVE_SYS_UCRED_H 1
| #define HAVE_TERMIOS_H 1
| #define HAVE_XLOCALE_H 1
| #define HAVE_READLINE_READLINE_H 1
| #define HAVE_READLINE_HISTORY_H 1
| #define PG_PRINTF_ATTRIBUTE printf
| #define HAVE__STATIC_ASSERT 1
| #define HAVE_TYPEOF 1
| #define HAVE__BUILTIN_TYPES_COMPATIBLE_P 1
| #define HAVE__BUILTIN_CONSTANT_P 1
| #define HAVE__BUILTIN_OP_OVERFLOW 1
| #define HAVE__BUILTIN_UNREACHABLE 1
| #define HAVE_COMPUTED_GOTO 1
| #define HAVE_STRUCT_TM_TM_ZONE 1
| #define HAVE_UNION_SEMUN 1
| #define HAVE_SOCKLEN_T 1
| #define HAVE_STRUCT_SOCKADDR_SA_LEN 1
| #define restrict __restrict
| #define pg_restrict __restrict
| #define HAVE_STRUCT_OPTION 1
| #define SIZEOF_OFF_T 8
| #define HAVE_INT_TIMEZONE 1
| #define HAVE_BACKTRACE_SYMBOLS 1
| #define HAVE_COPYFILE 1
| #define HAVE_GETIFADDRS 1
| #define HAVE_INET_PTON 1
| #define HAVE_KQUEUE 1
| #define HAVE_MBSTOWCS_L 1
| #define HAVE_MEMSET_S 1
| #define HAVE_PTHREAD_IS_THREADED_NP 1
| #define HAVE_STRSIGNAL 1
| #define HAVE_USELOCALE 1
| #define HAVE_WCSTOMBS_L 1
| #define HAVE__BUILTIN_BSWAP16 1
| #define HAVE__BUILTIN_BSWAP32 1
| #define HAVE__BUILTIN_BSWAP64 1
| #define HAVE__BUILTIN_CLZ 1
| #define HAVE__BUILTIN_CTZ 1
| #define HAVE__BUILTIN_POPCOUNT 1
| #define HAVE__BUILTIN_FRAME_ADDRESS 1
| #define HAVE_FSEEKO 1
| #define HAVE_DECL_POSIX_FADVISE 0
| #define HAVE_DECL_FDATASYNC 0
| #define HAVE_DECL_STRLCAT 1
| #define HAVE_DECL_STRLCPY 1
| #define HAVE_DECL_STRNLEN 1
| #define HAVE_DECL_STRSEP 1
| #define HAVE_DECL_PREADV 1
| #define HAVE_DECL_PWRITEV 1
| #define HAVE_DECL_F_FULLFSYNC 1
| #define HAVE_GETOPT 1
| #define HAVE_GETPEEREID 1
| #define HAVE_INET_ATON 1
| #define HAVE_MKDTEMP 1
| #define HAVE_STRLCAT 1
| #define HAVE_STRLCPY 1
| #define HAVE_STRNLEN 1
| #define HAVE_STRSEP 1
| #define HAVE_GETOPT_LONG 1
| #define HAVE_SYSLOG 1
| #define HAVE_INT_OPTERR 1
| #define HAVE_INT_OPTRESET 1
| #define HAVE_HISTORY_TRUNCATE_FILE 1
| #define HAVE_RL_COMPLETION_MATCHES 1
| #define HAVE_RL_FILENAME_COMPLETION_FUNCTION 1
| #define HAVE_RL_VARIABLE_BIND 1
| #define SIZEOF_VOID_P 8
| #define SIZEOF_SIZE_T 8
| #define SIZEOF_LONG 8
| #define SIZEOF_LONG_LONG 8
| #define ALIGNOF_SHORT 2
| #define ALIGNOF_INT 4
| #define ALIGNOF_LONG 8
| #define ALIGNOF_INT64_T 8
| #define ALIGNOF_DOUBLE 8
| #define MAXIMUM_ALIGNOF 8
| #define PG_INT128_TYPE __int128
| #define ALIGNOF_PG_INT128_TYPE 16
| #define HAVE_GCC__SYNC_CHAR_TAS 1
| #define HAVE_GCC__SYNC_INT32_TAS 1
| #define HAVE_GCC__SYNC_INT32_CAS 1
| #define HAVE_GCC__SYNC_INT64_CAS 1
| #define HAVE_GCC__ATOMIC_INT32_CAS 1
| #define HAVE_GCC__ATOMIC_INT64_CAS 1
| /* end confdefs.h.  */
| #include <intrin.h>
| int
| main ()
| {
| unsigned int exx[4] = {0, 0, 0, 0};
|   __get_cpuidex(exx[0], 7, 0);
| 
|   ;
|   return 0;
| }
configure:17276: result: no
configure:17286: checking for _xgetbv
configure:17309: gcc -o conftest -Wall -Wmissing-prototypes -Wpointer-arith -Wdeclaration-after-statement -Werror=vla -Werror=unguarded-availability-new -Wendif-labels -Wmissing-format-attribute -Wcast-function-type -Wformat-security -Wmissing-variable-declarations -fno-strict-aliasing -fwrapv -Wno-unused-command-line-argument -Wno-compound-token-split-by-macro -O2 -isysroot /Library/Developer/CommandLineTools/SDKs/MacOSX13.3.sdk   -isysroot /Library/Developer/CommandLineTools/SDKs/MacOSX13.3.sdk   conftest.c -lz -lreadline -lm  >&5
In file included from conftest.c:129:
/Library/Developer/CommandLineTools/usr/lib/clang/14.0.3/include/immintrin.h:14:2: error: "This header is only meant to be used on x86 and x64 architecture"
#error "This header is only meant to be used on x86 and x64 architecture"
 ^
In file included from conftest.c:129:
In file included from /Library/Developer/CommandLineTools/usr/lib/clang/14.0.3/include/immintrin.h:17:
In file included from /Library/Developer/CommandLineTools/usr/lib/clang/14.0.3/include/x86gprintrin.h:15:
/Library/Developer/CommandLineTools/usr/lib/clang/14.0.3/include/hresetintrin.h:42:27: error: invalid input constraint 'a' in asm
  __asm__ ("hreset $0" :: "a"(__eax));
                          ^
In file included from conftest.c:129:
In file included from /Library/Developer/CommandLineTools/usr/lib/clang/14.0.3/include/immintrin.h:21:
/Library/Developer/CommandLineTools/usr/lib/clang/14.0.3/include/mmintrin.h:14:2: error: "This header is only meant to be used on x86 and x64 architecture"
#error "This header is only meant to be used on x86 and x64 architecture"
 ^
/Library/Developer/CommandLineTools/usr/lib/clang/14.0.3/include/mmintrin.h:54:12: error: invalid conversion between vector type '__m64' (vector of 1 'long long' value) and integer type 'int' of different size
    return (__m64)__builtin_ia32_vec_init_v2si(__i, 0);
           ^~~~~~~~~~~~~~~~~~~~~~~~~~~~~~~~~~~~~~~~~~~
/Library/Developer/CommandLineTools/usr/lib/clang/14.0.3/include/mmintrin.h:133:12: error: invalid conversion between vector type '__m64' (vector of 1 'long long' value) and integer type 'int' of different size
    return (__m64)__builtin_ia32_packsswb((__v4hi)__m1, (__v4hi)__m2);
           ^~~~~~~~~~~~~~~~~~~~~~~~~~~~~~~~~~~~~~~~~~~~~~~~~~~~~~~~~~
/Library/Developer/CommandLineTools/usr/lib/clang/14.0.3/include/mmintrin.h:163:12: error: invalid conversion between vector type '__m64' (vector of 1 'long long' value) and integer type 'int' of different size
    return (__m64)__builtin_ia32_packssdw((__v2si)__m1, (__v2si)__m2);
           ^~~~~~~~~~~~~~~~~~~~~~~~~~~~~~~~~~~~~~~~~~~~~~~~~~~~~~~~~~
/Library/Developer/CommandLineTools/usr/lib/clang/14.0.3/include/mmintrin.h:193:12: error: invalid conversion between vector type '__m64' (vector of 1 'long long' value) and integer type 'int' of different size
    return (__m64)__builtin_ia32_packuswb((__v4hi)__m1, (__v4hi)__m2);
           ^~~~~~~~~~~~~~~~~~~~~~~~~~~~~~~~~~~~~~~~~~~~~~~~~~~~~~~~~~
/Library/Developer/CommandLineTools/usr/lib/clang/14.0.3/include/mmintrin.h:220:12: error: invalid conversion between vector type '__m64' (vector of 1 'long long' value) and integer type 'int' of different size
    return (__m64)__builtin_ia32_punpckhbw((__v8qi)__m1, (__v8qi)__m2);
           ^~~~~~~~~~~~~~~~~~~~~~~~~~~~~~~~~~~~~~~~~~~~~~~~~~~~~~~~~~~
/Library/Developer/CommandLineTools/usr/lib/clang/14.0.3/include/mmintrin.h:243:12: error: invalid conversion between vector type '__m64' (vector of 1 'long long' value) and integer type 'int' of different size
    return (__m64)__builtin_ia32_punpckhwd((__v4hi)__m1, (__v4hi)__m2);
           ^~~~~~~~~~~~~~~~~~~~~~~~~~~~~~~~~~~~~~~~~~~~~~~~~~~~~~~~~~~
/Library/Developer/CommandLineTools/usr/lib/clang/14.0.3/include/mmintrin.h:264:12: error: invalid conversion between vector type '__m64' (vector of 1 'long long' value) and integer type 'int' of different size
    return (__m64)__builtin_ia32_punpckhdq((__v2si)__m1, (__v2si)__m2);
           ^~~~~~~~~~~~~~~~~~~~~~~~~~~~~~~~~~~~~~~~~~~~~~~~~~~~~~~~~~~
/Library/Developer/CommandLineTools/usr/lib/clang/14.0.3/include/mmintrin.h:291:12: error: invalid conversion between vector type '__m64' (vector of 1 'long long' value) and integer type 'int' of different size
    return (__m64)__builtin_ia32_punpcklbw((__v8qi)__m1, (__v8qi)__m2);
           ^~~~~~~~~~~~~~~~~~~~~~~~~~~~~~~~~~~~~~~~~~~~~~~~~~~~~~~~~~~
/Library/Developer/CommandLineTools/usr/lib/clang/14.0.3/include/mmintrin.h:314:12: error: invalid conversion between vector type '__m64' (vector of 1 'long long' value) and integer type 'int' of different size
    return (__m64)__builtin_ia32_punpcklwd((__v4hi)__m1, (__v4hi)__m2);
           ^~~~~~~~~~~~~~~~~~~~~~~~~~~~~~~~~~~~~~~~~~~~~~~~~~~~~~~~~~~
/Library/Developer/CommandLineTools/usr/lib/clang/14.0.3/include/mmintrin.h:335:12: error: invalid conversion between vector type '__m64' (vector of 1 'long long' value) and integer type 'int' of different size
    return (__m64)__builtin_ia32_punpckldq((__v2si)__m1, (__v2si)__m2);
           ^~~~~~~~~~~~~~~~~~~~~~~~~~~~~~~~~~~~~~~~~~~~~~~~~~~~~~~~~~~
/Library/Developer/CommandLineTools/usr/lib/clang/14.0.3/include/mmintrin.h:356:12: error: invalid conversion between vector type '__m64' (vector of 1 'long long' value) and integer type 'int' of different size
    return (__m64)__builtin_ia32_paddb((__v8qi)__m1, (__v8qi)__m2);
           ^~~~~~~~~~~~~~~~~~~~~~~~~~~~~~~~~~~~~~~~~~~~~~~~~~~~~~~
/Library/Developer/CommandLineTools/usr/lib/clang/14.0.3/include/mmintrin.h:377:12: error: invalid conversion between vector type '__m64' (vector of 1 'long long' value) and integer type 'int' of different size
    return (__m64)__builtin_ia32_paddw((__v4hi)__m1, (__v4hi)__m2);
           ^~~~~~~~~~~~~~~~~~~~~~~~~~~~~~~~~~~~~~~~~~~~~~~~~~~~~~~
/Library/Developer/CommandLineTools/usr/lib/clang/14.0.3/include/mmintrin.h:398:12: error: invalid conversion between vector type '__m64' (vector of 1 'long long' value) and integer type 'int' of different size
    return (__m64)__builtin_ia32_paddd((__v2si)__m1, (__v2si)__m2);
           ^~~~~~~~~~~~~~~~~~~~~~~~~~~~~~~~~~~~~~~~~~~~~~~~~~~~~~~
/Library/Developer/CommandLineTools/usr/lib/clang/14.0.3/include/mmintrin.h:420:12: error: invalid conversion between vector type '__m64' (vector of 1 'long long' value) and integer type 'int' of different size
    return (__m64)__builtin_ia32_paddsb((__v8qi)__m1, (__v8qi)__m2);
           ^~~~~~~~~~~~~~~~~~~~~~~~~~~~~~~~~~~~~~~~~~~~~~~~~~~~~~~~
/Library/Developer/CommandLineTools/usr/lib/clang/14.0.3/include/mmintrin.h:443:12: error: invalid conversion between vector type '__m64' (vector of 1 'long long' value) and integer type 'int' of different size
    return (__m64)__builtin_ia32_paddsw((__v4hi)__m1, (__v4hi)__m2);
           ^~~~~~~~~~~~~~~~~~~~~~~~~~~~~~~~~~~~~~~~~~~~~~~~~~~~~~~~
/Library/Developer/CommandLineTools/usr/lib/clang/14.0.3/include/mmintrin.h:465:12: error: invalid conversion between vector type '__m64' (vector of 1 'long long' value) and integer type 'int' of different size
    return (__m64)__builtin_ia32_paddusb((__v8qi)__m1, (__v8qi)__m2);
           ^~~~~~~~~~~~~~~~~~~~~~~~~~~~~~~~~~~~~~~~~~~~~~~~~~~~~~~~~
fatal error: too many errors emitted, stopping now [-ferror-limit=]
20 errors generated.
configure:17309: $? = 1
configure: failed program was:
| /* confdefs.h */
| #define PACKAGE_NAME "PostgreSQL"
| #define PACKAGE_TARNAME "postgresql"
| #define PACKAGE_VERSION "18devel"
| #define PACKAGE_STRING "PostgreSQL 18devel"
| #define PACKAGE_BUGREPORT "pgsql-bugs@lists.postgresql.org"
| #define PACKAGE_URL "https://www.postgresql.org/"
| #define CONFIGURE_ARGS " 'PKG_CONFIG_PATH=/opt/homebrew/opt/icu4c/lib/pkgconfig:/opt/homebrew/opt/libpq/lib/pkgconfig:'"
| #define PG_MAJORVERSION "18"
| #define PG_MAJORVERSION_NUM 18
| #define PG_MINORVERSION_NUM 0
| #define PG_VERSION "18devel"
| #define DEF_PGPORT 5432
| #define DEF_PGPORT_STR "5432"
| #define BLCKSZ 8192
| #define RELSEG_SIZE 131072
| #define XLOG_BLCKSZ 8192
| #define HAVE_VISIBILITY_ATTRIBUTE 1
| #define DLSUFFIX ".dylib"
| #define USE_ICU 1
| #define PG_KRB_SRVNAM "postgres"
| #define STDC_HEADERS 1
| #define HAVE_SYS_TYPES_H 1
| #define HAVE_SYS_STAT_H 1
| #define HAVE_STDLIB_H 1
| #define HAVE_STRING_H 1
| #define HAVE_MEMORY_H 1
| #define HAVE_STRINGS_H 1
| #define HAVE_INTTYPES_H 1
| #define HAVE_STDINT_H 1
| #define HAVE_UNISTD_H 1
| #define HAVE_PTHREAD_PRIO_INHERIT 1
| #define HAVE_PTHREAD 1
| #define HAVE_STRERROR_R 1
| #define STRERROR_R_INT 1
| #define HAVE_LIBM 1
| #define HAVE_LIBREADLINE 1
| #define HAVE_LIBZ 1
| #define HAVE_COPYFILE_H 1
| #define HAVE_EXECINFO_H 1
| #define HAVE_GETOPT_H 1
| #define HAVE_IFADDRS_H 1
| #define HAVE_SYS_EVENT_H 1
| #define HAVE_SYS_UCRED_H 1
| #define HAVE_TERMIOS_H 1
| #define HAVE_XLOCALE_H 1
| #define HAVE_READLINE_READLINE_H 1
| #define HAVE_READLINE_HISTORY_H 1
| #define PG_PRINTF_ATTRIBUTE printf
| #define HAVE__STATIC_ASSERT 1
| #define HAVE_TYPEOF 1
| #define HAVE__BUILTIN_TYPES_COMPATIBLE_P 1
| #define HAVE__BUILTIN_CONSTANT_P 1
| #define HAVE__BUILTIN_OP_OVERFLOW 1
| #define HAVE__BUILTIN_UNREACHABLE 1
| #define HAVE_COMPUTED_GOTO 1
| #define HAVE_STRUCT_TM_TM_ZONE 1
| #define HAVE_UNION_SEMUN 1
| #define HAVE_SOCKLEN_T 1
| #define HAVE_STRUCT_SOCKADDR_SA_LEN 1
| #define restrict __restrict
| #define pg_restrict __restrict
| #define HAVE_STRUCT_OPTION 1
| #define SIZEOF_OFF_T 8
| #define HAVE_INT_TIMEZONE 1
| #define HAVE_BACKTRACE_SYMBOLS 1
| #define HAVE_COPYFILE 1
| #define HAVE_GETIFADDRS 1
| #define HAVE_INET_PTON 1
| #define HAVE_KQUEUE 1
| #define HAVE_MBSTOWCS_L 1
| #define HAVE_MEMSET_S 1
| #define HAVE_PTHREAD_IS_THREADED_NP 1
| #define HAVE_STRSIGNAL 1
| #define HAVE_USELOCALE 1
| #define HAVE_WCSTOMBS_L 1
| #define HAVE__BUILTIN_BSWAP16 1
| #define HAVE__BUILTIN_BSWAP32 1
| #define HAVE__BUILTIN_BSWAP64 1
| #define HAVE__BUILTIN_CLZ 1
| #define HAVE__BUILTIN_CTZ 1
| #define HAVE__BUILTIN_POPCOUNT 1
| #define HAVE__BUILTIN_FRAME_ADDRESS 1
| #define HAVE_FSEEKO 1
| #define HAVE_DECL_POSIX_FADVISE 0
| #define HAVE_DECL_FDATASYNC 0
| #define HAVE_DECL_STRLCAT 1
| #define HAVE_DECL_STRLCPY 1
| #define HAVE_DECL_STRNLEN 1
| #define HAVE_DECL_STRSEP 1
| #define HAVE_DECL_PREADV 1
| #define HAVE_DECL_PWRITEV 1
| #define HAVE_DECL_F_FULLFSYNC 1
| #define HAVE_GETOPT 1
| #define HAVE_GETPEEREID 1
| #define HAVE_INET_ATON 1
| #define HAVE_MKDTEMP 1
| #define HAVE_STRLCAT 1
| #define HAVE_STRLCPY 1
| #define HAVE_STRNLEN 1
| #define HAVE_STRSEP 1
| #define HAVE_GETOPT_LONG 1
| #define HAVE_SYSLOG 1
| #define HAVE_INT_OPTERR 1
| #define HAVE_INT_OPTRESET 1
| #define HAVE_HISTORY_TRUNCATE_FILE 1
| #define HAVE_RL_COMPLETION_MATCHES 1
| #define HAVE_RL_FILENAME_COMPLETION_FUNCTION 1
| #define HAVE_RL_VARIABLE_BIND 1
| #define SIZEOF_VOID_P 8
| #define SIZEOF_SIZE_T 8
| #define SIZEOF_LONG 8
| #define SIZEOF_LONG_LONG 8
| #define ALIGNOF_SHORT 2
| #define ALIGNOF_INT 4
| #define ALIGNOF_LONG 8
| #define ALIGNOF_INT64_T 8
| #define ALIGNOF_DOUBLE 8
| #define MAXIMUM_ALIGNOF 8
| #define PG_INT128_TYPE __int128
| #define ALIGNOF_PG_INT128_TYPE 16
| #define HAVE_GCC__SYNC_CHAR_TAS 1
| #define HAVE_GCC__SYNC_INT32_TAS 1
| #define HAVE_GCC__SYNC_INT32_CAS 1
| #define HAVE_GCC__SYNC_INT64_CAS 1
| #define HAVE_GCC__ATOMIC_INT32_CAS 1
| #define HAVE_GCC__ATOMIC_INT64_CAS 1
| /* end confdefs.h.  */
| #include <immintrin.h>
|     #if defined(__has_attribute) && __has_attribute (target)
|     __attribute__((target("xsave")))
|     #endif
|     static int xsave_test(void)
|     {
|       return _xgetbv(0) & 0xe0;
|     }
| int
| main ()
| {
| return xsave_test();
|   ;
|   return 0;
| }
configure:17317: result: no
configure:17386: checking for _mm_crc32_u8 and _mm_crc32_u32
configure:17413: gcc -o conftest -Wall -Wmissing-prototypes -Wpointer-arith -Wdeclaration-after-statement -Werror=vla -Werror=unguarded-availability-new -Wendif-labels -Wmissing-format-attribute -Wcast-function-type -Wformat-security -Wmissing-variable-declarations -fno-strict-aliasing -fwrapv -Wno-unused-command-line-argument -Wno-compound-token-split-by-macro -O2 -isysroot /Library/Developer/CommandLineTools/SDKs/MacOSX13.3.sdk   -isysroot /Library/Developer/CommandLineTools/SDKs/MacOSX13.3.sdk   conftest.c -lz -lreadline -lm  >&5
In file included from conftest.c:129:
/Library/Developer/CommandLineTools/usr/lib/clang/14.0.3/include/nmmintrin.h:14:2: error: "This header is only meant to be used on x86 and x64 architecture"
#error "This header is only meant to be used on x86 and x64 architecture"
 ^
In file included from conftest.c:129:
In file included from /Library/Developer/CommandLineTools/usr/lib/clang/14.0.3/include/nmmintrin.h:19:
/Library/Developer/CommandLineTools/usr/lib/clang/14.0.3/include/smmintrin.h:14:2: error: "This header is only meant to be used on x86 and x64 architecture"
#error "This header is only meant to be used on x86 and x64 architecture"
 ^
In file included from conftest.c:129:
In file included from /Library/Developer/CommandLineTools/usr/lib/clang/14.0.3/include/nmmintrin.h:19:
In file included from /Library/Developer/CommandLineTools/usr/lib/clang/14.0.3/include/smmintrin.h:17:
/Library/Developer/CommandLineTools/usr/lib/clang/14.0.3/include/tmmintrin.h:14:2: error: "This header is only meant to be used on x86 and x64 architecture"
#error "This header is only meant to be used on x86 and x64 architecture"
 ^
In file included from conftest.c:129:
In file included from /Library/Developer/CommandLineTools/usr/lib/clang/14.0.3/include/nmmintrin.h:19:
In file included from /Library/Developer/CommandLineTools/usr/lib/clang/14.0.3/include/smmintrin.h:17:
In file included from /Library/Developer/CommandLineTools/usr/lib/clang/14.0.3/include/tmmintrin.h:17:
/Library/Developer/CommandLineTools/usr/lib/clang/14.0.3/include/pmmintrin.h:14:2: error: "This header is only meant to be used on x86 and x64 architecture"
#error "This header is only meant to be used on x86 and x64 architecture"
 ^
In file included from conftest.c:129:
In file included from /Library/Developer/CommandLineTools/usr/lib/clang/14.0.3/include/nmmintrin.h:19:
In file included from /Library/Developer/CommandLineTools/usr/lib/clang/14.0.3/include/smmintrin.h:17:
In file included from /Library/Developer/CommandLineTools/usr/lib/clang/14.0.3/include/tmmintrin.h:17:
In file included from /Library/Developer/CommandLineTools/usr/lib/clang/14.0.3/include/pmmintrin.h:17:
/Library/Developer/CommandLineTools/usr/lib/clang/14.0.3/include/emmintrin.h:14:2: error: "This header is only meant to be used on x86 and x64 architecture"
#error "This header is only meant to be used on x86 and x64 architecture"
 ^
In file included from conftest.c:129:
In file included from /Library/Developer/CommandLineTools/usr/lib/clang/14.0.3/include/nmmintrin.h:19:
In file included from /Library/Developer/CommandLineTools/usr/lib/clang/14.0.3/include/smmintrin.h:17:
In file included from /Library/Developer/CommandLineTools/usr/lib/clang/14.0.3/include/tmmintrin.h:17:
In file included from /Library/Developer/CommandLineTools/usr/lib/clang/14.0.3/include/pmmintrin.h:17:
In file included from /Library/Developer/CommandLineTools/usr/lib/clang/14.0.3/include/emmintrin.h:17:
/Library/Developer/CommandLineTools/usr/lib/clang/14.0.3/include/xmmintrin.h:14:2: error: "This header is only meant to be used on x86 and x64 architecture"
#error "This header is only meant to be used on x86 and x64 architecture"
 ^
In file included from conftest.c:129:
In file included from /Library/Developer/CommandLineTools/usr/lib/clang/14.0.3/include/nmmintrin.h:19:
In file included from /Library/Developer/CommandLineTools/usr/lib/clang/14.0.3/include/smmintrin.h:17:
In file included from /Library/Developer/CommandLineTools/usr/lib/clang/14.0.3/include/tmmintrin.h:17:
In file included from /Library/Developer/CommandLineTools/usr/lib/clang/14.0.3/include/pmmintrin.h:17:
In file included from /Library/Developer/CommandLineTools/usr/lib/clang/14.0.3/include/emmintrin.h:17:
In file included from /Library/Developer/CommandLineTools/usr/lib/clang/14.0.3/include/xmmintrin.h:17:
/Library/Developer/CommandLineTools/usr/lib/clang/14.0.3/include/mmintrin.h:14:2: error: "This header is only meant to be used on x86 and x64 architecture"
#error "This header is only meant to be used on x86 and x64 architecture"
 ^
/Library/Developer/CommandLineTools/usr/lib/clang/14.0.3/include/mmintrin.h:54:12: error: invalid conversion between vector type '__m64' (vector of 1 'long long' value) and integer type 'int' of different size
    return (__m64)__builtin_ia32_vec_init_v2si(__i, 0);
           ^~~~~~~~~~~~~~~~~~~~~~~~~~~~~~~~~~~~~~~~~~~
/Library/Developer/CommandLineTools/usr/lib/clang/14.0.3/include/mmintrin.h:133:12: error: invalid conversion between vector type '__m64' (vector of 1 'long long' value) and integer type 'int' of different size
    return (__m64)__builtin_ia32_packsswb((__v4hi)__m1, (__v4hi)__m2);
           ^~~~~~~~~~~~~~~~~~~~~~~~~~~~~~~~~~~~~~~~~~~~~~~~~~~~~~~~~~
/Library/Developer/CommandLineTools/usr/lib/clang/14.0.3/include/mmintrin.h:163:12: error: invalid conversion between vector type '__m64' (vector of 1 'long long' value) and integer type 'int' of different size
    return (__m64)__builtin_ia32_packssdw((__v2si)__m1, (__v2si)__m2);
           ^~~~~~~~~~~~~~~~~~~~~~~~~~~~~~~~~~~~~~~~~~~~~~~~~~~~~~~~~~
/Library/Developer/CommandLineTools/usr/lib/clang/14.0.3/include/mmintrin.h:193:12: error: invalid conversion between vector type '__m64' (vector of 1 'long long' value) and integer type 'int' of different size
    return (__m64)__builtin_ia32_packuswb((__v4hi)__m1, (__v4hi)__m2);
           ^~~~~~~~~~~~~~~~~~~~~~~~~~~~~~~~~~~~~~~~~~~~~~~~~~~~~~~~~~
/Library/Developer/CommandLineTools/usr/lib/clang/14.0.3/include/mmintrin.h:220:12: error: invalid conversion between vector type '__m64' (vector of 1 'long long' value) and integer type 'int' of different size
    return (__m64)__builtin_ia32_punpckhbw((__v8qi)__m1, (__v8qi)__m2);
           ^~~~~~~~~~~~~~~~~~~~~~~~~~~~~~~~~~~~~~~~~~~~~~~~~~~~~~~~~~~
/Library/Developer/CommandLineTools/usr/lib/clang/14.0.3/include/mmintrin.h:243:12: error: invalid conversion between vector type '__m64' (vector of 1 'long long' value) and integer type 'int' of different size
    return (__m64)__builtin_ia32_punpckhwd((__v4hi)__m1, (__v4hi)__m2);
           ^~~~~~~~~~~~~~~~~~~~~~~~~~~~~~~~~~~~~~~~~~~~~~~~~~~~~~~~~~~
/Library/Developer/CommandLineTools/usr/lib/clang/14.0.3/include/mmintrin.h:264:12: error: invalid conversion between vector type '__m64' (vector of 1 'long long' value) and integer type 'int' of different size
    return (__m64)__builtin_ia32_punpckhdq((__v2si)__m1, (__v2si)__m2);
           ^~~~~~~~~~~~~~~~~~~~~~~~~~~~~~~~~~~~~~~~~~~~~~~~~~~~~~~~~~~
/Library/Developer/CommandLineTools/usr/lib/clang/14.0.3/include/mmintrin.h:291:12: error: invalid conversion between vector type '__m64' (vector of 1 'long long' value) and integer type 'int' of different size
    return (__m64)__builtin_ia32_punpcklbw((__v8qi)__m1, (__v8qi)__m2);
           ^~~~~~~~~~~~~~~~~~~~~~~~~~~~~~~~~~~~~~~~~~~~~~~~~~~~~~~~~~~
/Library/Developer/CommandLineTools/usr/lib/clang/14.0.3/include/mmintrin.h:314:12: error: invalid conversion between vector type '__m64' (vector of 1 'long long' value) and integer type 'int' of different size
    return (__m64)__builtin_ia32_punpcklwd((__v4hi)__m1, (__v4hi)__m2);
           ^~~~~~~~~~~~~~~~~~~~~~~~~~~~~~~~~~~~~~~~~~~~~~~~~~~~~~~~~~~
/Library/Developer/CommandLineTools/usr/lib/clang/14.0.3/include/mmintrin.h:335:12: error: invalid conversion between vector type '__m64' (vector of 1 'long long' value) and integer type 'int' of different size
    return (__m64)__builtin_ia32_punpckldq((__v2si)__m1, (__v2si)__m2);
           ^~~~~~~~~~~~~~~~~~~~~~~~~~~~~~~~~~~~~~~~~~~~~~~~~~~~~~~~~~~
/Library/Developer/CommandLineTools/usr/lib/clang/14.0.3/include/mmintrin.h:356:12: error: invalid conversion between vector type '__m64' (vector of 1 'long long' value) and integer type 'int' of different size
    return (__m64)__builtin_ia32_paddb((__v8qi)__m1, (__v8qi)__m2);
           ^~~~~~~~~~~~~~~~~~~~~~~~~~~~~~~~~~~~~~~~~~~~~~~~~~~~~~~
/Library/Developer/CommandLineTools/usr/lib/clang/14.0.3/include/mmintrin.h:377:12: error: invalid conversion between vector type '__m64' (vector of 1 'long long' value) and integer type 'int' of different size
    return (__m64)__builtin_ia32_paddw((__v4hi)__m1, (__v4hi)__m2);
           ^~~~~~~~~~~~~~~~~~~~~~~~~~~~~~~~~~~~~~~~~~~~~~~~~~~~~~~
fatal error: too many errors emitted, stopping now [-ferror-limit=]
20 errors generated.
configure:17413: $? = 1
configure: failed program was:
| /* confdefs.h */
| #define PACKAGE_NAME "PostgreSQL"
| #define PACKAGE_TARNAME "postgresql"
| #define PACKAGE_VERSION "18devel"
| #define PACKAGE_STRING "PostgreSQL 18devel"
| #define PACKAGE_BUGREPORT "pgsql-bugs@lists.postgresql.org"
| #define PACKAGE_URL "https://www.postgresql.org/"
| #define CONFIGURE_ARGS " 'PKG_CONFIG_PATH=/opt/homebrew/opt/icu4c/lib/pkgconfig:/opt/homebrew/opt/libpq/lib/pkgconfig:'"
| #define PG_MAJORVERSION "18"
| #define PG_MAJORVERSION_NUM 18
| #define PG_MINORVERSION_NUM 0
| #define PG_VERSION "18devel"
| #define DEF_PGPORT 5432
| #define DEF_PGPORT_STR "5432"
| #define BLCKSZ 8192
| #define RELSEG_SIZE 131072
| #define XLOG_BLCKSZ 8192
| #define HAVE_VISIBILITY_ATTRIBUTE 1
| #define DLSUFFIX ".dylib"
| #define USE_ICU 1
| #define PG_KRB_SRVNAM "postgres"
| #define STDC_HEADERS 1
| #define HAVE_SYS_TYPES_H 1
| #define HAVE_SYS_STAT_H 1
| #define HAVE_STDLIB_H 1
| #define HAVE_STRING_H 1
| #define HAVE_MEMORY_H 1
| #define HAVE_STRINGS_H 1
| #define HAVE_INTTYPES_H 1
| #define HAVE_STDINT_H 1
| #define HAVE_UNISTD_H 1
| #define HAVE_PTHREAD_PRIO_INHERIT 1
| #define HAVE_PTHREAD 1
| #define HAVE_STRERROR_R 1
| #define STRERROR_R_INT 1
| #define HAVE_LIBM 1
| #define HAVE_LIBREADLINE 1
| #define HAVE_LIBZ 1
| #define HAVE_COPYFILE_H 1
| #define HAVE_EXECINFO_H 1
| #define HAVE_GETOPT_H 1
| #define HAVE_IFADDRS_H 1
| #define HAVE_SYS_EVENT_H 1
| #define HAVE_SYS_UCRED_H 1
| #define HAVE_TERMIOS_H 1
| #define HAVE_XLOCALE_H 1
| #define HAVE_READLINE_READLINE_H 1
| #define HAVE_READLINE_HISTORY_H 1
| #define PG_PRINTF_ATTRIBUTE printf
| #define HAVE__STATIC_ASSERT 1
| #define HAVE_TYPEOF 1
| #define HAVE__BUILTIN_TYPES_COMPATIBLE_P 1
| #define HAVE__BUILTIN_CONSTANT_P 1
| #define HAVE__BUILTIN_OP_OVERFLOW 1
| #define HAVE__BUILTIN_UNREACHABLE 1
| #define HAVE_COMPUTED_GOTO 1
| #define HAVE_STRUCT_TM_TM_ZONE 1
| #define HAVE_UNION_SEMUN 1
| #define HAVE_SOCKLEN_T 1
| #define HAVE_STRUCT_SOCKADDR_SA_LEN 1
| #define restrict __restrict
| #define pg_restrict __restrict
| #define HAVE_STRUCT_OPTION 1
| #define SIZEOF_OFF_T 8
| #define HAVE_INT_TIMEZONE 1
| #define HAVE_BACKTRACE_SYMBOLS 1
| #define HAVE_COPYFILE 1
| #define HAVE_GETIFADDRS 1
| #define HAVE_INET_PTON 1
| #define HAVE_KQUEUE 1
| #define HAVE_MBSTOWCS_L 1
| #define HAVE_MEMSET_S 1
| #define HAVE_PTHREAD_IS_THREADED_NP 1
| #define HAVE_STRSIGNAL 1
| #define HAVE_USELOCALE 1
| #define HAVE_WCSTOMBS_L 1
| #define HAVE__BUILTIN_BSWAP16 1
| #define HAVE__BUILTIN_BSWAP32 1
| #define HAVE__BUILTIN_BSWAP64 1
| #define HAVE__BUILTIN_CLZ 1
| #define HAVE__BUILTIN_CTZ 1
| #define HAVE__BUILTIN_POPCOUNT 1
| #define HAVE__BUILTIN_FRAME_ADDRESS 1
| #define HAVE_FSEEKO 1
| #define HAVE_DECL_POSIX_FADVISE 0
| #define HAVE_DECL_FDATASYNC 0
| #define HAVE_DECL_STRLCAT 1
| #define HAVE_DECL_STRLCPY 1
| #define HAVE_DECL_STRNLEN 1
| #define HAVE_DECL_STRSEP 1
| #define HAVE_DECL_PREADV 1
| #define HAVE_DECL_PWRITEV 1
| #define HAVE_DECL_F_FULLFSYNC 1
| #define HAVE_GETOPT 1
| #define HAVE_GETPEEREID 1
| #define HAVE_INET_ATON 1
| #define HAVE_MKDTEMP 1
| #define HAVE_STRLCAT 1
| #define HAVE_STRLCPY 1
| #define HAVE_STRNLEN 1
| #define HAVE_STRSEP 1
| #define HAVE_GETOPT_LONG 1
| #define HAVE_SYSLOG 1
| #define HAVE_INT_OPTERR 1
| #define HAVE_INT_OPTRESET 1
| #define HAVE_HISTORY_TRUNCATE_FILE 1
| #define HAVE_RL_COMPLETION_MATCHES 1
| #define HAVE_RL_FILENAME_COMPLETION_FUNCTION 1
| #define HAVE_RL_VARIABLE_BIND 1
| #define SIZEOF_VOID_P 8
| #define SIZEOF_SIZE_T 8
| #define SIZEOF_LONG 8
| #define SIZEOF_LONG_LONG 8
| #define ALIGNOF_SHORT 2
| #define ALIGNOF_INT 4
| #define ALIGNOF_LONG 8
| #define ALIGNOF_INT64_T 8
| #define ALIGNOF_DOUBLE 8
| #define MAXIMUM_ALIGNOF 8
| #define PG_INT128_TYPE __int128
| #define ALIGNOF_PG_INT128_TYPE 16
| #define HAVE_GCC__SYNC_CHAR_TAS 1
| #define HAVE_GCC__SYNC_INT32_TAS 1
| #define HAVE_GCC__SYNC_INT32_CAS 1
| #define HAVE_GCC__SYNC_INT64_CAS 1
| #define HAVE_GCC__ATOMIC_INT32_CAS 1
| #define HAVE_GCC__ATOMIC_INT64_CAS 1
| /* end confdefs.h.  */
| #include <nmmintrin.h>
|     #if defined(__has_attribute) && __has_attribute (target)
|     __attribute__((target("sse4.2")))
|     #endif
|     static int crc32_sse42_test(void)
|     {
|       unsigned int crc = 0;
|       crc = _mm_crc32_u8(crc, 0);
|       crc = _mm_crc32_u32(crc, 0);
|       /* return computed value, to prevent the above being optimized away */
|       return crc == 0;
|     }
| int
| main ()
| {
| return crc32_sse42_test();
|   ;
|   return 0;
| }
configure:17421: result: no
configure:17445: gcc -c -Wall -Wmissing-prototypes -Wpointer-arith -Wdeclaration-after-statement -Werror=vla -Werror=unguarded-availability-new -Wendif-labels -Wmissing-format-attribute -Wcast-function-type -Wformat-security -Wmissing-variable-declarations -fno-strict-aliasing -fwrapv -Wno-unused-command-line-argument -Wno-compound-token-split-by-macro -O2 -isysroot /Library/Developer/CommandLineTools/SDKs/MacOSX13.3.sdk   conftest.c >&5
conftest.c:135:2: error: __SSE4_2__ not defined
#error __SSE4_2__ not defined
 ^
1 error generated.
configure:17445: $? = 1
configure: failed program was:
| /* confdefs.h */
| #define PACKAGE_NAME "PostgreSQL"
| #define PACKAGE_TARNAME "postgresql"
| #define PACKAGE_VERSION "18devel"
| #define PACKAGE_STRING "PostgreSQL 18devel"
| #define PACKAGE_BUGREPORT "pgsql-bugs@lists.postgresql.org"
| #define PACKAGE_URL "https://www.postgresql.org/"
| #define CONFIGURE_ARGS " 'PKG_CONFIG_PATH=/opt/homebrew/opt/icu4c/lib/pkgconfig:/opt/homebrew/opt/libpq/lib/pkgconfig:'"
| #define PG_MAJORVERSION "18"
| #define PG_MAJORVERSION_NUM 18
| #define PG_MINORVERSION_NUM 0
| #define PG_VERSION "18devel"
| #define DEF_PGPORT 5432
| #define DEF_PGPORT_STR "5432"
| #define BLCKSZ 8192
| #define RELSEG_SIZE 131072
| #define XLOG_BLCKSZ 8192
| #define HAVE_VISIBILITY_ATTRIBUTE 1
| #define DLSUFFIX ".dylib"
| #define USE_ICU 1
| #define PG_KRB_SRVNAM "postgres"
| #define STDC_HEADERS 1
| #define HAVE_SYS_TYPES_H 1
| #define HAVE_SYS_STAT_H 1
| #define HAVE_STDLIB_H 1
| #define HAVE_STRING_H 1
| #define HAVE_MEMORY_H 1
| #define HAVE_STRINGS_H 1
| #define HAVE_INTTYPES_H 1
| #define HAVE_STDINT_H 1
| #define HAVE_UNISTD_H 1
| #define HAVE_PTHREAD_PRIO_INHERIT 1
| #define HAVE_PTHREAD 1
| #define HAVE_STRERROR_R 1
| #define STRERROR_R_INT 1
| #define HAVE_LIBM 1
| #define HAVE_LIBREADLINE 1
| #define HAVE_LIBZ 1
| #define HAVE_COPYFILE_H 1
| #define HAVE_EXECINFO_H 1
| #define HAVE_GETOPT_H 1
| #define HAVE_IFADDRS_H 1
| #define HAVE_SYS_EVENT_H 1
| #define HAVE_SYS_UCRED_H 1
| #define HAVE_TERMIOS_H 1
| #define HAVE_XLOCALE_H 1
| #define HAVE_READLINE_READLINE_H 1
| #define HAVE_READLINE_HISTORY_H 1
| #define PG_PRINTF_ATTRIBUTE printf
| #define HAVE__STATIC_ASSERT 1
| #define HAVE_TYPEOF 1
| #define HAVE__BUILTIN_TYPES_COMPATIBLE_P 1
| #define HAVE__BUILTIN_CONSTANT_P 1
| #define HAVE__BUILTIN_OP_OVERFLOW 1
| #define HAVE__BUILTIN_UNREACHABLE 1
| #define HAVE_COMPUTED_GOTO 1
| #define HAVE_STRUCT_TM_TM_ZONE 1
| #define HAVE_UNION_SEMUN 1
| #define HAVE_SOCKLEN_T 1
| #define HAVE_STRUCT_SOCKADDR_SA_LEN 1
| #define restrict __restrict
| #define pg_restrict __restrict
| #define HAVE_STRUCT_OPTION 1
| #define SIZEOF_OFF_T 8
| #define HAVE_INT_TIMEZONE 1
| #define HAVE_BACKTRACE_SYMBOLS 1
| #define HAVE_COPYFILE 1
| #define HAVE_GETIFADDRS 1
| #define HAVE_INET_PTON 1
| #define HAVE_KQUEUE 1
| #define HAVE_MBSTOWCS_L 1
| #define HAVE_MEMSET_S 1
| #define HAVE_PTHREAD_IS_THREADED_NP 1
| #define HAVE_STRSIGNAL 1
| #define HAVE_USELOCALE 1
| #define HAVE_WCSTOMBS_L 1
| #define HAVE__BUILTIN_BSWAP16 1
| #define HAVE__BUILTIN_BSWAP32 1
| #define HAVE__BUILTIN_BSWAP64 1
| #define HAVE__BUILTIN_CLZ 1
| #define HAVE__BUILTIN_CTZ 1
| #define HAVE__BUILTIN_POPCOUNT 1
| #define HAVE__BUILTIN_FRAME_ADDRESS 1
| #define HAVE_FSEEKO 1
| #define HAVE_DECL_POSIX_FADVISE 0
| #define HAVE_DECL_FDATASYNC 0
| #define HAVE_DECL_STRLCAT 1
| #define HAVE_DECL_STRLCPY 1
| #define HAVE_DECL_STRNLEN 1
| #define HAVE_DECL_STRSEP 1
| #define HAVE_DECL_PREADV 1
| #define HAVE_DECL_PWRITEV 1
| #define HAVE_DECL_F_FULLFSYNC 1
| #define HAVE_GETOPT 1
| #define HAVE_GETPEEREID 1
| #define HAVE_INET_ATON 1
| #define HAVE_MKDTEMP 1
| #define HAVE_STRLCAT 1
| #define HAVE_STRLCPY 1
| #define HAVE_STRNLEN 1
| #define HAVE_STRSEP 1
| #define HAVE_GETOPT_LONG 1
| #define HAVE_SYSLOG 1
| #define HAVE_INT_OPTERR 1
| #define HAVE_INT_OPTRESET 1
| #define HAVE_HISTORY_TRUNCATE_FILE 1
| #define HAVE_RL_COMPLETION_MATCHES 1
| #define HAVE_RL_FILENAME_COMPLETION_FUNCTION 1
| #define HAVE_RL_VARIABLE_BIND 1
| #define SIZEOF_VOID_P 8
| #define SIZEOF_SIZE_T 8
| #define SIZEOF_LONG 8
| #define SIZEOF_LONG_LONG 8
| #define ALIGNOF_SHORT 2
| #define ALIGNOF_INT 4
| #define ALIGNOF_LONG 8
| #define ALIGNOF_INT64_T 8
| #define ALIGNOF_DOUBLE 8
| #define MAXIMUM_ALIGNOF 8
| #define PG_INT128_TYPE __int128
| #define ALIGNOF_PG_INT128_TYPE 16
| #define HAVE_GCC__SYNC_CHAR_TAS 1
| #define HAVE_GCC__SYNC_INT32_TAS 1
| #define HAVE_GCC__SYNC_INT32_CAS 1
| #define HAVE_GCC__SYNC_INT64_CAS 1
| #define HAVE_GCC__ATOMIC_INT32_CAS 1
| #define HAVE_GCC__ATOMIC_INT64_CAS 1
| /* end confdefs.h.  */
| 
| int
| main ()
| {
| 
| #ifndef __SSE4_2__
| #error __SSE4_2__ not defined
| #endif
| 
|   ;
|   return 0;
| }
configure:17456: checking for __crc32cb, __crc32ch, __crc32cw, and __crc32cd with CFLAGS=
configure:17480: gcc -o conftest -Wall -Wmissing-prototypes -Wpointer-arith -Wdeclaration-after-statement -Werror=vla -Werror=unguarded-availability-new -Wendif-labels -Wmissing-format-attribute -Wcast-function-type -Wformat-security -Wmissing-variable-declarations -fno-strict-aliasing -fwrapv -Wno-unused-command-line-argument -Wno-compound-token-split-by-macro -O2  -isysroot /Library/Developer/CommandLineTools/SDKs/MacOSX13.3.sdk   -isysroot /Library/Developer/CommandLineTools/SDKs/MacOSX13.3.sdk   conftest.c -lz -lreadline -lm  >&5
configure:17480: $? = 0
configure:17489: result: yes
configure:17585: checking for __builtin_loongarch_crcc_w_b_w, __builtin_loongarch_crcc_w_h_w, __builtin_loongarch_crcc_w_w_w and __builtin_loongarch_crcc_w_d_w
configure:17607: gcc -o conftest -Wall -Wmissing-prototypes -Wpointer-arith -Wdeclaration-after-statement -Werror=vla -Werror=unguarded-availability-new -Wendif-labels -Wmissing-format-attribute -Wcast-function-type -Wformat-security -Wmissing-variable-declarations -fno-strict-aliasing -fwrapv -Wno-unused-command-line-argument -Wno-compound-token-split-by-macro -O2 -isysroot /Library/Developer/CommandLineTools/SDKs/MacOSX13.3.sdk   -isysroot /Library/Developer/CommandLineTools/SDKs/MacOSX13.3.sdk   conftest.c -lz -lreadline -lm  >&5
conftest.c:134:10: error: use of unknown builtin '__builtin_loongarch_crcc_w_b_w' [-Wimplicit-function-declaration]
   crc = __builtin_loongarch_crcc_w_b_w(0, crc);
         ^
conftest.c:135:10: error: use of unknown builtin '__builtin_loongarch_crcc_w_h_w' [-Wimplicit-function-declaration]
   crc = __builtin_loongarch_crcc_w_h_w(0, crc);
         ^
conftest.c:136:10: error: use of unknown builtin '__builtin_loongarch_crcc_w_w_w' [-Wimplicit-function-declaration]
   crc = __builtin_loongarch_crcc_w_w_w(0, crc);
         ^
conftest.c:137:10: error: use of unknown builtin '__builtin_loongarch_crcc_w_d_w' [-Wimplicit-function-declaration]
   crc = __builtin_loongarch_crcc_w_d_w(0, crc);
         ^
4 errors generated.
configure:17607: $? = 1
configure: failed program was:
| /* confdefs.h */
| #define PACKAGE_NAME "PostgreSQL"
| #define PACKAGE_TARNAME "postgresql"
| #define PACKAGE_VERSION "18devel"
| #define PACKAGE_STRING "PostgreSQL 18devel"
| #define PACKAGE_BUGREPORT "pgsql-bugs@lists.postgresql.org"
| #define PACKAGE_URL "https://www.postgresql.org/"
| #define CONFIGURE_ARGS " 'PKG_CONFIG_PATH=/opt/homebrew/opt/icu4c/lib/pkgconfig:/opt/homebrew/opt/libpq/lib/pkgconfig:'"
| #define PG_MAJORVERSION "18"
| #define PG_MAJORVERSION_NUM 18
| #define PG_MINORVERSION_NUM 0
| #define PG_VERSION "18devel"
| #define DEF_PGPORT 5432
| #define DEF_PGPORT_STR "5432"
| #define BLCKSZ 8192
| #define RELSEG_SIZE 131072
| #define XLOG_BLCKSZ 8192
| #define HAVE_VISIBILITY_ATTRIBUTE 1
| #define DLSUFFIX ".dylib"
| #define USE_ICU 1
| #define PG_KRB_SRVNAM "postgres"
| #define STDC_HEADERS 1
| #define HAVE_SYS_TYPES_H 1
| #define HAVE_SYS_STAT_H 1
| #define HAVE_STDLIB_H 1
| #define HAVE_STRING_H 1
| #define HAVE_MEMORY_H 1
| #define HAVE_STRINGS_H 1
| #define HAVE_INTTYPES_H 1
| #define HAVE_STDINT_H 1
| #define HAVE_UNISTD_H 1
| #define HAVE_PTHREAD_PRIO_INHERIT 1
| #define HAVE_PTHREAD 1
| #define HAVE_STRERROR_R 1
| #define STRERROR_R_INT 1
| #define HAVE_LIBM 1
| #define HAVE_LIBREADLINE 1
| #define HAVE_LIBZ 1
| #define HAVE_COPYFILE_H 1
| #define HAVE_EXECINFO_H 1
| #define HAVE_GETOPT_H 1
| #define HAVE_IFADDRS_H 1
| #define HAVE_SYS_EVENT_H 1
| #define HAVE_SYS_UCRED_H 1
| #define HAVE_TERMIOS_H 1
| #define HAVE_XLOCALE_H 1
| #define HAVE_READLINE_READLINE_H 1
| #define HAVE_READLINE_HISTORY_H 1
| #define PG_PRINTF_ATTRIBUTE printf
| #define HAVE__STATIC_ASSERT 1
| #define HAVE_TYPEOF 1
| #define HAVE__BUILTIN_TYPES_COMPATIBLE_P 1
| #define HAVE__BUILTIN_CONSTANT_P 1
| #define HAVE__BUILTIN_OP_OVERFLOW 1
| #define HAVE__BUILTIN_UNREACHABLE 1
| #define HAVE_COMPUTED_GOTO 1
| #define HAVE_STRUCT_TM_TM_ZONE 1
| #define HAVE_UNION_SEMUN 1
| #define HAVE_SOCKLEN_T 1
| #define HAVE_STRUCT_SOCKADDR_SA_LEN 1
| #define restrict __restrict
| #define pg_restrict __restrict
| #define HAVE_STRUCT_OPTION 1
| #define SIZEOF_OFF_T 8
| #define HAVE_INT_TIMEZONE 1
| #define HAVE_BACKTRACE_SYMBOLS 1
| #define HAVE_COPYFILE 1
| #define HAVE_GETIFADDRS 1
| #define HAVE_INET_PTON 1
| #define HAVE_KQUEUE 1
| #define HAVE_MBSTOWCS_L 1
| #define HAVE_MEMSET_S 1
| #define HAVE_PTHREAD_IS_THREADED_NP 1
| #define HAVE_STRSIGNAL 1
| #define HAVE_USELOCALE 1
| #define HAVE_WCSTOMBS_L 1
| #define HAVE__BUILTIN_BSWAP16 1
| #define HAVE__BUILTIN_BSWAP32 1
| #define HAVE__BUILTIN_BSWAP64 1
| #define HAVE__BUILTIN_CLZ 1
| #define HAVE__BUILTIN_CTZ 1
| #define HAVE__BUILTIN_POPCOUNT 1
| #define HAVE__BUILTIN_FRAME_ADDRESS 1
| #define HAVE_FSEEKO 1
| #define HAVE_DECL_POSIX_FADVISE 0
| #define HAVE_DECL_FDATASYNC 0
| #define HAVE_DECL_STRLCAT 1
| #define HAVE_DECL_STRLCPY 1
| #define HAVE_DECL_STRNLEN 1
| #define HAVE_DECL_STRSEP 1
| #define HAVE_DECL_PREADV 1
| #define HAVE_DECL_PWRITEV 1
| #define HAVE_DECL_F_FULLFSYNC 1
| #define HAVE_GETOPT 1
| #define HAVE_GETPEEREID 1
| #define HAVE_INET_ATON 1
| #define HAVE_MKDTEMP 1
| #define HAVE_STRLCAT 1
| #define HAVE_STRLCPY 1
| #define HAVE_STRNLEN 1
| #define HAVE_STRSEP 1
| #define HAVE_GETOPT_LONG 1
| #define HAVE_SYSLOG 1
| #define HAVE_INT_OPTERR 1
| #define HAVE_INT_OPTRESET 1
| #define HAVE_HISTORY_TRUNCATE_FILE 1
| #define HAVE_RL_COMPLETION_MATCHES 1
| #define HAVE_RL_FILENAME_COMPLETION_FUNCTION 1
| #define HAVE_RL_VARIABLE_BIND 1
| #define SIZEOF_VOID_P 8
| #define SIZEOF_SIZE_T 8
| #define SIZEOF_LONG 8
| #define SIZEOF_LONG_LONG 8
| #define ALIGNOF_SHORT 2
| #define ALIGNOF_INT 4
| #define ALIGNOF_LONG 8
| #define ALIGNOF_INT64_T 8
| #define ALIGNOF_DOUBLE 8
| #define MAXIMUM_ALIGNOF 8
| #define PG_INT128_TYPE __int128
| #define ALIGNOF_PG_INT128_TYPE 16
| #define HAVE_GCC__SYNC_CHAR_TAS 1
| #define HAVE_GCC__SYNC_INT32_TAS 1
| #define HAVE_GCC__SYNC_INT32_CAS 1
| #define HAVE_GCC__SYNC_INT64_CAS 1
| #define HAVE_GCC__ATOMIC_INT32_CAS 1
| #define HAVE_GCC__ATOMIC_INT64_CAS 1
| /* end confdefs.h.  */
| 
| int
| main ()
| {
| unsigned int crc = 0;
|    crc = __builtin_loongarch_crcc_w_b_w(0, crc);
|    crc = __builtin_loongarch_crcc_w_h_w(0, crc);
|    crc = __builtin_loongarch_crcc_w_w_w(0, crc);
|    crc = __builtin_loongarch_crcc_w_d_w(0, crc);
|    /* return computed value, to prevent the above being optimized away */
|    return crc == 0;
|   ;
|   return 0;
| }
configure:17615: result: no
configure:17681: checking which CRC-32C implementation to use
configure:17704: result: ARMv8 CRC instructions
configure:17857: checking which semaphore API to use
configure:17880: result: System V
configure:17906: checking which random number source to use
configure:17918: result: /dev/urandom
configure:17920: checking for /dev/urandom
configure:17933: result: yes
configure:18406: checking for xmllint
configure:18424: found /usr/bin/xmllint
configure:18436: result: /usr/bin/xmllint
configure:18460: checking for xsltproc
configure:18478: found /usr/bin/xsltproc
configure:18490: result: /usr/bin/xsltproc
configure:18514: checking for fop
configure:18547: result: no
configure:18568: checking for dbtoepub
configure:18601: result: no
configure:18713: checking whether gcc supports -Wl,-dead_strip_dylibs, for LDFLAGS
configure:18734: gcc -o conftest -Wall -Wmissing-prototypes -Wpointer-arith -Wdeclaration-after-statement -Werror=vla -Werror=unguarded-availability-new -Wendif-labels -Wmissing-format-attribute -Wcast-function-type -Wformat-security -Wmissing-variable-declarations -fno-strict-aliasing -fwrapv -Wno-unused-command-line-argument -Wno-compound-token-split-by-macro -O2 -isysroot /Library/Developer/CommandLineTools/SDKs/MacOSX13.3.sdk   -isysroot /Library/Developer/CommandLineTools/SDKs/MacOSX13.3.sdk   -Wl,-dead_strip_dylibs conftest.c -lz -lreadline -lm  >&5
conftest.c:133:33: warning: no previous extern declaration for non-static variable 'fptr' [-Wmissing-variable-declarations]
extern void readline (); void (*fptr) () = readline;
                                ^
conftest.c:133:26: note: declare 'static' if the variable is not intended to be used outside of this translation unit
extern void readline (); void (*fptr) () = readline;
                         ^
1 warning generated.
configure:18734: $? = 0
configure:18734: ./conftest
configure:18734: $? = 0
configure:18745: result: yes
configure:18840: checking whether gcc supports -Wl,--export-dynamic, for LDFLAGS_EX_BE
configure:18861: gcc -o conftest -Wall -Wmissing-prototypes -Wpointer-arith -Wdeclaration-after-statement -Werror=vla -Werror=unguarded-availability-new -Wendif-labels -Wmissing-format-attribute -Wcast-function-type -Wformat-security -Wmissing-variable-declarations -fno-strict-aliasing -fwrapv -Wno-unused-command-line-argument -Wno-compound-token-split-by-macro -O2 -isysroot /Library/Developer/CommandLineTools/SDKs/MacOSX13.3.sdk   -isysroot /Library/Developer/CommandLineTools/SDKs/MacOSX13.3.sdk   -Wl,-dead_strip_dylibs -Wl,--export-dynamic conftest.c -lz -lreadline -lm  >&5
conftest.c:133:33: warning: no previous extern declaration for non-static variable 'fptr' [-Wmissing-variable-declarations]
extern void readline (); void (*fptr) () = readline;
                                ^
conftest.c:133:26: note: declare 'static' if the variable is not intended to be used outside of this translation unit
extern void readline (); void (*fptr) () = readline;
                         ^
1 warning generated.
ld: unknown option: --export-dynamic
clang: error: linker command failed with exit code 1 (use -v to see invocation)
configure:18861: $? = 1
configure: program exited with status 1
configure: failed program was:
| /* confdefs.h */
| #define PACKAGE_NAME "PostgreSQL"
| #define PACKAGE_TARNAME "postgresql"
| #define PACKAGE_VERSION "18devel"
| #define PACKAGE_STRING "PostgreSQL 18devel"
| #define PACKAGE_BUGREPORT "pgsql-bugs@lists.postgresql.org"
| #define PACKAGE_URL "https://www.postgresql.org/"
| #define CONFIGURE_ARGS " 'PKG_CONFIG_PATH=/opt/homebrew/opt/icu4c/lib/pkgconfig:/opt/homebrew/opt/libpq/lib/pkgconfig:'"
| #define PG_MAJORVERSION "18"
| #define PG_MAJORVERSION_NUM 18
| #define PG_MINORVERSION_NUM 0
| #define PG_VERSION "18devel"
| #define DEF_PGPORT 5432
| #define DEF_PGPORT_STR "5432"
| #define BLCKSZ 8192
| #define RELSEG_SIZE 131072
| #define XLOG_BLCKSZ 8192
| #define HAVE_VISIBILITY_ATTRIBUTE 1
| #define DLSUFFIX ".dylib"
| #define USE_ICU 1
| #define PG_KRB_SRVNAM "postgres"
| #define STDC_HEADERS 1
| #define HAVE_SYS_TYPES_H 1
| #define HAVE_SYS_STAT_H 1
| #define HAVE_STDLIB_H 1
| #define HAVE_STRING_H 1
| #define HAVE_MEMORY_H 1
| #define HAVE_STRINGS_H 1
| #define HAVE_INTTYPES_H 1
| #define HAVE_STDINT_H 1
| #define HAVE_UNISTD_H 1
| #define HAVE_PTHREAD_PRIO_INHERIT 1
| #define HAVE_PTHREAD 1
| #define HAVE_STRERROR_R 1
| #define STRERROR_R_INT 1
| #define HAVE_LIBM 1
| #define HAVE_LIBREADLINE 1
| #define HAVE_LIBZ 1
| #define HAVE_COPYFILE_H 1
| #define HAVE_EXECINFO_H 1
| #define HAVE_GETOPT_H 1
| #define HAVE_IFADDRS_H 1
| #define HAVE_SYS_EVENT_H 1
| #define HAVE_SYS_UCRED_H 1
| #define HAVE_TERMIOS_H 1
| #define HAVE_XLOCALE_H 1
| #define HAVE_READLINE_READLINE_H 1
| #define HAVE_READLINE_HISTORY_H 1
| #define PG_PRINTF_ATTRIBUTE printf
| #define HAVE__STATIC_ASSERT 1
| #define HAVE_TYPEOF 1
| #define HAVE__BUILTIN_TYPES_COMPATIBLE_P 1
| #define HAVE__BUILTIN_CONSTANT_P 1
| #define HAVE__BUILTIN_OP_OVERFLOW 1
| #define HAVE__BUILTIN_UNREACHABLE 1
| #define HAVE_COMPUTED_GOTO 1
| #define HAVE_STRUCT_TM_TM_ZONE 1
| #define HAVE_UNION_SEMUN 1
| #define HAVE_SOCKLEN_T 1
| #define HAVE_STRUCT_SOCKADDR_SA_LEN 1
| #define restrict __restrict
| #define pg_restrict __restrict
| #define HAVE_STRUCT_OPTION 1
| #define SIZEOF_OFF_T 8
| #define HAVE_INT_TIMEZONE 1
| #define HAVE_BACKTRACE_SYMBOLS 1
| #define HAVE_COPYFILE 1
| #define HAVE_GETIFADDRS 1
| #define HAVE_INET_PTON 1
| #define HAVE_KQUEUE 1
| #define HAVE_MBSTOWCS_L 1
| #define HAVE_MEMSET_S 1
| #define HAVE_PTHREAD_IS_THREADED_NP 1
| #define HAVE_STRSIGNAL 1
| #define HAVE_USELOCALE 1
| #define HAVE_WCSTOMBS_L 1
| #define HAVE__BUILTIN_BSWAP16 1
| #define HAVE__BUILTIN_BSWAP32 1
| #define HAVE__BUILTIN_BSWAP64 1
| #define HAVE__BUILTIN_CLZ 1
| #define HAVE__BUILTIN_CTZ 1
| #define HAVE__BUILTIN_POPCOUNT 1
| #define HAVE__BUILTIN_FRAME_ADDRESS 1
| #define HAVE_FSEEKO 1
| #define HAVE_DECL_POSIX_FADVISE 0
| #define HAVE_DECL_FDATASYNC 0
| #define HAVE_DECL_STRLCAT 1
| #define HAVE_DECL_STRLCPY 1
| #define HAVE_DECL_STRNLEN 1
| #define HAVE_DECL_STRSEP 1
| #define HAVE_DECL_PREADV 1
| #define HAVE_DECL_PWRITEV 1
| #define HAVE_DECL_F_FULLFSYNC 1
| #define HAVE_GETOPT 1
| #define HAVE_GETPEEREID 1
| #define HAVE_INET_ATON 1
| #define HAVE_MKDTEMP 1
| #define HAVE_STRLCAT 1
| #define HAVE_STRLCPY 1
| #define HAVE_STRNLEN 1
| #define HAVE_STRSEP 1
| #define HAVE_GETOPT_LONG 1
| #define HAVE_SYSLOG 1
| #define HAVE_INT_OPTERR 1
| #define HAVE_INT_OPTRESET 1
| #define HAVE_HISTORY_TRUNCATE_FILE 1
| #define HAVE_RL_COMPLETION_MATCHES 1
| #define HAVE_RL_FILENAME_COMPLETION_FUNCTION 1
| #define HAVE_RL_VARIABLE_BIND 1
| #define SIZEOF_VOID_P 8
| #define SIZEOF_SIZE_T 8
| #define SIZEOF_LONG 8
| #define SIZEOF_LONG_LONG 8
| #define ALIGNOF_SHORT 2
| #define ALIGNOF_INT 4
| #define ALIGNOF_LONG 8
| #define ALIGNOF_INT64_T 8
| #define ALIGNOF_DOUBLE 8
| #define MAXIMUM_ALIGNOF 8
| #define PG_INT128_TYPE __int128
| #define ALIGNOF_PG_INT128_TYPE 16
| #define HAVE_GCC__SYNC_CHAR_TAS 1
| #define HAVE_GCC__SYNC_INT32_TAS 1
| #define HAVE_GCC__SYNC_INT32_CAS 1
| #define HAVE_GCC__SYNC_INT64_CAS 1
| #define HAVE_GCC__ATOMIC_INT32_CAS 1
| #define HAVE_GCC__ATOMIC_INT64_CAS 1
| #define USE_ARMV8_CRC32C 1
| #define USE_SYSV_SEMAPHORES 1
| #define USE_SYSV_SHARED_MEMORY 1
| #define MEMSET_LOOP_LIMIT 1024
| /* end confdefs.h.  */
| extern void readline (); void (*fptr) () = readline;
| int
| main ()
| {
| 
|   ;
|   return 0;
| }
configure:18872: result: no
configure:18879: checking whether gcc supports -Wl,-export_dynamic, for LDFLAGS_EX_BE
configure:18900: gcc -o conftest -Wall -Wmissing-prototypes -Wpointer-arith -Wdeclaration-after-statement -Werror=vla -Werror=unguarded-availability-new -Wendif-labels -Wmissing-format-attribute -Wcast-function-type -Wformat-security -Wmissing-variable-declarations -fno-strict-aliasing -fwrapv -Wno-unused-command-line-argument -Wno-compound-token-split-by-macro -O2 -isysroot /Library/Developer/CommandLineTools/SDKs/MacOSX13.3.sdk   -isysroot /Library/Developer/CommandLineTools/SDKs/MacOSX13.3.sdk   -Wl,-dead_strip_dylibs -Wl,-export_dynamic conftest.c -lz -lreadline -lm  >&5
conftest.c:133:33: warning: no previous extern declaration for non-static variable 'fptr' [-Wmissing-variable-declarations]
extern void readline (); void (*fptr) () = readline;
                                ^
conftest.c:133:26: note: declare 'static' if the variable is not intended to be used outside of this translation unit
extern void readline (); void (*fptr) () = readline;
                         ^
1 warning generated.
configure:18900: $? = 0
configure:18900: ./conftest
configure:18900: $? = 0
configure:18911: result: yes
configure:18961: using compiler=Apple clang version 14.0.3 (clang-1403.0.22.14.1)
configure:18963: using CFLAGS=-Wall -Wmissing-prototypes -Wpointer-arith -Wdeclaration-after-statement -Werror=vla -Werror=unguarded-availability-new -Wendif-labels -Wmissing-format-attribute -Wcast-function-type -Wformat-security -Wmissing-variable-declarations -fno-strict-aliasing -fwrapv -Wno-unused-command-line-argument -Wno-compound-token-split-by-macro -O2
configure:18965: using CPPFLAGS=-isysroot $(PG_SYSROOT)  
configure:18967: using LDFLAGS=-isysroot $(PG_SYSROOT)   -Wl,-dead_strip_dylibs
configure:18996: result: done
configure:19135: creating ./config.status

## ---------------------- ##
## Running config.status. ##
## ---------------------- ##

This file was extended by PostgreSQL config.status 18devel, which was
generated by GNU Autoconf 2.69.  Invocation command line was

  CONFIG_FILES    = 
  CONFIG_HEADERS  = 
  CONFIG_LINKS    = 
  CONFIG_COMMANDS = 
  $ ./config.status 

on Rijuls-MacBook-Air-4.local

config.status:1088: creating GNUmakefile
config.status:1088: creating src/Makefile.global
config.status:1088: creating src/include/pg_config.h
config.status:1088: creating src/interfaces/ecpg/include/ecpg_config.h
config.status:1280: linking ../src/backend/port/tas/dummy.s to src/backend/port/tas.s
config.status:1280: linking ../src/backend/port/sysv_sema.c to src/backend/port/pg_sema.c
config.status:1280: linking ../src/backend/port/sysv_shmem.c to src/backend/port/pg_shmem.c
config.status:1280: linking ../src/include/port/darwin.h to src/include/pg_config_os.h
config.status:1280: linking ../src/makefiles/Makefile.darwin to src/Makefile.port

## ---------------- ##
## Cache variables. ##
## ---------------- ##

ac_cv_alignof_PG_INT128_TYPE=16
ac_cv_alignof_double=8
ac_cv_alignof_int64_t=8
ac_cv_alignof_int=4
ac_cv_alignof_long=8
ac_cv_alignof_short=2
ac_cv_build=aarch64-apple-darwin24.0.0
ac_cv_c_bigendian=no
ac_cv_c_compiler_gnu=yes
ac_cv_c_decl_report=error
ac_cv_c_inline=inline
ac_cv_c_restrict=__restrict
ac_cv_cxx_compiler_gnu=yes
ac_cv_env_CCC_set=
ac_cv_env_CCC_value=
ac_cv_env_CC_set=
ac_cv_env_CC_value=
ac_cv_env_CFLAGS_set=
ac_cv_env_CFLAGS_value=
ac_cv_env_CLANG_set=
ac_cv_env_CLANG_value=
ac_cv_env_CPPFLAGS_set=
ac_cv_env_CPPFLAGS_value=
ac_cv_env_CPP_set=
ac_cv_env_CPP_value=
ac_cv_env_CXXFLAGS_set=
ac_cv_env_CXXFLAGS_value=
ac_cv_env_CXX_set=
ac_cv_env_CXX_value=
ac_cv_env_ICU_CFLAGS_set=
ac_cv_env_ICU_CFLAGS_value=
ac_cv_env_ICU_LIBS_set=
ac_cv_env_ICU_LIBS_value=
ac_cv_env_LDFLAGS_EX_set=
ac_cv_env_LDFLAGS_EX_value=
ac_cv_env_LDFLAGS_SL_set=
ac_cv_env_LDFLAGS_SL_value=
ac_cv_env_LDFLAGS_set=
ac_cv_env_LDFLAGS_value=
ac_cv_env_LIBCURL_CFLAGS_set=
ac_cv_env_LIBCURL_CFLAGS_value=
ac_cv_env_LIBCURL_LIBS_set=
ac_cv_env_LIBCURL_LIBS_value=
ac_cv_env_LIBS_set=
ac_cv_env_LIBS_value=
ac_cv_env_LLVM_CONFIG_set=
ac_cv_env_LLVM_CONFIG_value=
ac_cv_env_LZ4_CFLAGS_set=
ac_cv_env_LZ4_CFLAGS_value=
ac_cv_env_LZ4_LIBS_set=
ac_cv_env_LZ4_LIBS_value=
ac_cv_env_MSGFMT_set=
ac_cv_env_MSGFMT_value=
ac_cv_env_PERL_set=
ac_cv_env_PERL_value=
ac_cv_env_PG_TEST_EXTRA_set=
ac_cv_env_PG_TEST_EXTRA_value=
ac_cv_env_PKG_CONFIG_LIBDIR_set=
ac_cv_env_PKG_CONFIG_LIBDIR_value=
ac_cv_env_PKG_CONFIG_PATH_set=set
ac_cv_env_PKG_CONFIG_PATH_value=/opt/homebrew/opt/icu4c/lib/pkgconfig:/opt/homebrew/opt/libpq/lib/pkgconfig:
ac_cv_env_PKG_CONFIG_set=
ac_cv_env_PKG_CONFIG_value=
ac_cv_env_PYTHON_set=
ac_cv_env_PYTHON_value=
ac_cv_env_TCLSH_set=
ac_cv_env_TCLSH_value=
ac_cv_env_XML2_CFLAGS_set=
ac_cv_env_XML2_CFLAGS_value=
ac_cv_env_XML2_CONFIG_set=
ac_cv_env_XML2_CONFIG_value=
ac_cv_env_XML2_LIBS_set=
ac_cv_env_XML2_LIBS_value=
ac_cv_env_ZSTD_CFLAGS_set=
ac_cv_env_ZSTD_CFLAGS_value=
ac_cv_env_ZSTD_LIBS_set=
ac_cv_env_ZSTD_LIBS_value=
ac_cv_env_build_alias_set=
ac_cv_env_build_alias_value=
ac_cv_env_host_alias_set=
ac_cv_env_host_alias_value=
ac_cv_env_target_alias_set=
ac_cv_env_target_alias_value=
ac_cv_file__dev_urandom=yes
ac_cv_func_append_history=no
ac_cv_func_backtrace_symbols=yes
ac_cv_func_copy_file_range=no
ac_cv_func_copyfile=yes
ac_cv_func_elf_aux_info=no
ac_cv_func_explicit_bzero=no
ac_cv_func_getauxval=no
ac_cv_func_getifaddrs=yes
ac_cv_func_getopt=yes
ac_cv_func_getopt_long=yes
ac_cv_func_getpeereid=yes
ac_cv_func_getpeerucred=no
ac_cv_func_history_truncate_file=yes
ac_cv_func_inet_aton=yes
ac_cv_func_inet_pton=yes
ac_cv_func_kqueue=yes
ac_cv_func_mbstowcs_l=yes
ac_cv_func_memset_s=yes
ac_cv_func_mkdtemp=yes
ac_cv_func_posix_fadvise=no
ac_cv_func_posix_fallocate=no
ac_cv_func_ppoll=no
ac_cv_func_pthread_barrier_wait=no
ac_cv_func_pthread_is_threaded_np=yes
ac_cv_func_rl_completion_matches=yes
ac_cv_func_rl_filename_completion_function=yes
ac_cv_func_rl_reset_screen_size=no
ac_cv_func_rl_variable_bind=yes
ac_cv_func_setproctitle=no
ac_cv_func_setproctitle_fast=no
ac_cv_func_strchrnul=no
ac_cv_func_strerror_r=yes
ac_cv_func_strlcat=yes
ac_cv_func_strlcpy=yes
ac_cv_func_strnlen=yes
ac_cv_func_strsep=yes
ac_cv_func_strsignal=yes
ac_cv_func_sync_file_range=no
ac_cv_func_syncfs=no
ac_cv_func_syslog=yes
ac_cv_func_uselocale=yes
ac_cv_func_wcstombs_l=yes
ac_cv_have_decl_F_FULLFSYNC=yes
ac_cv_have_decl_fdatasync=no
ac_cv_have_decl_posix_fadvise=no
ac_cv_have_decl_preadv=yes
ac_cv_have_decl_pwritev=yes
ac_cv_have_decl_strlcat=yes
ac_cv_have_decl_strlcpy=yes
ac_cv_have_decl_strnlen=yes
ac_cv_have_decl_strsep=yes
ac_cv_header_atomic_h=no
ac_cv_header_copyfile_h=yes
ac_cv_header_execinfo_h=yes
ac_cv_header_getopt_h=yes
ac_cv_header_ifaddrs_h=yes
ac_cv_header_inttypes_h=yes
ac_cv_header_mbarrier_h=no
ac_cv_header_memory_h=yes
ac_cv_header_pthread_h=yes
ac_cv_header_readline_history_h=yes
ac_cv_header_readline_readline_h=yes
ac_cv_header_stdc=yes
ac_cv_header_stdint_h=yes
ac_cv_header_stdlib_h=yes
ac_cv_header_string_h=yes
ac_cv_header_strings_h=yes
ac_cv_header_sys_epoll_h=no
ac_cv_header_sys_event_h=yes
ac_cv_header_sys_personality_h=no
ac_cv_header_sys_prctl_h=no
ac_cv_header_sys_procctl_h=no
ac_cv_header_sys_signalfd_h=no
ac_cv_header_sys_stat_h=yes
ac_cv_header_sys_types_h=yes
ac_cv_header_sys_ucred_h=yes
ac_cv_header_syslog_h=yes
ac_cv_header_termios_h=yes
ac_cv_header_ucred_h=no
ac_cv_header_unicode_ucol_h=yes
ac_cv_header_unistd_h=yes
ac_cv_header_xlocale_h=yes
ac_cv_header_zlib_h=yes
ac_cv_host=aarch64-apple-darwin24.0.0
ac_cv_lib_m_main=yes
ac_cv_lib_z_inflate=yes
ac_cv_member_struct_sockaddr_sa_len=yes
ac_cv_member_struct_tm_tm_zone=yes
ac_cv_objext=o
ac_cv_path_BISON=/usr/bin/bison
ac_cv_path_EGREP='/usr/bin/grep -E'
ac_cv_path_FLEX=/usr/bin/flex
ac_cv_path_GREP=/usr/bin/grep
ac_cv_path_LZ4=/opt/local/bin/lz4
ac_cv_path_OPENSSL=/opt/local/bin/openssl
ac_cv_path_PERL=/usr/bin/perl
ac_cv_path_SED=/usr/bin/sed
ac_cv_path_TAR=/usr/bin/tar
ac_cv_path_XMLLINT=/usr/bin/xmllint
ac_cv_path_XSLTPROC=/usr/bin/xsltproc
ac_cv_path_ZSTD=/opt/local/bin/zstd
ac_cv_path_ac_pt_PKG_CONFIG=/opt/homebrew/bin/pkg-config
ac_cv_path_install='/opt/homebrew/bin/ginstall -c'
ac_cv_path_mkdir=/opt/homebrew/bin/gmkdir
ac_cv_prog_AWK=awk
ac_cv_prog_CPP='gcc -E'
ac_cv_prog_ac_ct_AR=ar
ac_cv_prog_ac_ct_CC=gcc
ac_cv_prog_ac_ct_CXX=g++
ac_cv_prog_ac_ct_STRIP=strip
ac_cv_prog_cc_c89=
ac_cv_prog_cc_c99=
ac_cv_prog_cc_g=yes
ac_cv_prog_cxx_g=yes
ac_cv_search_backtrace_symbols='none required'
ac_cv_search_clock_gettime='none required'
ac_cv_search_dlsym='none required'
ac_cv_search_getopt_long='none required'
ac_cv_search_pthread_barrier_wait=no
ac_cv_search_setproctitle=no
ac_cv_search_shm_open='none required'
ac_cv_search_shm_unlink='none required'
ac_cv_search_shmget='none required'
ac_cv_search_socket='none required'
ac_cv_sizeof_long=8
ac_cv_sizeof_long_long=8
ac_cv_sizeof_off_t=8
ac_cv_sizeof_size_t=8
ac_cv_sizeof_void_p=8
ac_cv_sys_file_offset_bits=no
ac_cv_sys_largefile_CC=no
ac_cv_sys_largefile_source=no
ac_cv_type_socklen_t=yes
ac_cv_type_struct_option=yes
ac_cv_type_union_semun=yes
ax_cv_PTHREAD_CLANG=yes
ax_cv_PTHREAD_CLANG_NO_WARN_FLAG=no
ax_cv_PTHREAD_JOINABLE_ATTR=PTHREAD_CREATE_JOINABLE
ax_cv_PTHREAD_PRIO_INHERIT=yes
ax_cv_PTHREAD_SPECIAL_FLAGS=no
pgac_cv__128bit_int=yes
pgac_cv__128bit_int_bug=ok
pgac_cv__builtin_bswap16=yes
pgac_cv__builtin_bswap32=yes
pgac_cv__builtin_bswap64=yes
pgac_cv__builtin_clz=yes
pgac_cv__builtin_constant_p=yes
pgac_cv__builtin_ctz=yes
pgac_cv__builtin_frame_address=yes
pgac_cv__builtin_op_overflow=yes
pgac_cv__builtin_popcount=yes
pgac_cv__builtin_unreachable=yes
pgac_cv__cpuid=no
pgac_cv__cpuidex=no
pgac_cv__get_cpuid=no
pgac_cv__get_cpuid_count=no
pgac_cv__static_assert=yes
pgac_cv__types_compatible=yes
pgac_cv_armv8_crc32c_intrinsics_=yes
pgac_cv_c_typeof=typeof
pgac_cv_check_readline=-lreadline
pgac_cv_computed_goto=yes
pgac_cv_func_strerror_r_int=yes
pgac_cv_gcc_atomic_int32_cas=yes
pgac_cv_gcc_atomic_int64_cas=yes
pgac_cv_gcc_sync_char_tas=yes
pgac_cv_gcc_sync_int32_cas=yes
pgac_cv_gcc_sync_int32_tas=yes
pgac_cv_gcc_sync_int64_cas=yes
pgac_cv_loongarch_crc32c_intrinsics=no
pgac_cv_printf_archetype=printf
pgac_cv_prog_CC_cflags__Wcast_function_type=yes
pgac_cv_prog_CC_cflags__Wcast_function_type_strict=no
pgac_cv_prog_CC_cflags__Wcompound_token_split_by_macro=yes
pgac_cv_prog_CC_cflags__Wdeclaration_after_statement=yes
pgac_cv_prog_CC_cflags__Wendif_labels=yes
pgac_cv_prog_CC_cflags__Werror_unguarded_availability_new=yes
pgac_cv_prog_CC_cflags__Werror_vla=yes
pgac_cv_prog_CC_cflags__Wformat_security=yes
pgac_cv_prog_CC_cflags__Wformat_truncation=no
pgac_cv_prog_CC_cflags__Wimplicit_fallthrough_3=no
pgac_cv_prog_CC_cflags__Wmissing_format_attribute=yes
pgac_cv_prog_CC_cflags__Wmissing_variable_declarations=yes
pgac_cv_prog_CC_cflags__Wshadow_compatible_local=no
pgac_cv_prog_CC_cflags__Wstringop_truncation=no
pgac_cv_prog_CC_cflags__Wunused_command_line_argument=yes
pgac_cv_prog_CC_cflags__fexcess_precision_standard=no
pgac_cv_prog_CC_cflags__fno_strict_aliasing=yes
pgac_cv_prog_CC_cflags__ftree_vectorize=yes
pgac_cv_prog_CC_cflags__funroll_loops=yes
pgac_cv_prog_CC_cflags__fvisibility_hidden=yes
pgac_cv_prog_CC_cflags__fwrapv=yes
pgac_cv_prog_CXX_cxxflags__Wcast_function_type=yes
pgac_cv_prog_CXX_cxxflags__Wendif_labels=yes
pgac_cv_prog_CXX_cxxflags__Werror_unguarded_availability_new=yes
pgac_cv_prog_CXX_cxxflags__Wformat_security=yes
pgac_cv_prog_CXX_cxxflags__Wimplicit_fallthrough_3=no
pgac_cv_prog_CXX_cxxflags__Wmissing_format_attribute=yes
pgac_cv_prog_CXX_cxxflags__Wshadow_compatible_local=no
pgac_cv_prog_CXX_cxxflags__fexcess_precision_standard=no
pgac_cv_prog_CXX_cxxflags__fno_strict_aliasing=yes
pgac_cv_prog_CXX_cxxflags__fvisibility_hidden=yes
pgac_cv_prog_CXX_cxxflags__fvisibility_inlines_hidden=yes
pgac_cv_prog_CXX_cxxflags__fwrapv=yes
pgac_cv_prog_cc_LDFLAGS_EX_BE__Wl___export_dynamic=no
pgac_cv_prog_cc_LDFLAGS_EX_BE__Wl__export_dynamic=yes
pgac_cv_prog_cc_LDFLAGS__Wl__dead_strip_dylibs=yes
pgac_cv_sse42_crc32_intrinsics=no
pgac_cv_var_int_opterr=yes
pgac_cv_var_int_optreset=yes
pgac_cv_var_int_timezone=yes
pgac_cv_var_rl_completion_suppress_quote=no
pgac_cv_var_rl_filename_quote_characters=no
pgac_cv_var_rl_filename_quoting_function=no
pgac_cv_xsave_intrinsics=no
pkg_cv_ICU_CFLAGS=-I/opt/homebrew/Cellar/icu4c@76/76.1_1/include
pkg_cv_ICU_LIBS='-L/opt/homebrew/Cellar/icu4c@76/76.1_1/lib -licuuc -licui18n'

## ----------------- ##
## Output variables. ##
## ----------------- ##

AR='ar'
AWK='awk'
BISON='/usr/bin/bison'
BISONFLAGS=''
BITCODE_CFLAGS=' -O2 '
BITCODE_CXXFLAGS=' -O2 '
CC='gcc'
CFLAGS='-Wall -Wmissing-prototypes -Wpointer-arith -Wdeclaration-after-statement -Werror=vla -Werror=unguarded-availability-new -Wendif-labels -Wmissing-format-attribute -Wcast-function-type -Wformat-security -Wmissing-variable-declarations -fno-strict-aliasing -fwrapv -Wno-unused-command-line-argument -Wno-compound-token-split-by-macro -O2'
CFLAGS_CRC=''
CFLAGS_SL=''
CFLAGS_SL_MODULE=' -fvisibility=hidden'
CFLAGS_UNROLL_LOOPS=' -funroll-loops'
CFLAGS_VECTORIZE=' -ftree-vectorize'
CLANG=''
CPP='gcc -E'
CPPFLAGS='-isysroot $(PG_SYSROOT)  '
CXX='g++'
CXXFLAGS='-Wall -Wpointer-arith -Werror=unguarded-availability-new -Wendif-labels -Wmissing-format-attribute -Wcast-function-type -Wformat-security -fno-strict-aliasing -fwrapv -O2'
CXXFLAGS_SL_MODULE=' -fvisibility=hidden -fvisibility-inlines-hidden'
DBTOEPUB=''
DEFS='-DHAVE_CONFIG_H'
DLSUFFIX='.dylib'
DTRACE=''
DTRACEFLAGS=''
ECHO_C='\c'
ECHO_N=''
ECHO_T=''
EGREP='/usr/bin/grep -E'
EXEEXT=''
FLEX='/usr/bin/flex'
FLEXFLAGS=''
FOP=''
GCC='yes'
GCOV=''
GENHTML=''
GREP='/usr/bin/grep'
ICU_CFLAGS='-I/opt/homebrew/Cellar/icu4c@76/76.1_1/include'
ICU_LIBS='-L/opt/homebrew/Cellar/icu4c@76/76.1_1/lib -licuuc -licui18n'
INSTALL_DATA='${INSTALL} -m 644'
INSTALL_PROGRAM='${INSTALL}'
INSTALL_SCRIPT='${INSTALL}'
LCOV=''
LDAP_LIBS_BE=''
LDAP_LIBS_FE=''
LDFLAGS='-isysroot $(PG_SYSROOT)   -Wl,-dead_strip_dylibs'
LDFLAGS_EX=''
LDFLAGS_EX_BE=' -Wl,-export_dynamic'
LDFLAGS_SL=''
LIBCURL_CFLAGS=''
LIBCURL_LIBS=''
LIBOBJS=' ${LIBOBJDIR}explicit_bzero$U.o ${LIBOBJDIR}pthread_barrier_wait$U.o'
LIBS='-lz -lreadline -lm '
LLVM_BINPATH=''
LLVM_CFLAGS=''
LLVM_CONFIG=''
LLVM_CPPFLAGS=''
LLVM_CXXFLAGS=''
LLVM_LIBS=''
LN_S='ln -s'
LTLIBOBJS=' ${LIBOBJDIR}explicit_bzero$U.lo ${LIBOBJDIR}pthread_barrier_wait$U.lo'
LZ4='/opt/local/bin/lz4'
LZ4_CFLAGS=''
LZ4_LIBS=''
MKDIR_P='/opt/homebrew/bin/gmkdir -p'
MSGFMT=''
MSGFMT_FLAGS=''
MSGMERGE=''
OBJEXT='o'
OPENSSL='/opt/local/bin/openssl'
PACKAGE_BUGREPORT='pgsql-bugs@lists.postgresql.org'
PACKAGE_NAME='PostgreSQL'
PACKAGE_STRING='PostgreSQL 18devel'
PACKAGE_TARNAME='postgresql'
PACKAGE_URL='https://www.postgresql.org/'
PACKAGE_VERSION='18devel'
PATH_SEPARATOR=':'
PERL='/usr/bin/perl'
PERMIT_DECLARATION_AFTER_STATEMENT='-Wno-declaration-after-statement'
PERMIT_MISSING_VARIABLE_DECLARATIONS='-Wno-missing-variable-declarations'
PG_CRC32C_OBJS='pg_crc32c_armv8.o'
PG_MAJORVERSION='18'
PG_SYSROOT='/Library/Developer/CommandLineTools/SDKs/MacOSX13.3.sdk'
PG_TEST_EXTRA=''
PG_VERSION_NUM='180000'
PKG_CONFIG='/opt/homebrew/bin/pkg-config'
PKG_CONFIG_LIBDIR=''
PKG_CONFIG_PATH='/opt/homebrew/opt/icu4c/lib/pkgconfig:/opt/homebrew/opt/libpq/lib/pkgconfig:'
PORTNAME='darwin'
PROVE=''
PTHREAD_CC='gcc'
PTHREAD_CFLAGS='-pthread -D_REENTRANT -D_THREAD_SAFE'
PTHREAD_LIBS=''
PYTHON=''
SED='/usr/bin/sed'
SHELL='/bin/sh'
STRIP='strip -x'
STRIP_SHARED_LIB='strip -x'
STRIP_STATIC_LIB='strip -x'
SUN_STUDIO_CC='no'
TAR='/usr/bin/tar'
TAS=''
TCLSH=''
TCL_CONFIG_SH=''
TCL_INCLUDE_SPEC=''
TCL_LIBS=''
TCL_LIB_SPEC=''
TCL_SHARED_BUILD=''
UUID_LIBS=''
WANTED_LANGUAGES=''
WINDRES=''
XGETTEXT=''
XML2_CFLAGS=''
XML2_CONFIG=''
XML2_LIBS=''
XMLLINT='/usr/bin/xmllint'
XSLTPROC='/usr/bin/xsltproc'
ZIC=''
ZSTD='/opt/local/bin/zstd'
ZSTD_CFLAGS=''
ZSTD_LIBS=''
ac_ct_CC='gcc'
ac_ct_CXX='g++'
autodepend=''
ax_pthread_config=''
bindir='${exec_prefix}/bin'
build='aarch64-apple-darwin24.0.0'
build_alias=''
build_cpu='aarch64'
build_os='darwin24.0.0'
build_vendor='apple'
datadir='${datarootdir}'
datarootdir='${prefix}/share'
default_port='5432'
docdir='${datarootdir}/doc/${PACKAGE_TARNAME}'
dvidir='${docdir}'
enable_coverage='no'
enable_debug='no'
enable_dtrace='no'
enable_injection_points='no'
enable_nls='no'
enable_rpath='yes'
enable_tap_tests='no'
exec_prefix='${prefix}'
host='aarch64-apple-darwin24.0.0'
host_alias=''
host_cpu='aarch64'
host_os='darwin24.0.0'
host_vendor='apple'
htmldir='${docdir}'
includedir='${prefix}/include'
infodir='${datarootdir}/info'
install_bin='/opt/homebrew/bin/ginstall -c'
krb_srvtab=''
libdir='${exec_prefix}/lib'
libexecdir='${exec_prefix}/libexec'
localedir='${datarootdir}/locale'
localstatedir='${prefix}/var'
mandir='${datarootdir}/man'
oldincludedir='/usr/include'
pdfdir='${docdir}'
perl_archlibexp=''
perl_embed_ccflags=''
perl_embed_ldflags=''
perl_includespec=''
perl_privlibexp=''
perl_useshrplib=''
prefix='/usr/local/pgsql'
program_transform_name='s,x,x,'
psdir='${docdir}'
python_additional_libs=''
python_includespec=''
python_libdir=''
python_libspec=''
python_majorversion=''
python_version=''
sbindir='${exec_prefix}/sbin'
sharedstatedir='${prefix}/com'
sysconfdir='${prefix}/etc'
target_alias=''
vpath_build='yes'
with_gssapi='no'
with_icu='yes'
with_krb_srvnam='postgres'
with_ldap='no'
with_libcurl='no'
with_libxml='no'
with_libxslt='no'
with_llvm='no'
with_lz4='no'
with_perl='no'
with_python='no'
with_readline='yes'
with_selinux='no'
with_ssl='no'
with_system_tzdata=''
with_systemd='no'
with_tcl='no'
with_uuid='no'
with_zlib='yes'
with_zstd='no'

## ----------- ##
## confdefs.h. ##
## ----------- ##

/* confdefs.h */
#define PACKAGE_NAME "PostgreSQL"
#define PACKAGE_TARNAME "postgresql"
#define PACKAGE_VERSION "18devel"
#define PACKAGE_STRING "PostgreSQL 18devel"
#define PACKAGE_BUGREPORT "pgsql-bugs@lists.postgresql.org"
#define PACKAGE_URL "https://www.postgresql.org/"
#define CONFIGURE_ARGS " 'PKG_CONFIG_PATH=/opt/homebrew/opt/icu4c/lib/pkgconfig:/opt/homebrew/opt/libpq/lib/pkgconfig:'"
#define PG_MAJORVERSION "18"
#define PG_MAJORVERSION_NUM 18
#define PG_MINORVERSION_NUM 0
#define PG_VERSION "18devel"
#define DEF_PGPORT 5432
#define DEF_PGPORT_STR "5432"
#define BLCKSZ 8192
#define RELSEG_SIZE 131072
#define XLOG_BLCKSZ 8192
#define HAVE_VISIBILITY_ATTRIBUTE 1
#define DLSUFFIX ".dylib"
#define USE_ICU 1
#define PG_KRB_SRVNAM "postgres"
#define STDC_HEADERS 1
#define HAVE_SYS_TYPES_H 1
#define HAVE_SYS_STAT_H 1
#define HAVE_STDLIB_H 1
#define HAVE_STRING_H 1
#define HAVE_MEMORY_H 1
#define HAVE_STRINGS_H 1
#define HAVE_INTTYPES_H 1
#define HAVE_STDINT_H 1
#define HAVE_UNISTD_H 1
#define HAVE_PTHREAD_PRIO_INHERIT 1
#define HAVE_PTHREAD 1
#define HAVE_STRERROR_R 1
#define STRERROR_R_INT 1
#define HAVE_LIBM 1
#define HAVE_LIBREADLINE 1
#define HAVE_LIBZ 1
#define HAVE_COPYFILE_H 1
#define HAVE_EXECINFO_H 1
#define HAVE_GETOPT_H 1
#define HAVE_IFADDRS_H 1
#define HAVE_SYS_EVENT_H 1
#define HAVE_SYS_UCRED_H 1
#define HAVE_TERMIOS_H 1
#define HAVE_XLOCALE_H 1
#define HAVE_READLINE_READLINE_H 1
#define HAVE_READLINE_HISTORY_H 1
#define PG_PRINTF_ATTRIBUTE printf
#define HAVE__STATIC_ASSERT 1
#define HAVE_TYPEOF 1
#define HAVE__BUILTIN_TYPES_COMPATIBLE_P 1
#define HAVE__BUILTIN_CONSTANT_P 1
#define HAVE__BUILTIN_OP_OVERFLOW 1
#define HAVE__BUILTIN_UNREACHABLE 1
#define HAVE_COMPUTED_GOTO 1
#define HAVE_STRUCT_TM_TM_ZONE 1
#define HAVE_UNION_SEMUN 1
#define HAVE_SOCKLEN_T 1
#define HAVE_STRUCT_SOCKADDR_SA_LEN 1
#define restrict __restrict
#define pg_restrict __restrict
#define HAVE_STRUCT_OPTION 1
#define SIZEOF_OFF_T 8
#define HAVE_INT_TIMEZONE 1
#define HAVE_BACKTRACE_SYMBOLS 1
#define HAVE_COPYFILE 1
#define HAVE_GETIFADDRS 1
#define HAVE_INET_PTON 1
#define HAVE_KQUEUE 1
#define HAVE_MBSTOWCS_L 1
#define HAVE_MEMSET_S 1
#define HAVE_PTHREAD_IS_THREADED_NP 1
#define HAVE_STRSIGNAL 1
#define HAVE_USELOCALE 1
#define HAVE_WCSTOMBS_L 1
#define HAVE__BUILTIN_BSWAP16 1
#define HAVE__BUILTIN_BSWAP32 1
#define HAVE__BUILTIN_BSWAP64 1
#define HAVE__BUILTIN_CLZ 1
#define HAVE__BUILTIN_CTZ 1
#define HAVE__BUILTIN_POPCOUNT 1
#define HAVE__BUILTIN_FRAME_ADDRESS 1
#define HAVE_FSEEKO 1
#define HAVE_DECL_POSIX_FADVISE 0
#define HAVE_DECL_FDATASYNC 0
#define HAVE_DECL_STRLCAT 1
#define HAVE_DECL_STRLCPY 1
#define HAVE_DECL_STRNLEN 1
#define HAVE_DECL_STRSEP 1
#define HAVE_DECL_PREADV 1
#define HAVE_DECL_PWRITEV 1
#define HAVE_DECL_F_FULLFSYNC 1
#define HAVE_GETOPT 1
#define HAVE_GETPEEREID 1
#define HAVE_INET_ATON 1
#define HAVE_MKDTEMP 1
#define HAVE_STRLCAT 1
#define HAVE_STRLCPY 1
#define HAVE_STRNLEN 1
#define HAVE_STRSEP 1
#define HAVE_GETOPT_LONG 1
#define HAVE_SYSLOG 1
#define HAVE_INT_OPTERR 1
#define HAVE_INT_OPTRESET 1
#define HAVE_HISTORY_TRUNCATE_FILE 1
#define HAVE_RL_COMPLETION_MATCHES 1
#define HAVE_RL_FILENAME_COMPLETION_FUNCTION 1
#define HAVE_RL_VARIABLE_BIND 1
#define SIZEOF_VOID_P 8
#define SIZEOF_SIZE_T 8
#define SIZEOF_LONG 8
#define SIZEOF_LONG_LONG 8
#define ALIGNOF_SHORT 2
#define ALIGNOF_INT 4
#define ALIGNOF_LONG 8
#define ALIGNOF_INT64_T 8
#define ALIGNOF_DOUBLE 8
#define MAXIMUM_ALIGNOF 8
#define PG_INT128_TYPE __int128
#define ALIGNOF_PG_INT128_TYPE 16
#define HAVE_GCC__SYNC_CHAR_TAS 1
#define HAVE_GCC__SYNC_INT32_TAS 1
#define HAVE_GCC__SYNC_INT32_CAS 1
#define HAVE_GCC__SYNC_INT64_CAS 1
#define HAVE_GCC__ATOMIC_INT32_CAS 1
#define HAVE_GCC__ATOMIC_INT64_CAS 1
#define USE_ARMV8_CRC32C 1
#define USE_SYSV_SEMAPHORES 1
#define USE_SYSV_SHARED_MEMORY 1
#define MEMSET_LOOP_LIMIT 1024
#define PG_VERSION_STR "PostgreSQL 18devel on aarch64-apple-darwin24.0.0, compiled by Apple clang version 14.0.3 (clang-1403.0.22.14.1), 64-bit"
#define PG_VERSION_NUM 180000

configure: exit 0
